file,manual_id
20210222T053000+0100_Short-term_Makokou__t00269s__conf0.66.wav,Noise
20210222T060000+0100_Short-term_Makokou__t00647s__conf0.52.wav,Noise
20210222T060000+0100_Short-term_Makokou__t00764s__conf0.53.wav,Noise
20210222T060000+0100_Short-term_Makokou__t00766s__conf0.52.wav,Noise
20210222T060000+0100_Short-term_Makokou__t00988s__conf0.58.wav,Noise
20210222T060000+0100_Short-term_Makokou__t00999s__conf0.59.wav,Noise
20210222T060000+0100_Short-term_Makokou__t01040s__conf0.61.wav,Noise
20210222T060000+0100_Short-term_Makokou__t01489s__conf0.75.wav,Noise
20210222T063000+0100_Short-term_Makokou__t01073s__conf0.57.wav,Noise
20210222T063000+0100_Short-term_Makokou__t01101s__conf0.53.wav,Noise
20210222T063000+0100_Short-term_Makokou__t01125s__conf0.56.wav,Noise
20210222T063000+0100_Short-term_Makokou__t01280s__conf0.50.wav,Noise
20210222T063000+0100_Short-term_Makokou__t01306s__conf0.50.wav,Noise
20210222T063000+0100_Short-term_Makokou__t01307s__conf0.65.wav,Noise
20210222T063000+0100_Short-term_Makokou__t01325s__conf0.58.wav,Noise
20210222T063000+0100_Short-term_Makokou__t01428s__conf0.69.wav,Noise
20210222T063000+0100_Short-term_Makokou__t01483s__conf0.51.wav,Noise
20210222T070000+0100_Short-term_Makokou__t00203s__conf0.79.wav,Noise
20210222T070000+0100_Short-term_Makokou__t00204s__conf0.83.wav,Noise
20210222T070000+0100_Short-term_Makokou__t00522s__conf0.50.wav,Noise
20210222T070000+0100_Short-term_Makokou__t00699s__conf0.65.wav,Noise
20210222T070000+0100_Short-term_Makokou__t00713s__conf0.67.wav,Noise
20210222T070000+0100_Short-term_Makokou__t00714s__conf0.64.wav,Noise
20210222T070000+0100_Short-term_Makokou__t00724s__conf0.55.wav,Noise
20210222T070000+0100_Short-term_Makokou__t00732s__conf0.64.wav,Noise
20210222T070000+0100_Short-term_Makokou__t00733s__conf0.57.wav,Noise
20210222T070000+0100_Short-term_Makokou__t00761s__conf0.55.wav,Noise
20210222T070000+0100_Short-term_Makokou__t00764s__conf0.69.wav,Noise
20210222T070000+0100_Short-term_Makokou__t00765s__conf0.61.wav,Noise
20210222T070000+0100_Short-term_Makokou__t00766s__conf0.75.wav,Noise
20210222T070000+0100_Short-term_Makokou__t00772s__conf0.54.wav,Noise
20210222T070000+0100_Short-term_Makokou__t01265s__conf0.69.wav,Noise
20210222T070000+0100_Short-term_Makokou__t01270s__conf0.71.wav,Noise
20210222T070000+0100_Short-term_Makokou__t01302s__conf0.54.wav,Noise
20210222T070000+0100_Short-term_Makokou__t01310s__conf0.59.wav,Noise
20210222T070000+0100_Short-term_Makokou__t01314s__conf0.73.wav,Noise
20210222T070000+0100_Short-term_Makokou__t01348s__conf0.55.wav,Noise
20210222T070000+0100_Short-term_Makokou__t01357s__conf0.71.wav,Noise
20210222T070000+0100_Short-term_Makokou__t01374s__conf0.59.wav,Noise
20210222T070000+0100_Short-term_Makokou__t01375s__conf0.65.wav,Noise
20210222T070000+0100_Short-term_Makokou__t01412s__conf0.54.wav,Noise
20210222T070000+0100_Short-term_Makokou__t01646s__conf0.70.wav,Noise
20210222T070000+0100_Short-term_Makokou__t01647s__conf0.81.wav,Noise
20210222T073000+0100_Short-term_Makokou__t00037s__conf0.50.wav,Noise
20210222T073000+0100_Short-term_Makokou__t00220s__conf0.63.wav,Noise
20210222T073000+0100_Short-term_Makokou__t00245s__conf0.64.wav,Noise
20210222T073000+0100_Short-term_Makokou__t00246s__conf0.63.wav,Noise
20210222T073000+0100_Short-term_Makokou__t00246s__conf0.90.wav,Noise
20210222T073000+0100_Short-term_Makokou__t00247s__conf0.81.wav,Noise
20210222T073000+0100_Short-term_Makokou__t00248s__conf0.69.wav,Noise
20210222T073000+0100_Short-term_Makokou__t00258s__conf0.67.wav,Noise
20210222T073000+0100_Short-term_Makokou__t00258s__conf0.89.wav,Noise
20210222T073000+0100_Short-term_Makokou__t00259s__conf0.85.wav,Noise
20210222T073000+0100_Short-term_Makokou__t00260s__conf0.70.wav,Noise
20210222T073000+0100_Short-term_Makokou__t00260s__conf0.95.wav,Noise
20210222T073000+0100_Short-term_Makokou__t00261s__conf0.73.wav,Noise
20210222T073000+0100_Short-term_Makokou__t00267s__conf0.53.wav,Noise
20210222T073000+0100_Short-term_Makokou__t00271s__conf0.52.wav,Noise
20210222T073000+0100_Short-term_Makokou__t00272s__conf0.88.wav,Noise
20210222T073000+0100_Short-term_Makokou__t00278s__conf0.62.wav,Noise
20210222T073000+0100_Short-term_Makokou__t00279s__conf0.77.wav,Noise
20210222T073000+0100_Short-term_Makokou__t00280s__conf0.74.wav,Noise
20210222T073000+0100_Short-term_Makokou__t00281s__conf0.73.wav,Noise
20210222T073000+0100_Short-term_Makokou__t00282s__conf0.50.wav,Noise
20210222T073000+0100_Short-term_Makokou__t00288s__conf0.66.wav,Noise
20210222T073000+0100_Short-term_Makokou__t00290s__conf0.65.wav,Noise
20210222T073000+0100_Short-term_Makokou__t00291s__conf0.73.wav,Noise
20210222T073000+0100_Short-term_Makokou__t00292s__conf0.76.wav,Noise
20210222T073000+0100_Short-term_Makokou__t00300s__conf0.77.wav,Noise
20210222T073000+0100_Short-term_Makokou__t00302s__conf0.59.wav,Noise
20210222T073000+0100_Short-term_Makokou__t00309s__conf0.51.wav,Noise
20210222T073000+0100_Short-term_Makokou__t00310s__conf0.59.wav,Noise
20210222T073000+0100_Short-term_Makokou__t00319s__conf0.76.wav,Noise
20210222T073000+0100_Short-term_Makokou__t00320s__conf0.65.wav,Noise
20210222T073000+0100_Short-term_Makokou__t00321s__conf0.77.wav,Noise
20210222T073000+0100_Short-term_Makokou__t00322s__conf0.79.wav,Noise
20210222T073000+0100_Short-term_Makokou__t00323s__conf0.94.wav,Noise
20210222T073000+0100_Short-term_Makokou__t00378s__conf0.53.wav,Noise
20210222T073000+0100_Short-term_Makokou__t00456s__conf0.52.wav,Noise
20210222T073000+0100_Short-term_Makokou__t00517s__conf0.68.wav,Noise
20210222T073000+0100_Short-term_Makokou__t00619s__conf0.68.wav,Noise
20210222T073000+0100_Short-term_Makokou__t00856s__conf0.57.wav,Noise
20210222T073000+0100_Short-term_Makokou__t01460s__conf0.64.wav,Noise
20210222T073000+0100_Short-term_Makokou__t01605s__conf0.51.wav,Noise
20210222T073000+0100_Short-term_Makokou__t01606s__conf0.55.wav,Noise
20210222T073000+0100_Short-term_Makokou__t01669s__conf0.72.wav,Noise
20210222T073000+0100_Short-term_Makokou__t01670s__conf0.85.wav,Noise
20210222T073000+0100_Short-term_Makokou__t01756s__conf0.88.wav,Noise
20210222T080000+0100_Short-term_Makokou__t00203s__conf0.67.wav,Noise
20210222T080000+0100_Short-term_Makokou__t00215s__conf0.50.wav,Noise
20210222T080000+0100_Short-term_Makokou__t00216s__conf0.63.wav,Noise
20210222T080000+0100_Short-term_Makokou__t00216s__conf0.81.wav,Noise
20210222T080000+0100_Short-term_Makokou__t00327s__conf0.61.wav,Noise
20210222T080000+0100_Short-term_Makokou__t00416s__conf0.72.wav,Noise
20210222T080000+0100_Short-term_Makokou__t00439s__conf0.52.wav,Noise
20210222T080000+0100_Short-term_Makokou__t00818s__conf0.63.wav,Noise
20210222T080000+0100_Short-term_Makokou__t00862s__conf0.57.wav,Noise
20210222T080000+0100_Short-term_Makokou__t00872s__conf0.52.wav,Noise
20210222T080000+0100_Short-term_Makokou__t00873s__conf0.64.wav,Noise
20210222T080000+0100_Short-term_Makokou__t00952s__conf0.86.wav,Noise
20210222T080000+0100_Short-term_Makokou__t00953s__conf0.75.wav,Noise
20210222T080000+0100_Short-term_Makokou__t00953s__conf0.97.wav,Noise
20210222T080000+0100_Short-term_Makokou__t00988s__conf0.67.wav,Noise
20210222T080000+0100_Short-term_Makokou__t01095s__conf0.54.wav,Noise
20210222T080000+0100_Short-term_Makokou__t01105s__conf0.73.wav,Noise
20210222T080000+0100_Short-term_Makokou__t01298s__conf0.50.wav,Noise
20210222T080000+0100_Short-term_Makokou__t01299s__conf0.52.wav,Noise
20210222T080000+0100_Short-term_Makokou__t01361s__conf0.58.wav,Noise
20210222T080000+0100_Short-term_Makokou__t01382s__conf0.73.wav,Noise
20210222T080000+0100_Short-term_Makokou__t01383s__conf0.84.wav,Noise
20210222T080000+0100_Short-term_Makokou__t01429s__conf0.59.wav,Noise
20210222T080000+0100_Short-term_Makokou__t01448s__conf0.70.wav,Noise
20210222T080000+0100_Short-term_Makokou__t01449s__conf0.55.wav,Noise
20210222T080000+0100_Short-term_Makokou__t01490s__conf0.86.wav,Noise
20210222T080000+0100_Short-term_Makokou__t01491s__conf0.62.wav,Noise
20210222T080000+0100_Short-term_Makokou__t01507s__conf0.54.wav,Noise
20210222T080000+0100_Short-term_Makokou__t01565s__conf0.60.wav,Noise
20210222T080000+0100_Short-term_Makokou__t01566s__conf0.51.wav,Noise
20210222T080000+0100_Short-term_Makokou__t01572s__conf0.53.wav,Noise
20210222T080000+0100_Short-term_Makokou__t01618s__conf0.55.wav,Noise
20210222T080000+0100_Short-term_Makokou__t01628s__conf0.73.wav,Noise
20210222T080000+0100_Short-term_Makokou__t01629s__conf0.85.wav,Noise
20210222T080000+0100_Short-term_Makokou__t01652s__conf0.73.wav,Noise
20210222T080000+0100_Short-term_Makokou__t01652s__conf0.77.wav,Noise
20210222T080000+0100_Short-term_Makokou__t01658s__conf0.69.wav,Noise
20210222T080000+0100_Short-term_Makokou__t01659s__conf0.80.wav,Noise
20210222T083000+0100_Short-term_Makokou__t00023s__conf0.75.wav,Noise
20210222T083000+0100_Short-term_Makokou__t00245s__conf0.52.wav,Noise
20210222T083000+0100_Short-term_Makokou__t00245s__conf0.83.wav,Noise
20210222T083000+0100_Short-term_Makokou__t00488s__conf0.63.wav,Noise
20210222T083000+0100_Short-term_Makokou__t00489s__conf0.52.wav,Noise
20210222T083000+0100_Short-term_Makokou__t00489s__conf0.87.wav,Noise
20210222T083000+0100_Short-term_Makokou__t00490s__conf0.71.wav,Noise
20210222T083000+0100_Short-term_Makokou__t00706s__conf0.55.wav,Noise
20210222T083000+0100_Short-term_Makokou__t00886s__conf0.52.wav,Noise
20210222T083000+0100_Short-term_Makokou__t01033s__conf0.49.wav,Noise
20210222T083000+0100_Short-term_Makokou__t01063s__conf0.60.wav,Noise
20210222T083000+0100_Short-term_Makokou__t01082s__conf0.66.wav,Noise
20210222T083000+0100_Short-term_Makokou__t01083s__conf0.56.wav,Noise
20210222T083000+0100_Short-term_Makokou__t01084s__conf0.64.wav,Noise
20210222T083000+0100_Short-term_Makokou__t01159s__conf0.65.wav,Noise
20210222T083000+0100_Short-term_Makokou__t01160s__conf0.76.wav,Noise
20210222T083000+0100_Short-term_Makokou__t01203s__conf0.51.wav,Noise
20210222T083000+0100_Short-term_Makokou__t01208s__conf0.61.wav,Noise
20210222T083000+0100_Short-term_Makokou__t01332s__conf0.88.wav,Noise
20210222T083000+0100_Short-term_Makokou__t01333s__conf0.72.wav,Noise
20210222T083000+0100_Short-term_Makokou__t01414s__conf0.53.wav,Noise
20210222T083000+0100_Short-term_Makokou__t01482s__conf0.84.wav,Noise
20210222T083000+0100_Short-term_Makokou__t01547s__conf0.58.wav,Noise
20210222T083000+0100_Short-term_Makokou__t01548s__conf0.81.wav,Noise
20210222T083000+0100_Short-term_Makokou__t01617s__conf0.54.wav,Noise
20210222T083000+0100_Short-term_Makokou__t01725s__conf0.53.wav,Noise
20210222T083000+0100_Short-term_Makokou__t01726s__conf0.66.wav,Noise
20210222T083000+0100_Short-term_Makokou__t01727s__conf0.57.wav,Noise
20210222T090000+0100_Short-term_Makokou__t00002s__conf0.60.wav,Noise
20210222T090000+0100_Short-term_Makokou__t00120s__conf0.71.wav,Noise
20210222T090000+0100_Short-term_Makokou__t00121s__conf0.88.wav,Noise
20210222T090000+0100_Short-term_Makokou__t00157s__conf0.56.wav,Noise
20210222T090000+0100_Short-term_Makokou__t00158s__conf0.79.wav,Noise
20210222T090000+0100_Short-term_Makokou__t00186s__conf0.51.wav,Noise
20210222T090000+0100_Short-term_Makokou__t00422s__conf0.72.wav,Noise
20210222T090000+0100_Short-term_Makokou__t00608s__conf0.69.wav,Noise
20210222T090000+0100_Short-term_Makokou__t00627s__conf0.70.wav,Noise
20210222T090000+0100_Short-term_Makokou__t00631s__conf0.66.wav,Noise
20210222T090000+0100_Short-term_Makokou__t00646s__conf0.61.wav,Noise
20210222T090000+0100_Short-term_Makokou__t00674s__conf0.57.wav,Noise
20210222T090000+0100_Short-term_Makokou__t00678s__conf0.55.wav,Noise
20210222T090000+0100_Short-term_Makokou__t00722s__conf0.72.wav,Noise
20210222T090000+0100_Short-term_Makokou__t00966s__conf0.61.wav,Noise
20210222T090000+0100_Short-term_Makokou__t00967s__conf0.67.wav,Noise
20210222T090000+0100_Short-term_Makokou__t00972s__conf0.65.wav,Noise
20210222T090000+0100_Short-term_Makokou__t01171s__conf0.59.wav,Noise
20210222T090000+0100_Short-term_Makokou__t01172s__conf0.61.wav,Noise
20210222T090000+0100_Short-term_Makokou__t01206s__conf0.64.wav,Noise
20210222T090000+0100_Short-term_Makokou__t01208s__conf0.52.wav,Noise
20210222T090000+0100_Short-term_Makokou__t01210s__conf0.58.wav,Noise
20210222T090000+0100_Short-term_Makokou__t01211s__conf0.60.wav,Noise
20210222T090000+0100_Short-term_Makokou__t01212s__conf0.58.wav,Noise
20210222T090000+0100_Short-term_Makokou__t01216s__conf0.60.wav,Noise
20210222T090000+0100_Short-term_Makokou__t01217s__conf0.53.wav,Noise
20210222T090000+0100_Short-term_Makokou__t01353s__conf0.74.wav,Noise
20210222T090000+0100_Short-term_Makokou__t01354s__conf0.77.wav,Noise
20210222T090000+0100_Short-term_Makokou__t01492s__conf0.69.wav,Noise
20210222T090000+0100_Short-term_Makokou__t01493s__conf0.83.wav,Noise
20210222T090000+0100_Short-term_Makokou__t01515s__conf0.54.wav,Noise
20210222T090000+0100_Short-term_Makokou__t01516s__conf0.51.wav,Noise
20210222T090000+0100_Short-term_Makokou__t01516s__conf0.91.wav,Noise
20210222T090000+0100_Short-term_Makokou__t01517s__conf0.89.wav,Noise
20210222T090000+0100_Short-term_Makokou__t01519s__conf0.53.wav,Noise
20210222T090000+0100_Short-term_Makokou__t01520s__conf0.64.wav,Noise
20210222T090000+0100_Short-term_Makokou__t01521s__conf0.76.wav,Noise
20210222T090000+0100_Short-term_Makokou__t01522s__conf0.56.wav,Noise
20210222T090000+0100_Short-term_Makokou__t01548s__conf0.73.wav,Noise
20210222T090000+0100_Short-term_Makokou__t01555s__conf0.60.wav,Noise
20210222T090000+0100_Short-term_Makokou__t01556s__conf0.50.wav,Noise
20210222T090000+0100_Short-term_Makokou__t01556s__conf0.85.wav,Noise
20210222T090000+0100_Short-term_Makokou__t01558s__conf0.69.wav,Noise
20210222T090000+0100_Short-term_Makokou__t01559s__conf0.83.wav,Noise
20210222T090000+0100_Short-term_Makokou__t01560s__conf0.64.wav,Noise
20210222T090000+0100_Short-term_Makokou__t01574s__conf0.71.wav,Noise
20210222T090000+0100_Short-term_Makokou__t01575s__conf0.58.wav,Noise
20210222T090000+0100_Short-term_Makokou__t01575s__conf0.89.wav,Noise
20210222T090000+0100_Short-term_Makokou__t01576s__conf0.85.wav,Noise
20210222T090000+0100_Short-term_Makokou__t01577s__conf0.57.wav,Noise
20210222T090000+0100_Short-term_Makokou__t01599s__conf0.58.wav,Noise
20210222T090000+0100_Short-term_Makokou__t01624s__conf0.58.wav,Noise
20210222T090000+0100_Short-term_Makokou__t01667s__conf0.63.wav,Noise
20210222T090000+0100_Short-term_Makokou__t01697s__conf0.60.wav,Noise
20210222T090000+0100_Short-term_Makokou__t01698s__conf0.77.wav,Noise
20210222T090000+0100_Short-term_Makokou__t01700s__conf0.53.wav,Noise
20210222T090000+0100_Short-term_Makokou__t01701s__conf0.84.wav,Noise
20210222T093000+0100_Short-term_Makokou__t00965s__conf0.60.wav,Noise
20210222T093000+0100_Short-term_Makokou__t00966s__conf0.52.wav,Noise
20210222T093000+0100_Short-term_Makokou__t00967s__conf0.59.wav,Noise
20210222T093000+0100_Short-term_Makokou__t01027s__conf0.54.wav,Noise
20210222T093000+0100_Short-term_Makokou__t01042s__conf0.60.wav,Noise
20210222T093000+0100_Short-term_Makokou__t01163s__conf0.55.wav,Noise
20210222T093000+0100_Short-term_Makokou__t01164s__conf0.51.wav,Noise
20210222T093000+0100_Short-term_Makokou__t01206s__conf0.90.wav,Noise
20210222T093000+0100_Short-term_Makokou__t01329s__conf0.65.wav,Noise
20210222T093000+0100_Short-term_Makokou__t01330s__conf0.86.wav,Noise
20210222T093000+0100_Short-term_Makokou__t01353s__conf0.54.wav,Noise
20210222T093000+0100_Short-term_Makokou__t01367s__conf0.73.wav,Noise
20210222T093000+0100_Short-term_Makokou__t01385s__conf0.65.wav,Noise
20210222T093000+0100_Short-term_Makokou__t01480s__conf0.59.wav,Noise
20210222T093000+0100_Short-term_Makokou__t01481s__conf0.70.wav,Noise
20210222T093000+0100_Short-term_Makokou__t01701s__conf0.80.wav,Noise
20210222T100000+0100_Short-term_Makokou__t00023s__conf0.62.wav,Noise
20210222T100000+0100_Short-term_Makokou__t00026s__conf0.70.wav,Noise
20210222T100000+0100_Short-term_Makokou__t00028s__conf0.64.wav,Noise
20210222T100000+0100_Short-term_Makokou__t00105s__conf0.87.wav,Noise
20210222T100000+0100_Short-term_Makokou__t00106s__conf0.52.wav,Noise
20210222T100000+0100_Short-term_Makokou__t00108s__conf0.60.wav,Noise
20210222T100000+0100_Short-term_Makokou__t00122s__conf0.54.wav,Noise
20210222T100000+0100_Short-term_Makokou__t00123s__conf0.60.wav,Noise
20210222T100000+0100_Short-term_Makokou__t00342s__conf0.66.wav,Noise
20210222T100000+0100_Short-term_Makokou__t00669s__conf0.59.wav,Noise
20210222T100000+0100_Short-term_Makokou__t00836s__conf0.64.wav,Noise
20210222T100000+0100_Short-term_Makokou__t00837s__conf0.77.wav,Noise
20210222T100000+0100_Short-term_Makokou__t00850s__conf0.57.wav,Noise
20210222T100000+0100_Short-term_Makokou__t00998s__conf0.70.wav,Noise
20210222T100000+0100_Short-term_Makokou__t00999s__conf0.82.wav,Noise
20210222T100000+0100_Short-term_Makokou__t01021s__conf0.60.wav,Noise
20210222T100000+0100_Short-term_Makokou__t01223s__conf0.54.wav,Noise
20210222T100000+0100_Short-term_Makokou__t01506s__conf0.60.wav,Noise
20210222T100000+0100_Short-term_Makokou__t01557s__conf0.59.wav,Noise
20210222T103000+0100_Short-term_Makokou__t00070s__conf0.68.wav,Noise
20210222T103000+0100_Short-term_Makokou__t00071s__conf0.75.wav,Noise
20210222T103000+0100_Short-term_Makokou__t00074s__conf0.56.wav,Noise
20210222T103000+0100_Short-term_Makokou__t00093s__conf0.76.wav,Noise
20210222T103000+0100_Short-term_Makokou__t00104s__conf0.74.wav,Noise
20210222T103000+0100_Short-term_Makokou__t00105s__conf0.80.wav,Noise
20210222T103000+0100_Short-term_Makokou__t00163s__conf0.54.wav,Noise
20210222T103000+0100_Short-term_Makokou__t00163s__conf0.88.wav,Noise
20210222T103000+0100_Short-term_Makokou__t00164s__conf0.75.wav,Noise
20210223T053000+0100_Short-term_Makokou__t00210s__conf0.73.wav,Noise
20210223T053000+0100_Short-term_Makokou__t00341s__conf0.89.wav,Noise
20210223T053000+0100_Short-term_Makokou__t00342s__conf0.83.wav,Noise
20210223T053000+0100_Short-term_Makokou__t00634s__conf0.59.wav,Noise
20210223T053000+0100_Short-term_Makokou__t00668s__conf0.74.wav,Noise
20210223T053000+0100_Short-term_Makokou__t00669s__conf0.83.wav,Noise
20210223T053000+0100_Short-term_Makokou__t00688s__conf0.55.wav,Noise
20210223T053000+0100_Short-term_Makokou__t01024s__conf0.55.wav,Noise
20210223T053000+0100_Short-term_Makokou__t01477s__conf0.56.wav,Noise
20210223T053000+0100_Short-term_Makokou__t01540s__conf0.69.wav,Noise
20210223T053000+0100_Short-term_Makokou__t01541s__conf0.72.wav,Noise
20210223T053000+0100_Short-term_Makokou__t01557s__conf0.61.wav,Noise
20210223T053000+0100_Short-term_Makokou__t01557s__conf0.65.wav,Noise
20210223T060000+0100_Short-term_Makokou__t00615s__conf0.77.wav,Noise
20210223T060000+0100_Short-term_Makokou__t00615s__conf0.90.wav,Noise
20210223T060000+0100_Short-term_Makokou__t00922s__conf0.60.wav,Noise
20210223T060000+0100_Short-term_Makokou__t00923s__conf0.61.wav,Noise
20210223T063000+0100_Short-term_Makokou__t00253s__conf0.62.wav,Noise
20210223T063000+0100_Short-term_Makokou__t00454s__conf0.51.wav,Noise
20210223T063000+0100_Short-term_Makokou__t00454s__conf0.81.wav,Noise
20210223T063000+0100_Short-term_Makokou__t01225s__conf0.65.wav,Noise
20210223T063000+0100_Short-term_Makokou__t01226s__conf0.71.wav,Noise
20210223T063000+0100_Short-term_Makokou__t01540s__conf0.59.wav,Noise
20210223T070000+0100_Short-term_Makokou__t00005s__conf0.72.wav,Noise
20210223T070000+0100_Short-term_Makokou__t00633s__conf0.50.wav,Noise
20210223T070000+0100_Short-term_Makokou__t00901s__conf0.82.wav,Noise
20210223T070000+0100_Short-term_Makokou__t00902s__conf0.73.wav,Noise
20210223T070000+0100_Short-term_Makokou__t00953s__conf0.65.wav,Noise
20210223T070000+0100_Short-term_Makokou__t01169s__conf0.50.wav,Noise
20210223T070000+0100_Short-term_Makokou__t01289s__conf0.88.wav,Noise
20210223T070000+0100_Short-term_Makokou__t01290s__conf0.92.wav,Noise
20210223T070000+0100_Short-term_Makokou__t01525s__conf0.72.wav,Noise
20210223T070000+0100_Short-term_Makokou__t01526s__conf0.69.wav,Noise
20210223T070000+0100_Short-term_Makokou__t01787s__conf0.55.wav,Noise
20210223T073000+0100_Short-term_Makokou__t00230s__conf0.51.wav,Noise
20210223T073000+0100_Short-term_Makokou__t00476s__conf0.51.wav,Noise
20210223T073000+0100_Short-term_Makokou__t00482s__conf0.56.wav,Noise
20210223T073000+0100_Short-term_Makokou__t00625s__conf0.57.wav,Noise
20210223T073000+0100_Short-term_Makokou__t00626s__conf0.72.wav,Noise
20210223T073000+0100_Short-term_Makokou__t00627s__conf0.68.wav,Noise
20210223T073000+0100_Short-term_Makokou__t00669s__conf0.52.wav,Noise
20210223T073000+0100_Short-term_Makokou__t00873s__conf0.53.wav,Noise
20210223T073000+0100_Short-term_Makokou__t01004s__conf0.68.wav,Noise
20210223T073000+0100_Short-term_Makokou__t01023s__conf0.61.wav,Noise
20210223T073000+0100_Short-term_Makokou__t01024s__conf0.51.wav,Noise
20210223T073000+0100_Short-term_Makokou__t01100s__conf0.58.wav,Noise
20210223T073000+0100_Short-term_Makokou__t01158s__conf0.77.wav,Noise
20210223T073000+0100_Short-term_Makokou__t01311s__conf0.51.wav,Noise
20210223T073000+0100_Short-term_Makokou__t01314s__conf0.75.wav,Noise
20210223T073000+0100_Short-term_Makokou__t01336s__conf0.54.wav,Noise
20210223T073000+0100_Short-term_Makokou__t01380s__conf0.64.wav,Noise
20210223T073000+0100_Short-term_Makokou__t01456s__conf0.51.wav,Noise
20210223T073000+0100_Short-term_Makokou__t01457s__conf0.76.wav,Noise
20210223T073000+0100_Short-term_Makokou__t01480s__conf0.75.wav,Noise
20210223T073000+0100_Short-term_Makokou__t01494s__conf0.52.wav,Noise
20210223T073000+0100_Short-term_Makokou__t01722s__conf0.56.wav,Noise
20210223T073000+0100_Short-term_Makokou__t01723s__conf0.67.wav,Noise
20210223T073000+0100_Short-term_Makokou__t01728s__conf0.57.wav,Noise
20210223T073000+0100_Short-term_Makokou__t01729s__conf0.61.wav,Noise
20210223T080000+0100_Short-term_Makokou__t00100s__conf0.52.wav,Noise
20210223T080000+0100_Short-term_Makokou__t00170s__conf0.65.wav,Noise
20210223T080000+0100_Short-term_Makokou__t00194s__conf0.60.wav,Noise
20210223T080000+0100_Short-term_Makokou__t00300s__conf0.52.wav,Noise
20210223T080000+0100_Short-term_Makokou__t00456s__conf0.52.wav,Noise
20210223T080000+0100_Short-term_Makokou__t00541s__conf0.48.wav,Noise
20210223T080000+0100_Short-term_Makokou__t00843s__conf0.71.wav,Noise
20210223T080000+0100_Short-term_Makokou__t00844s__conf0.67.wav,Noise
20210223T080000+0100_Short-term_Makokou__t00877s__conf0.51.wav,Noise
20210223T080000+0100_Short-term_Makokou__t00878s__conf0.68.wav,Noise
20210223T080000+0100_Short-term_Makokou__t01059s__conf0.66.wav,Noise
20210223T080000+0100_Short-term_Makokou__t01095s__conf0.61.wav,Noise
20210223T080000+0100_Short-term_Makokou__t01345s__conf0.56.wav,Noise
20210223T080000+0100_Short-term_Makokou__t01346s__conf0.63.wav,Noise
20210223T080000+0100_Short-term_Makokou__t01383s__conf0.69.wav,Noise
20210223T080000+0100_Short-term_Makokou__t01384s__conf0.66.wav,Noise
20210223T080000+0100_Short-term_Makokou__t01410s__conf0.58.wav,Noise
20210223T080000+0100_Short-term_Makokou__t01449s__conf0.54.wav,Noise
20210223T080000+0100_Short-term_Makokou__t01449s__conf0.89.wav,Noise
20210223T080000+0100_Short-term_Makokou__t01450s__conf0.54.wav,Noise
20210223T080000+0100_Short-term_Makokou__t01450s__conf0.97.wav,Noise
20210223T080000+0100_Short-term_Makokou__t01452s__conf0.64.wav,Noise
20210223T080000+0100_Short-term_Makokou__t01453s__conf0.70.wav,Noise
20210223T080000+0100_Short-term_Makokou__t01627s__conf0.63.wav,Noise
20210223T083000+0100_Short-term_Makokou__t00040s__conf0.68.wav,Noise
20210223T083000+0100_Short-term_Makokou__t00425s__conf0.55.wav,Noise
20210223T083000+0100_Short-term_Makokou__t00831s__conf0.50.wav,Noise
20210223T083000+0100_Short-term_Makokou__t00893s__conf0.61.wav,Noise
20210223T083000+0100_Short-term_Makokou__t00897s__conf0.55.wav,Noise
20210223T083000+0100_Short-term_Makokou__t00902s__conf0.79.wav,Noise
20210223T083000+0100_Short-term_Makokou__t00903s__conf0.58.wav,Noise
20210223T083000+0100_Short-term_Makokou__t00903s__conf0.95.wav,Noise
20210223T083000+0100_Short-term_Makokou__t00904s__conf0.83.wav,Noise
20210223T083000+0100_Short-term_Makokou__t00905s__conf0.87.wav,Noise
20210223T083000+0100_Short-term_Makokou__t00906s__conf0.91.wav,Noise
20210223T083000+0100_Short-term_Makokou__t00907s__conf0.91.wav,Noise
20210223T083000+0100_Short-term_Makokou__t00908s__conf0.89.wav,Noise
20210223T083000+0100_Short-term_Makokou__t00909s__conf0.92.wav,Noise
20210223T083000+0100_Short-term_Makokou__t00938s__conf0.56.wav,Noise
20210223T083000+0100_Short-term_Makokou__t00939s__conf0.75.wav,Noise
20210223T083000+0100_Short-term_Makokou__t00940s__conf0.87.wav,Noise
20210223T083000+0100_Short-term_Makokou__t00941s__conf0.77.wav,Noise
20210223T083000+0100_Short-term_Makokou__t00942s__conf0.58.wav,Noise
20210223T083000+0100_Short-term_Makokou__t01000s__conf0.51.wav,Noise
20210223T083000+0100_Short-term_Makokou__t01001s__conf0.76.wav,Noise
20210223T083000+0100_Short-term_Makokou__t01051s__conf0.74.wav,Noise
20210223T083000+0100_Short-term_Makokou__t01076s__conf0.81.wav,Noise
20210223T083000+0100_Short-term_Makokou__t01077s__conf0.86.wav,Noise
20210223T083000+0100_Short-term_Makokou__t01078s__conf0.81.wav,Noise
20210223T083000+0100_Short-term_Makokou__t01079s__conf0.68.wav,Noise
20210223T083000+0100_Short-term_Makokou__t01172s__conf0.61.wav,Noise
20210223T083000+0100_Short-term_Makokou__t01184s__conf0.79.wav,Noise
20210223T083000+0100_Short-term_Makokou__t01185s__conf0.57.wav,Noise
20210223T083000+0100_Short-term_Makokou__t01217s__conf0.80.wav,Noise
20210223T083000+0100_Short-term_Makokou__t01218s__conf0.78.wav,Noise
20210223T083000+0100_Short-term_Makokou__t01223s__conf0.68.wav,Noise
20210223T083000+0100_Short-term_Makokou__t01224s__conf0.62.wav,Noise
20210223T083000+0100_Short-term_Makokou__t01224s__conf0.66.wav,Noise
20210223T083000+0100_Short-term_Makokou__t01250s__conf0.55.wav,Noise
20210223T083000+0100_Short-term_Makokou__t01301s__conf0.93.wav,Noise
20210223T083000+0100_Short-term_Makokou__t01302s__conf0.65.wav,Noise
20210223T083000+0100_Short-term_Makokou__t01387s__conf0.61.wav,Noise
20210223T083000+0100_Short-term_Makokou__t01527s__conf0.53.wav,Noise
20210223T083000+0100_Short-term_Makokou__t01536s__conf0.62.wav,Noise
20210223T083000+0100_Short-term_Makokou__t01537s__conf0.83.wav,Noise
20210223T083000+0100_Short-term_Makokou__t01538s__conf0.65.wav,Noise
20210223T083000+0100_Short-term_Makokou__t01538s__conf0.90.wav,Noise
20210223T083000+0100_Short-term_Makokou__t01539s__conf0.87.wav,Noise
20210223T083000+0100_Short-term_Makokou__t01540s__conf0.80.wav,Noise
20210223T083000+0100_Short-term_Makokou__t01541s__conf0.82.wav,Noise
20210223T083000+0100_Short-term_Makokou__t01542s__conf0.62.wav,Noise
20210223T083000+0100_Short-term_Makokou__t01543s__conf0.78.wav,Noise
20210223T083000+0100_Short-term_Makokou__t01544s__conf0.75.wav,Noise
20210223T083000+0100_Short-term_Makokou__t01547s__conf0.71.wav,Noise
20210223T083000+0100_Short-term_Makokou__t01696s__conf0.58.wav,Noise
20210223T090000+0100_Short-term_Makokou__t00379s__conf0.94.wav,Noise
20210223T090000+0100_Short-term_Makokou__t00880s__conf0.67.wav,Noise
20210223T090000+0100_Short-term_Makokou__t01237s__conf0.72.wav,Noise
20210223T090000+0100_Short-term_Makokou__t01238s__conf0.73.wav,Noise
20210223T090000+0100_Short-term_Makokou__t01260s__conf0.57.wav,Noise
20210223T093000+0100_Short-term_Makokou__t00285s__conf0.54.wav,Noise
20210223T093000+0100_Short-term_Makokou__t00286s__conf0.65.wav,Noise
20210223T093000+0100_Short-term_Makokou__t00327s__conf0.70.wav,Noise
20210223T093000+0100_Short-term_Makokou__t00739s__conf0.64.wav,Noise
20210223T093000+0100_Short-term_Makokou__t00740s__conf0.61.wav,Noise
20210223T093000+0100_Short-term_Makokou__t01217s__conf0.62.wav,Noise
20210223T093000+0100_Short-term_Makokou__t01252s__conf0.51.wav,Noise
20210223T093000+0100_Short-term_Makokou__t01253s__conf0.68.wav,Noise
20210223T093000+0100_Short-term_Makokou__t01257s__conf0.51.wav,Noise
20210223T100000+0100_Short-term_Makokou__t00153s__conf0.66.wav,Noise
20210223T100000+0100_Short-term_Makokou__t00154s__conf0.51.wav,Noise
20210223T100000+0100_Short-term_Makokou__t00178s__conf0.55.wav,Noise
20210223T100000+0100_Short-term_Makokou__t00179s__conf0.83.wav,Noise
20210223T100000+0100_Short-term_Makokou__t01128s__conf0.67.wav,Noise
20210223T100000+0100_Short-term_Makokou__t01162s__conf0.63.wav,Noise
20210223T100000+0100_Short-term_Makokou__t01345s__conf0.61.wav,Noise
20210223T100000+0100_Short-term_Makokou__t01696s__conf0.55.wav,Noise
20210223T103000+0100_Short-term_Makokou__t00185s__conf0.65.wav,Noise
20210223T103000+0100_Short-term_Makokou__t00186s__conf0.80.wav,Noise
20210223T103000+0100_Short-term_Makokou__t00256s__conf0.61.wav,Noise
20210223T103000+0100_Short-term_Makokou__t00355s__conf0.60.wav,Noise
20210223T103000+0100_Short-term_Makokou__t00395s__conf0.61.wav,Noise
20210223T103000+0100_Short-term_Makokou__t00514s__conf0.82.wav,Noise
20210223T103000+0100_Short-term_Makokou__t00515s__conf0.56.wav,Noise
20210223T103000+0100_Short-term_Makokou__t00515s__conf0.92.wav,Noise
20210223T103000+0100_Short-term_Makokou__t00522s__conf0.58.wav,Noise
20210223T103000+0100_Short-term_Makokou__t00758s__conf0.51.wav,Noise
20210223T103000+0100_Short-term_Makokou__t00830s__conf0.59.wav,Noise
20210223T103000+0100_Short-term_Makokou__t00970s__conf0.50.wav,Noise
20210223T103000+0100_Short-term_Makokou__t01178s__conf0.52.wav,Noise
20210223T103000+0100_Short-term_Makokou__t01179s__conf0.81.wav,Noise
20210223T103000+0100_Short-term_Makokou__t01180s__conf0.94.wav,Noise
20210223T103000+0100_Short-term_Makokou__t01194s__conf0.56.wav,Noise
20210223T103000+0100_Short-term_Makokou__t01195s__conf0.60.wav,Noise
20210223T103000+0100_Short-term_Makokou__t01211s__conf0.60.wav,Noise
20210223T103000+0100_Short-term_Makokou__t01212s__conf0.63.wav,Noise
20210223T103000+0100_Short-term_Makokou__t01271s__conf0.52.wav,Noise
20210223T103000+0100_Short-term_Makokou__t01385s__conf0.63.wav,Noise
20210223T103000+0100_Short-term_Makokou__t01386s__conf0.82.wav,Noise
20210223T103000+0100_Short-term_Makokou__t01387s__conf0.51.wav,Noise
20210223T103000+0100_Short-term_Makokou__t01387s__conf0.83.wav,Noise
20210223T103000+0100_Short-term_Makokou__t01388s__conf0.79.wav,Noise
20210223T103000+0100_Short-term_Makokou__t01405s__conf0.63.wav,Noise
20210223T103000+0100_Short-term_Makokou__t01406s__conf0.86.wav,Noise
20210223T103000+0100_Short-term_Makokou__t01424s__conf0.76.wav,Noise
20210223T103000+0100_Short-term_Makokou__t01499s__conf0.58.wav,Noise
20210223T103000+0100_Short-term_Makokou__t01577s__conf0.56.wav,Noise
20210223T103000+0100_Short-term_Makokou__t01586s__conf0.56.wav,Noise
20210223T103000+0100_Short-term_Makokou__t01699s__conf0.81.wav,Noise
20210223T103000+0100_Short-term_Makokou__t01700s__conf0.50.wav,Noise
20210223T103000+0100_Short-term_Makokou__t01700s__conf0.88.wav,Noise
20210223T103000+0100_Short-term_Makokou__t01701s__conf0.74.wav,Noise
20210223T103000+0100_Short-term_Makokou__t01711s__conf0.51.wav,Noise
20210224T053000+0100_Short-term_Makokou__t00343s__conf0.52.wav,Noise
20210224T053000+0100_Short-term_Makokou__t00637s__conf0.72.wav,Noise
20210224T053000+0100_Short-term_Makokou__t00913s__conf0.51.wav,Noise
20210224T053000+0100_Short-term_Makokou__t00991s__conf0.54.wav,Noise
20210224T053000+0100_Short-term_Makokou__t01184s__conf0.69.wav,Noise
20210224T053000+0100_Short-term_Makokou__t01279s__conf0.62.wav,Noise
20210224T053000+0100_Short-term_Makokou__t01283s__conf0.64.wav,Noise
20210224T053000+0100_Short-term_Makokou__t01283s__conf0.83.wav,Noise
20210224T053000+0100_Short-term_Makokou__t01284s__conf0.74.wav,Noise
20210224T053000+0100_Short-term_Makokou__t01284s__conf0.87.wav,Noise
20210224T053000+0100_Short-term_Makokou__t01762s__conf0.51.wav,Noise
20210224T053000+0100_Short-term_Makokou__t01772s__conf0.67.wav,Noise
20210224T060000+0100_Short-term_Makokou__t00405s__conf0.51.wav,Noise
20210224T060000+0100_Short-term_Makokou__t00405s__conf0.81.wav,Noise
20210224T060000+0100_Short-term_Makokou__t00715s__conf0.54.wav,Noise
20210224T060000+0100_Short-term_Makokou__t01169s__conf0.73.wav,Noise
20210224T060000+0100_Short-term_Makokou__t01485s__conf0.61.wav,Noise
20210224T063000+0100_Short-term_Makokou__t00462s__conf0.59.wav,Noise
20210224T063000+0100_Short-term_Makokou__t00462s__conf0.81.wav,Noise
20210224T063000+0100_Short-term_Makokou__t00463s__conf0.53.wav,Noise
20210224T063000+0100_Short-term_Makokou__t00633s__conf0.68.wav,Noise
20210224T063000+0100_Short-term_Makokou__t00655s__conf0.70.wav,Noise
20210224T063000+0100_Short-term_Makokou__t00811s__conf0.67.wav,Noise
20210224T063000+0100_Short-term_Makokou__t01235s__conf0.50.wav,Noise
20210224T063000+0100_Short-term_Makokou__t01236s__conf0.49.wav,Noise
20210224T063000+0100_Short-term_Makokou__t01262s__conf0.92.wav,Noise
20210224T063000+0100_Short-term_Makokou__t01263s__conf0.50.wav,Noise
20210224T063000+0100_Short-term_Makokou__t01622s__conf0.49.wav,Noise
20210224T063000+0100_Short-term_Makokou__t01623s__conf0.75.wav,Noise
20210224T063000+0100_Short-term_Makokou__t01624s__conf0.73.wav,Noise
20210224T063000+0100_Short-term_Makokou__t01627s__conf0.66.wav,Noise
20210224T063000+0100_Short-term_Makokou__t01655s__conf0.59.wav,Noise
20210224T070000+0100_Short-term_Makokou__t00129s__conf0.66.wav,Noise
20210224T070000+0100_Short-term_Makokou__t00213s__conf0.69.wav,Noise
20210224T070000+0100_Short-term_Makokou__t00214s__conf0.82.wav,Noise
20210224T070000+0100_Short-term_Makokou__t00288s__conf0.77.wav,Noise
20210224T070000+0100_Short-term_Makokou__t00289s__conf0.84.wav,Noise
20210224T070000+0100_Short-term_Makokou__t00499s__conf0.86.wav,Noise
20210224T070000+0100_Short-term_Makokou__t00500s__conf0.69.wav,Noise
20210224T070000+0100_Short-term_Makokou__t00711s__conf0.82.wav,Noise
20210224T070000+0100_Short-term_Makokou__t01119s__conf0.59.wav,Noise
20210224T070000+0100_Short-term_Makokou__t01120s__conf0.80.wav,Noise
20210224T070000+0100_Short-term_Makokou__t01131s__conf0.55.wav,Noise
20210224T070000+0100_Short-term_Makokou__t01132s__conf0.68.wav,Noise
20210224T070000+0100_Short-term_Makokou__t01243s__conf0.65.wav,Noise
20210224T070000+0100_Short-term_Makokou__t01288s__conf0.70.wav,Noise
20210224T070000+0100_Short-term_Makokou__t01289s__conf0.83.wav,Noise
20210224T070000+0100_Short-term_Makokou__t01360s__conf0.60.wav,Noise
20210224T070000+0100_Short-term_Makokou__t01365s__conf0.52.wav,Noise
20210224T070000+0100_Short-term_Makokou__t01714s__conf0.66.wav,Noise
20210224T073000+0100_Short-term_Makokou__t00166s__conf0.50.wav,Noise
20210224T073000+0100_Short-term_Makokou__t00193s__conf0.52.wav,C nictitans
20210224T073000+0100_Short-term_Makokou__t00373s__conf0.64.wav,Noise
20210224T073000+0100_Short-term_Makokou__t00374s__conf0.89.wav,Noise
20210224T073000+0100_Short-term_Makokou__t00375s__conf0.74.wav,Noise
20210224T073000+0100_Short-term_Makokou__t00380s__conf0.59.wav,Noise
20210224T073000+0100_Short-term_Makokou__t00383s__conf0.56.wav,Noise
20210224T073000+0100_Short-term_Makokou__t00391s__conf0.50.wav,Noise
20210224T073000+0100_Short-term_Makokou__t00392s__conf0.90.wav,Noise
20210224T073000+0100_Short-term_Makokou__t00393s__conf0.61.wav,Noise
20210224T073000+0100_Short-term_Makokou__t00394s__conf0.83.wav,Noise
20210224T073000+0100_Short-term_Makokou__t00400s__conf0.51.wav,Noise
20210224T073000+0100_Short-term_Makokou__t00401s__conf0.54.wav,Noise
20210224T073000+0100_Short-term_Makokou__t00403s__conf0.50.wav,Noise
20210224T073000+0100_Short-term_Makokou__t00404s__conf0.80.wav,Noise
20210224T073000+0100_Short-term_Makokou__t00410s__conf0.86.wav,Noise
20210224T073000+0100_Short-term_Makokou__t00411s__conf0.75.wav,Noise
20210224T073000+0100_Short-term_Makokou__t00415s__conf0.62.wav,Noise
20210224T073000+0100_Short-term_Makokou__t00416s__conf0.62.wav,Noise
20210224T073000+0100_Short-term_Makokou__t00419s__conf0.51.wav,Noise
20210224T073000+0100_Short-term_Makokou__t00423s__conf0.54.wav,Noise
20210224T073000+0100_Short-term_Makokou__t00424s__conf0.54.wav,Noise
20210224T073000+0100_Short-term_Makokou__t00437s__conf0.62.wav,Noise
20210224T073000+0100_Short-term_Makokou__t00438s__conf0.55.wav,Noise
20210224T073000+0100_Short-term_Makokou__t00439s__conf0.83.wav,Noise
20210224T073000+0100_Short-term_Makokou__t00442s__conf0.57.wav,Noise
20210224T073000+0100_Short-term_Makokou__t00583s__conf0.63.wav,Noise
20210224T073000+0100_Short-term_Makokou__t00584s__conf0.57.wav,Noise
20210224T073000+0100_Short-term_Makokou__t00604s__conf0.51.wav,Noise
20210224T073000+0100_Short-term_Makokou__t00683s__conf0.59.wav,Noise
20210224T073000+0100_Short-term_Makokou__t00691s__conf0.55.wav,Noise
20210224T073000+0100_Short-term_Makokou__t00701s__conf0.51.wav,Noise
20210224T073000+0100_Short-term_Makokou__t00703s__conf0.51.wav,Noise
20210224T073000+0100_Short-term_Makokou__t00704s__conf0.56.wav,Noise
20210224T073000+0100_Short-term_Makokou__t00705s__conf0.64.wav,Noise
20210224T073000+0100_Short-term_Makokou__t00707s__conf0.79.wav,Noise
20210224T073000+0100_Short-term_Makokou__t00708s__conf0.86.wav,Noise
20210224T073000+0100_Short-term_Makokou__t00709s__conf0.65.wav,Noise
20210224T073000+0100_Short-term_Makokou__t00710s__conf0.63.wav,Noise
20210224T073000+0100_Short-term_Makokou__t00717s__conf0.66.wav,Noise
20210224T073000+0100_Short-term_Makokou__t00718s__conf0.67.wav,Noise
20210224T073000+0100_Short-term_Makokou__t00723s__conf0.50.wav,Noise
20210224T073000+0100_Short-term_Makokou__t00735s__conf0.60.wav,Noise
20210224T073000+0100_Short-term_Makokou__t00736s__conf0.54.wav,Noise
20210224T073000+0100_Short-term_Makokou__t00738s__conf0.51.wav,Noise
20210224T073000+0100_Short-term_Makokou__t00744s__conf0.66.wav,Noise
20210224T073000+0100_Short-term_Makokou__t00748s__conf0.59.wav,Noise
20210224T073000+0100_Short-term_Makokou__t00749s__conf0.53.wav,Noise
20210224T073000+0100_Short-term_Makokou__t00750s__conf0.68.wav,Noise
20210224T073000+0100_Short-term_Makokou__t00753s__conf0.53.wav,Noise
20210224T073000+0100_Short-term_Makokou__t00753s__conf0.97.wav,Noise
20210224T073000+0100_Short-term_Makokou__t00754s__conf0.67.wav,Noise
20210224T073000+0100_Short-term_Makokou__t00754s__conf0.99.wav,Noise
20210224T073000+0100_Short-term_Makokou__t00755s__conf0.52.wav,Noise
20210224T073000+0100_Short-term_Makokou__t00756s__conf0.71.wav,Noise
20210224T073000+0100_Short-term_Makokou__t00757s__conf0.91.wav,Noise
20210224T073000+0100_Short-term_Makokou__t00758s__conf0.60.wav,Noise
20210224T073000+0100_Short-term_Makokou__t00759s__conf0.60.wav,Noise
20210224T073000+0100_Short-term_Makokou__t00761s__conf0.71.wav,Noise
20210224T073000+0100_Short-term_Makokou__t00763s__conf0.65.wav,Noise
20210224T073000+0100_Short-term_Makokou__t00764s__conf0.84.wav,Noise
20210224T073000+0100_Short-term_Makokou__t00765s__conf0.67.wav,Noise
20210224T073000+0100_Short-term_Makokou__t00766s__conf0.68.wav,Noise
20210224T073000+0100_Short-term_Makokou__t00797s__conf0.92.wav,Noise
20210224T073000+0100_Short-term_Makokou__t00798s__conf0.58.wav,Noise
20210224T073000+0100_Short-term_Makokou__t00824s__conf0.62.wav,Noise
20210224T073000+0100_Short-term_Makokou__t00839s__conf0.83.wav,Noise
20210224T073000+0100_Short-term_Makokou__t00844s__conf0.68.wav,Noise
20210224T073000+0100_Short-term_Makokou__t00879s__conf0.74.wav,Noise
20210224T073000+0100_Short-term_Makokou__t00880s__conf0.69.wav,Noise
20210224T073000+0100_Short-term_Makokou__t00880s__conf0.92.wav,Noise
20210224T073000+0100_Short-term_Makokou__t00895s__conf0.58.wav,Noise
20210224T073000+0100_Short-term_Makokou__t00896s__conf0.95.wav,Noise
20210224T073000+0100_Short-term_Makokou__t00983s__conf0.68.wav,Noise
20210224T073000+0100_Short-term_Makokou__t01010s__conf0.77.wav,Noise
20210224T073000+0100_Short-term_Makokou__t01025s__conf0.82.wav,Noise
20210224T073000+0100_Short-term_Makokou__t01030s__conf0.60.wav,Noise
20210224T073000+0100_Short-term_Makokou__t01035s__conf0.50.wav,Noise
20210224T073000+0100_Short-term_Makokou__t01043s__conf0.69.wav,Noise
20210224T073000+0100_Short-term_Makokou__t01049s__conf0.60.wav,Noise
20210224T073000+0100_Short-term_Makokou__t01054s__conf0.59.wav,Noise
20210224T073000+0100_Short-term_Makokou__t01057s__conf0.95.wav,Noise
20210224T073000+0100_Short-term_Makokou__t01058s__conf0.56.wav,Noise
20210224T073000+0100_Short-term_Makokou__t01059s__conf0.82.wav,Noise
20210224T073000+0100_Short-term_Makokou__t01060s__conf0.90.wav,Noise
20210224T073000+0100_Short-term_Makokou__t01061s__conf0.56.wav,Noise
20210224T073000+0100_Short-term_Makokou__t01063s__conf0.74.wav,Noise
20210224T073000+0100_Short-term_Makokou__t01064s__conf0.58.wav,Noise
20210224T073000+0100_Short-term_Makokou__t01065s__conf0.50.wav,Noise
20210224T073000+0100_Short-term_Makokou__t01070s__conf0.79.wav,Noise
20210224T073000+0100_Short-term_Makokou__t01071s__conf0.63.wav,Noise
20210224T073000+0100_Short-term_Makokou__t01072s__conf0.53.wav,Noise
20210224T073000+0100_Short-term_Makokou__t01091s__conf0.52.wav,Noise
20210224T073000+0100_Short-term_Makokou__t01096s__conf0.67.wav,Noise
20210224T073000+0100_Short-term_Makokou__t01100s__conf0.58.wav,Noise
20210224T073000+0100_Short-term_Makokou__t01108s__conf0.52.wav,Noise
20210224T073000+0100_Short-term_Makokou__t01112s__conf0.52.wav,Noise
20210224T073000+0100_Short-term_Makokou__t01128s__conf0.77.wav,Noise
20210224T073000+0100_Short-term_Makokou__t01151s__conf0.57.wav,Noise
20210224T073000+0100_Short-term_Makokou__t01154s__conf0.76.wav,Noise
20210224T073000+0100_Short-term_Makokou__t01157s__conf0.52.wav,Noise
20210224T073000+0100_Short-term_Makokou__t01159s__conf0.51.wav,Noise
20210224T073000+0100_Short-term_Makokou__t01160s__conf0.54.wav,Noise
20210224T073000+0100_Short-term_Makokou__t01161s__conf0.57.wav,Noise
20210224T073000+0100_Short-term_Makokou__t01169s__conf0.94.wav,Noise
20210224T073000+0100_Short-term_Makokou__t01177s__conf0.52.wav,Noise
20210224T073000+0100_Short-term_Makokou__t01179s__conf0.69.wav,Noise
20210224T073000+0100_Short-term_Makokou__t01182s__conf0.53.wav,Noise
20210224T073000+0100_Short-term_Makokou__t01187s__conf0.54.wav,Noise
20210224T073000+0100_Short-term_Makokou__t01189s__conf0.83.wav,Noise
20210224T073000+0100_Short-term_Makokou__t01190s__conf0.82.wav,Noise
20210224T073000+0100_Short-term_Makokou__t01195s__conf0.54.wav,Noise
20210224T073000+0100_Short-term_Makokou__t01196s__conf0.79.wav,Noise
20210224T073000+0100_Short-term_Makokou__t01197s__conf0.82.wav,Noise
20210224T073000+0100_Short-term_Makokou__t01197s__conf0.97.wav,Noise
20210224T073000+0100_Short-term_Makokou__t01203s__conf0.68.wav,Noise
20210224T073000+0100_Short-term_Makokou__t01205s__conf0.55.wav,Noise
20210224T073000+0100_Short-term_Makokou__t01209s__conf0.54.wav,Noise
20210224T073000+0100_Short-term_Makokou__t01218s__conf0.76.wav,Noise
20210224T073000+0100_Short-term_Makokou__t01219s__conf0.67.wav,Noise
20210224T073000+0100_Short-term_Makokou__t01221s__conf0.58.wav,Noise
20210224T073000+0100_Short-term_Makokou__t01228s__conf0.50.wav,Noise
20210224T073000+0100_Short-term_Makokou__t01228s__conf0.86.wav,Noise
20210224T073000+0100_Short-term_Makokou__t01230s__conf0.52.wav,Noise
20210224T073000+0100_Short-term_Makokou__t01231s__conf0.55.wav,Noise
20210224T073000+0100_Short-term_Makokou__t01236s__conf0.56.wav,Noise
20210224T073000+0100_Short-term_Makokou__t01239s__conf0.65.wav,Noise
20210224T073000+0100_Short-term_Makokou__t01241s__conf0.53.wav,Noise
20210224T073000+0100_Short-term_Makokou__t01243s__conf0.51.wav,Noise
20210224T073000+0100_Short-term_Makokou__t01245s__conf0.62.wav,Noise
20210224T073000+0100_Short-term_Makokou__t01246s__conf0.67.wav,Noise
20210224T073000+0100_Short-term_Makokou__t01247s__conf0.54.wav,Noise
20210224T073000+0100_Short-term_Makokou__t01248s__conf0.69.wav,Noise
20210224T073000+0100_Short-term_Makokou__t01260s__conf0.63.wav,Noise
20210224T073000+0100_Short-term_Makokou__t01261s__conf0.50.wav,Noise
20210224T073000+0100_Short-term_Makokou__t01262s__conf0.58.wav,Noise
20210224T073000+0100_Short-term_Makokou__t01268s__conf0.57.wav,Noise
20210224T073000+0100_Short-term_Makokou__t01269s__conf0.65.wav,Noise
20210224T073000+0100_Short-term_Makokou__t01273s__conf0.65.wav,Noise
20210224T073000+0100_Short-term_Makokou__t01300s__conf0.66.wav,Noise
20210224T073000+0100_Short-term_Makokou__t01301s__conf0.71.wav,Noise
20210224T073000+0100_Short-term_Makokou__t01340s__conf0.60.wav,Noise
20210224T073000+0100_Short-term_Makokou__t01481s__conf0.85.wav,Noise
20210224T073000+0100_Short-term_Makokou__t01482s__conf0.96.wav,Noise
20210224T073000+0100_Short-term_Makokou__t01483s__conf0.52.wav,Noise
20210224T073000+0100_Short-term_Makokou__t01504s__conf0.72.wav,Noise
20210224T073000+0100_Short-term_Makokou__t01515s__conf0.57.wav,Noise
20210224T073000+0100_Short-term_Makokou__t01516s__conf0.53.wav,Noise
20210224T073000+0100_Short-term_Makokou__t01537s__conf0.51.wav,Noise
20210224T073000+0100_Short-term_Makokou__t01539s__conf0.66.wav,Noise
20210224T073000+0100_Short-term_Makokou__t01540s__conf0.72.wav,Noise
20210224T073000+0100_Short-term_Makokou__t01548s__conf0.63.wav,Noise
20210224T073000+0100_Short-term_Makokou__t01563s__conf0.55.wav,Noise
20210224T073000+0100_Short-term_Makokou__t01564s__conf0.60.wav,Noise
20210224T073000+0100_Short-term_Makokou__t01590s__conf0.66.wav,Noise
20210224T073000+0100_Short-term_Makokou__t01651s__conf0.59.wav,Noise
20210224T073000+0100_Short-term_Makokou__t01675s__conf0.83.wav,Noise
20210224T073000+0100_Short-term_Makokou__t01676s__conf0.82.wav,Noise
20210224T080000+0100_Short-term_Makokou__t00000s__conf0.55.wav,Noise
20210224T080000+0100_Short-term_Makokou__t00014s__conf0.54.wav,Noise
20210224T080000+0100_Short-term_Makokou__t00016s__conf0.54.wav,Noise
20210224T080000+0100_Short-term_Makokou__t00024s__conf0.57.wav,Noise
20210224T080000+0100_Short-term_Makokou__t00026s__conf0.67.wav,Noise
20210224T080000+0100_Short-term_Makokou__t00042s__conf0.54.wav,Noise
20210224T080000+0100_Short-term_Makokou__t00053s__conf0.50.wav,Noise
20210224T080000+0100_Short-term_Makokou__t00143s__conf0.53.wav,Noise
20210224T080000+0100_Short-term_Makokou__t00209s__conf0.51.wav,Noise
20210224T080000+0100_Short-term_Makokou__t00235s__conf0.83.wav,Noise
20210224T080000+0100_Short-term_Makokou__t00236s__conf0.78.wav,Noise
20210224T080000+0100_Short-term_Makokou__t00255s__conf0.58.wav,Noise
20210224T080000+0100_Short-term_Makokou__t00338s__conf0.76.wav,Noise
20210224T080000+0100_Short-term_Makokou__t00339s__conf0.82.wav,Noise
20210224T080000+0100_Short-term_Makokou__t00343s__conf0.67.wav,Noise
20210224T080000+0100_Short-term_Makokou__t00344s__conf0.62.wav,Noise
20210224T080000+0100_Short-term_Makokou__t00347s__conf0.74.wav,Noise
20210224T080000+0100_Short-term_Makokou__t00348s__conf0.59.wav,Noise
20210224T080000+0100_Short-term_Makokou__t00354s__conf0.67.wav,Noise
20210224T080000+0100_Short-term_Makokou__t00361s__conf0.77.wav,Noise
20210224T080000+0100_Short-term_Makokou__t00362s__conf0.56.wav,Noise
20210224T080000+0100_Short-term_Makokou__t00363s__conf0.85.wav,Noise
20210224T080000+0100_Short-term_Makokou__t00366s__conf0.77.wav,Noise
20210224T080000+0100_Short-term_Makokou__t00367s__conf0.67.wav,Noise
20210224T080000+0100_Short-term_Makokou__t00368s__conf0.66.wav,Noise
20210224T080000+0100_Short-term_Makokou__t00369s__conf0.73.wav,Noise
20210224T080000+0100_Short-term_Makokou__t00370s__conf0.73.wav,Noise
20210224T080000+0100_Short-term_Makokou__t00371s__conf0.76.wav,Noise
20210224T080000+0100_Short-term_Makokou__t00373s__conf0.67.wav,Noise
20210224T080000+0100_Short-term_Makokou__t00376s__conf0.63.wav,Noise
20210224T080000+0100_Short-term_Makokou__t00381s__conf0.65.wav,Noise
20210224T080000+0100_Short-term_Makokou__t00389s__conf0.75.wav,Noise
20210224T080000+0100_Short-term_Makokou__t00390s__conf0.80.wav,Noise
20210224T080000+0100_Short-term_Makokou__t00391s__conf0.88.wav,Noise
20210224T080000+0100_Short-term_Makokou__t00393s__conf0.67.wav,Noise
20210224T080000+0100_Short-term_Makokou__t00395s__conf0.78.wav,Noise
20210224T080000+0100_Short-term_Makokou__t00412s__conf0.71.wav,Noise
20210224T080000+0100_Short-term_Makokou__t00414s__conf0.58.wav,Noise
20210224T080000+0100_Short-term_Makokou__t00416s__conf0.51.wav,Noise
20210224T080000+0100_Short-term_Makokou__t00418s__conf0.63.wav,Noise
20210224T080000+0100_Short-term_Makokou__t00422s__conf0.54.wav,Noise
20210224T080000+0100_Short-term_Makokou__t00423s__conf0.58.wav,Noise
20210224T080000+0100_Short-term_Makokou__t00432s__conf0.56.wav,Noise
20210224T080000+0100_Short-term_Makokou__t00443s__conf0.58.wav,Noise
20210224T080000+0100_Short-term_Makokou__t00444s__conf0.58.wav,Noise
20210224T080000+0100_Short-term_Makokou__t00447s__conf0.85.wav,Noise
20210224T080000+0100_Short-term_Makokou__t00488s__conf0.64.wav,Noise
20210224T080000+0100_Short-term_Makokou__t00508s__conf0.67.wav,Noise
20210224T080000+0100_Short-term_Makokou__t00509s__conf0.71.wav,Noise
20210224T080000+0100_Short-term_Makokou__t00510s__conf0.92.wav,Noise
20210224T080000+0100_Short-term_Makokou__t00511s__conf0.80.wav,Noise
20210224T080000+0100_Short-term_Makokou__t00523s__conf0.89.wav,Noise
20210224T080000+0100_Short-term_Makokou__t00524s__conf0.64.wav,Noise
20210224T080000+0100_Short-term_Makokou__t00531s__conf0.93.wav,Noise
20210224T080000+0100_Short-term_Makokou__t00532s__conf0.55.wav,Noise
20210224T080000+0100_Short-term_Makokou__t00532s__conf0.96.wav,Noise
20210224T080000+0100_Short-term_Makokou__t00620s__conf0.65.wav,Noise
20210224T080000+0100_Short-term_Makokou__t00828s__conf0.73.wav,Noise
20210224T080000+0100_Short-term_Makokou__t00838s__conf0.87.wav,Noise
20210224T080000+0100_Short-term_Makokou__t00839s__conf0.90.wav,Noise
20210224T080000+0100_Short-term_Makokou__t00851s__conf0.58.wav,Noise
20210224T080000+0100_Short-term_Makokou__t00902s__conf0.61.wav,Noise
20210224T080000+0100_Short-term_Makokou__t00903s__conf0.82.wav,Noise
20210224T080000+0100_Short-term_Makokou__t00952s__conf0.60.wav,Noise
20210224T080000+0100_Short-term_Makokou__t01018s__conf0.78.wav,Noise
20210224T080000+0100_Short-term_Makokou__t01019s__conf0.84.wav,Noise
20210224T080000+0100_Short-term_Makokou__t01052s__conf0.56.wav,Noise
20210224T080000+0100_Short-term_Makokou__t01071s__conf0.72.wav,Noise
20210224T080000+0100_Short-term_Makokou__t01072s__conf0.80.wav,Noise
20210224T080000+0100_Short-term_Makokou__t01073s__conf0.65.wav,Noise
20210224T080000+0100_Short-term_Makokou__t01074s__conf0.95.wav,Noise
20210224T080000+0100_Short-term_Makokou__t01075s__conf0.80.wav,Noise
20210224T080000+0100_Short-term_Makokou__t01076s__conf0.81.wav,Noise
20210224T080000+0100_Short-term_Makokou__t01077s__conf0.59.wav,Noise
20210224T080000+0100_Short-term_Makokou__t01077s__conf0.92.wav,Noise
20210224T080000+0100_Short-term_Makokou__t01078s__conf0.52.wav,Noise
20210224T080000+0100_Short-term_Makokou__t01081s__conf0.68.wav,Noise
20210224T080000+0100_Short-term_Makokou__t01092s__conf0.70.wav,Noise
20210224T080000+0100_Short-term_Makokou__t01093s__conf0.51.wav,Noise
20210224T080000+0100_Short-term_Makokou__t01098s__conf0.60.wav,Noise
20210224T080000+0100_Short-term_Makokou__t01099s__conf0.58.wav,Noise
20210224T080000+0100_Short-term_Makokou__t01104s__conf0.64.wav,Noise
20210224T080000+0100_Short-term_Makokou__t01105s__conf0.74.wav,Noise
20210224T080000+0100_Short-term_Makokou__t01142s__conf0.63.wav,Noise
20210224T080000+0100_Short-term_Makokou__t01148s__conf0.53.wav,Noise
20210224T080000+0100_Short-term_Makokou__t01162s__conf0.65.wav,Noise
20210224T080000+0100_Short-term_Makokou__t01164s__conf0.52.wav,Noise
20210224T080000+0100_Short-term_Makokou__t01165s__conf0.82.wav,Noise
20210224T080000+0100_Short-term_Makokou__t01181s__conf0.69.wav,Noise
20210224T080000+0100_Short-term_Makokou__t01182s__conf0.55.wav,Noise
20210224T080000+0100_Short-term_Makokou__t01224s__conf0.53.wav,Noise
20210224T080000+0100_Short-term_Makokou__t01225s__conf0.82.wav,Noise
20210224T080000+0100_Short-term_Makokou__t01227s__conf0.52.wav,Noise
20210224T080000+0100_Short-term_Makokou__t01230s__conf0.63.wav,Noise
20210224T080000+0100_Short-term_Makokou__t01249s__conf0.68.wav,Noise
20210224T080000+0100_Short-term_Makokou__t01250s__conf0.71.wav,Noise
20210224T080000+0100_Short-term_Makokou__t01251s__conf0.65.wav,Noise
20210224T080000+0100_Short-term_Makokou__t01331s__conf0.89.wav,Noise
20210224T080000+0100_Short-term_Makokou__t01332s__conf0.78.wav,Noise
20210224T080000+0100_Short-term_Makokou__t01333s__conf0.81.wav,Noise
20210224T080000+0100_Short-term_Makokou__t01413s__conf0.83.wav,Noise
20210224T080000+0100_Short-term_Makokou__t01414s__conf0.72.wav,Noise
20210224T080000+0100_Short-term_Makokou__t01466s__conf0.49.wav,Noise
20210224T080000+0100_Short-term_Makokou__t01471s__conf0.66.wav,Noise
20210224T080000+0100_Short-term_Makokou__t01472s__conf0.75.wav,Noise
20210224T080000+0100_Short-term_Makokou__t01474s__conf0.79.wav,Noise
20210224T080000+0100_Short-term_Makokou__t01480s__conf0.65.wav,Noise
20210224T080000+0100_Short-term_Makokou__t01481s__conf0.58.wav,Noise
20210224T080000+0100_Short-term_Makokou__t01484s__conf0.67.wav,Noise
20210224T080000+0100_Short-term_Makokou__t01485s__conf0.65.wav,Noise
20210224T080000+0100_Short-term_Makokou__t01505s__conf0.61.wav,Noise
20210224T080000+0100_Short-term_Makokou__t01507s__conf0.58.wav,Noise
20210224T080000+0100_Short-term_Makokou__t01532s__conf0.50.wav,Noise
20210224T080000+0100_Short-term_Makokou__t01537s__conf0.51.wav,Noise
20210224T080000+0100_Short-term_Makokou__t01553s__conf0.69.wav,Noise
20210224T080000+0100_Short-term_Makokou__t01561s__conf0.83.wav,Noise
20210224T080000+0100_Short-term_Makokou__t01563s__conf0.58.wav,Noise
20210224T080000+0100_Short-term_Makokou__t01573s__conf0.59.wav,Noise
20210224T080000+0100_Short-term_Makokou__t01734s__conf0.88.wav,Noise
20210224T080000+0100_Short-term_Makokou__t01735s__conf0.75.wav,Noise
20210224T080000+0100_Short-term_Makokou__t01786s__conf0.75.wav,Noise
20210224T083000+0100_Short-term_Makokou__t00019s__conf0.79.wav,Noise
20210224T083000+0100_Short-term_Makokou__t00020s__conf0.64.wav,Noise
20210224T083000+0100_Short-term_Makokou__t00026s__conf0.56.wav,Noise
20210224T083000+0100_Short-term_Makokou__t00072s__conf0.77.wav,Noise
20210224T083000+0100_Short-term_Makokou__t00083s__conf0.63.wav,Noise
20210224T083000+0100_Short-term_Makokou__t00084s__conf0.72.wav,Noise
20210224T083000+0100_Short-term_Makokou__t00087s__conf0.60.wav,Noise
20210224T083000+0100_Short-term_Makokou__t00088s__conf0.49.wav,Noise
20210224T083000+0100_Short-term_Makokou__t00088s__conf0.82.wav,Noise
20210224T083000+0100_Short-term_Makokou__t00110s__conf0.67.wav,Noise
20210224T083000+0100_Short-term_Makokou__t00126s__conf0.69.wav,Noise
20210224T083000+0100_Short-term_Makokou__t00126s__conf0.84.wav,Noise
20210224T083000+0100_Short-term_Makokou__t00127s__conf0.90.wav,Noise
20210224T083000+0100_Short-term_Makokou__t00129s__conf0.62.wav,Noise
20210224T083000+0100_Short-term_Makokou__t00274s__conf0.51.wav,Noise
20210224T083000+0100_Short-term_Makokou__t00304s__conf0.62.wav,Noise
20210224T083000+0100_Short-term_Makokou__t00358s__conf0.96.wav,Noise
20210224T083000+0100_Short-term_Makokou__t00398s__conf0.74.wav,Noise
20210224T083000+0100_Short-term_Makokou__t00531s__conf0.67.wav,Noise
20210224T083000+0100_Short-term_Makokou__t00552s__conf0.62.wav,Noise
20210224T083000+0100_Short-term_Makokou__t00553s__conf0.63.wav,Noise
20210224T083000+0100_Short-term_Makokou__t00554s__conf0.57.wav,Noise
20210224T083000+0100_Short-term_Makokou__t00554s__conf0.86.wav,Noise
20210224T083000+0100_Short-term_Makokou__t00555s__conf0.82.wav,Noise
20210224T083000+0100_Short-term_Makokou__t00608s__conf0.57.wav,Noise
20210224T083000+0100_Short-term_Makokou__t00609s__conf0.68.wav,Noise
20210224T083000+0100_Short-term_Makokou__t00613s__conf0.69.wav,Noise
20210224T083000+0100_Short-term_Makokou__t00806s__conf0.74.wav,Noise
20210224T083000+0100_Short-term_Makokou__t00872s__conf0.67.wav,Noise
20210224T083000+0100_Short-term_Makokou__t00914s__conf0.50.wav,Noise
20210224T083000+0100_Short-term_Makokou__t00983s__conf0.50.wav,Noise
20210224T083000+0100_Short-term_Makokou__t01107s__conf0.61.wav,Noise
20210224T083000+0100_Short-term_Makokou__t01108s__conf0.86.wav,Noise
20210224T083000+0100_Short-term_Makokou__t01230s__conf0.68.wav,Noise
20210224T083000+0100_Short-term_Makokou__t01276s__conf0.55.wav,Noise
20210224T083000+0100_Short-term_Makokou__t01277s__conf0.66.wav,Noise
20210224T083000+0100_Short-term_Makokou__t01310s__conf0.55.wav,Noise
20210224T083000+0100_Short-term_Makokou__t01311s__conf0.67.wav,Noise
20210224T083000+0100_Short-term_Makokou__t01358s__conf0.87.wav,Noise
20210224T083000+0100_Short-term_Makokou__t01359s__conf0.55.wav,Noise
20210224T083000+0100_Short-term_Makokou__t01366s__conf0.91.wav,Noise
20210224T083000+0100_Short-term_Makokou__t01367s__conf0.89.wav,Noise
20210224T083000+0100_Short-term_Makokou__t01437s__conf0.52.wav,Noise
20210224T083000+0100_Short-term_Makokou__t01491s__conf0.54.wav,Noise
20210224T090000+0100_Short-term_Makokou__t00024s__conf0.62.wav,Noise
20210224T090000+0100_Short-term_Makokou__t00025s__conf0.79.wav,Noise
20210224T090000+0100_Short-term_Makokou__t00026s__conf0.87.wav,Noise
20210224T090000+0100_Short-term_Makokou__t00082s__conf0.52.wav,Noise
20210224T090000+0100_Short-term_Makokou__t00134s__conf0.69.wav,Noise
20210224T090000+0100_Short-term_Makokou__t00135s__conf0.59.wav,Noise
20210224T090000+0100_Short-term_Makokou__t00142s__conf0.54.wav,Noise
20210224T090000+0100_Short-term_Makokou__t00200s__conf0.51.wav,Noise
20210224T090000+0100_Short-term_Makokou__t00201s__conf0.62.wav,Noise
20210224T090000+0100_Short-term_Makokou__t00202s__conf0.67.wav,Noise
20210224T090000+0100_Short-term_Makokou__t00208s__conf0.72.wav,Noise
20210224T090000+0100_Short-term_Makokou__t00413s__conf0.58.wav,Noise
20210224T090000+0100_Short-term_Makokou__t00440s__conf0.65.wav,Noise
20210224T090000+0100_Short-term_Makokou__t00441s__conf0.82.wav,Noise
20210224T090000+0100_Short-term_Makokou__t00476s__conf0.80.wav,Noise
20210224T090000+0100_Short-term_Makokou__t00477s__conf0.85.wav,Noise
20210224T090000+0100_Short-term_Makokou__t00495s__conf0.53.wav,Noise
20210224T090000+0100_Short-term_Makokou__t00515s__conf0.52.wav,Noise
20210224T090000+0100_Short-term_Makokou__t00646s__conf0.77.wav,Noise
20210224T090000+0100_Short-term_Makokou__t00751s__conf0.56.wav,Noise
20210224T090000+0100_Short-term_Makokou__t00761s__conf0.80.wav,Noise
20210224T090000+0100_Short-term_Makokou__t00763s__conf0.64.wav,Noise
20210224T090000+0100_Short-term_Makokou__t00764s__conf0.55.wav,Noise
20210224T090000+0100_Short-term_Makokou__t00773s__conf0.72.wav,Noise
20210224T090000+0100_Short-term_Makokou__t00774s__conf0.81.wav,Noise
20210224T090000+0100_Short-term_Makokou__t00797s__conf0.62.wav,Noise
20210224T090000+0100_Short-term_Makokou__t00798s__conf0.70.wav,Noise
20210224T090000+0100_Short-term_Makokou__t00909s__conf0.67.wav,Noise
20210224T090000+0100_Short-term_Makokou__t00957s__conf0.64.wav,Noise
20210224T090000+0100_Short-term_Makokou__t01241s__conf0.52.wav,Noise
20210224T090000+0100_Short-term_Makokou__t01401s__conf0.57.wav,Noise
20210224T090000+0100_Short-term_Makokou__t01402s__conf0.80.wav,Noise
20210224T090000+0100_Short-term_Makokou__t01549s__conf0.59.wav,Noise
20210224T090000+0100_Short-term_Makokou__t01550s__conf0.85.wav,Noise
20210224T090000+0100_Short-term_Makokou__t01551s__conf0.90.wav,Noise
20210224T090000+0100_Short-term_Makokou__t01609s__conf0.57.wav,Noise
20210224T090000+0100_Short-term_Makokou__t01609s__conf0.80.wav,Noise
20210224T090000+0100_Short-term_Makokou__t01612s__conf0.80.wav,Noise
20210224T090000+0100_Short-term_Makokou__t01613s__conf0.87.wav,Noise
20210224T090000+0100_Short-term_Makokou__t01619s__conf0.53.wav,Noise
20210224T090000+0100_Short-term_Makokou__t01709s__conf0.62.wav,Noise
20210224T093000+0100_Short-term_Makokou__t00016s__conf0.56.wav,Noise
20210224T093000+0100_Short-term_Makokou__t00148s__conf0.53.wav,Noise
20210224T093000+0100_Short-term_Makokou__t00157s__conf0.60.wav,Noise
20210224T093000+0100_Short-term_Makokou__t00158s__conf0.75.wav,Noise
20210224T093000+0100_Short-term_Makokou__t00207s__conf0.53.wav,Noise
20210224T093000+0100_Short-term_Makokou__t00208s__conf0.90.wav,Noise
20210224T093000+0100_Short-term_Makokou__t00209s__conf0.61.wav,Noise
20210224T093000+0100_Short-term_Makokou__t00270s__conf0.74.wav,Noise
20210224T093000+0100_Short-term_Makokou__t00466s__conf0.55.wav,Noise
20210224T093000+0100_Short-term_Makokou__t00467s__conf0.73.wav,Noise
20210224T093000+0100_Short-term_Makokou__t00611s__conf0.51.wav,Noise
20210224T093000+0100_Short-term_Makokou__t00723s__conf0.58.wav,Noise
20210224T093000+0100_Short-term_Makokou__t00846s__conf0.52.wav,Noise
20210224T093000+0100_Short-term_Makokou__t00858s__conf0.60.wav,Noise
20210224T093000+0100_Short-term_Makokou__t00859s__conf0.80.wav,Noise
20210224T093000+0100_Short-term_Makokou__t00873s__conf0.65.wav,C pogonias
20210224T093000+0100_Short-term_Makokou__t00874s__conf0.92.wav,Noise
20210224T093000+0100_Short-term_Makokou__t00875s__conf0.56.wav,Noise
20210224T093000+0100_Short-term_Makokou__t00889s__conf0.70.wav,Noise
20210224T093000+0100_Short-term_Makokou__t00891s__conf0.69.wav,Noise
20210224T093000+0100_Short-term_Makokou__t00892s__conf0.64.wav,Noise
20210224T093000+0100_Short-term_Makokou__t01084s__conf0.56.wav,Noise
20210224T093000+0100_Short-term_Makokou__t01085s__conf0.55.wav,Noise
20210224T093000+0100_Short-term_Makokou__t01182s__conf0.53.wav,Noise
20210224T093000+0100_Short-term_Makokou__t01185s__conf0.60.wav,Noise
20210224T093000+0100_Short-term_Makokou__t01328s__conf0.78.wav,Noise
20210224T093000+0100_Short-term_Makokou__t01329s__conf0.51.wav,Noise
20210224T093000+0100_Short-term_Makokou__t01329s__conf0.97.wav,Noise
20210224T093000+0100_Short-term_Makokou__t01377s__conf0.66.wav,Noise
20210224T093000+0100_Short-term_Makokou__t01395s__conf0.57.wav,Noise
20210224T093000+0100_Short-term_Makokou__t01403s__conf0.60.wav,Noise
20210224T093000+0100_Short-term_Makokou__t01405s__conf0.67.wav,Noise
20210224T093000+0100_Short-term_Makokou__t01409s__conf0.73.wav,Noise
20210224T093000+0100_Short-term_Makokou__t01410s__conf0.66.wav,Noise
20210224T093000+0100_Short-term_Makokou__t01431s__conf0.59.wav,Noise
20210224T093000+0100_Short-term_Makokou__t01436s__conf0.61.wav,Noise
20210224T093000+0100_Short-term_Makokou__t01437s__conf0.50.wav,Noise
20210224T093000+0100_Short-term_Makokou__t01440s__conf0.58.wav,Noise
20210224T093000+0100_Short-term_Makokou__t01442s__conf0.92.wav,Noise
20210224T093000+0100_Short-term_Makokou__t01443s__conf0.82.wav,Noise
20210224T093000+0100_Short-term_Makokou__t01454s__conf0.59.wav,Noise
20210224T093000+0100_Short-term_Makokou__t01530s__conf0.53.wav,Noise
20210224T093000+0100_Short-term_Makokou__t01577s__conf0.77.wav,Noise
20210224T093000+0100_Short-term_Makokou__t01578s__conf0.56.wav,Noise
20210224T093000+0100_Short-term_Makokou__t01626s__conf0.50.wav,Noise
20210224T093000+0100_Short-term_Makokou__t01627s__conf0.51.wav,Noise
20210224T093000+0100_Short-term_Makokou__t01721s__conf0.59.wav,Noise
20210224T093000+0100_Short-term_Makokou__t01771s__conf0.88.wav,Noise
20210224T100000+0100_Short-term_Makokou__t00148s__conf0.62.wav,Noise
20210224T100000+0100_Short-term_Makokou__t00151s__conf0.52.wav,Noise
20210224T100000+0100_Short-term_Makokou__t00217s__conf0.49.wav,Noise
20210224T100000+0100_Short-term_Makokou__t00441s__conf0.58.wav,Noise
20210224T100000+0100_Short-term_Makokou__t00444s__conf0.50.wav,Noise
20210224T100000+0100_Short-term_Makokou__t00444s__conf0.93.wav,Noise
20210224T100000+0100_Short-term_Makokou__t00562s__conf0.52.wav,Noise
20210224T100000+0100_Short-term_Makokou__t00586s__conf0.66.wav,Noise
20210224T100000+0100_Short-term_Makokou__t00589s__conf0.55.wav,Noise
20210224T100000+0100_Short-term_Makokou__t00590s__conf0.54.wav,Noise
20210224T100000+0100_Short-term_Makokou__t00675s__conf0.69.wav,Noise
20210224T100000+0100_Short-term_Makokou__t00676s__conf0.60.wav,Noise
20210224T100000+0100_Short-term_Makokou__t00760s__conf0.52.wav,Noise
20210224T100000+0100_Short-term_Makokou__t00832s__conf0.82.wav,Noise
20210224T100000+0100_Short-term_Makokou__t00833s__conf0.88.wav,Noise
20210224T100000+0100_Short-term_Makokou__t01108s__conf0.81.wav,Noise
20210224T100000+0100_Short-term_Makokou__t01109s__conf0.83.wav,Noise
20210224T100000+0100_Short-term_Makokou__t01207s__conf0.58.wav,Noise
20210224T100000+0100_Short-term_Makokou__t01214s__conf0.67.wav,Noise
20210224T100000+0100_Short-term_Makokou__t01239s__conf0.52.wav,Noise
20210224T100000+0100_Short-term_Makokou__t01241s__conf0.79.wav,Noise
20210224T100000+0100_Short-term_Makokou__t01242s__conf0.65.wav,Noise
20210224T100000+0100_Short-term_Makokou__t01263s__conf0.54.wav,Noise
20210224T100000+0100_Short-term_Makokou__t01284s__conf0.57.wav,Noise
20210224T100000+0100_Short-term_Makokou__t01306s__conf0.58.wav,Noise
20210224T100000+0100_Short-term_Makokou__t01338s__conf0.63.wav,Noise
20210224T100000+0100_Short-term_Makokou__t01395s__conf0.84.wav,Noise
20210224T100000+0100_Short-term_Makokou__t01418s__conf0.58.wav,Noise
20210224T100000+0100_Short-term_Makokou__t01419s__conf0.61.wav,Noise
20210224T100000+0100_Short-term_Makokou__t01504s__conf0.61.wav,Noise
20210224T100000+0100_Short-term_Makokou__t01581s__conf0.51.wav,Noise
20210224T100000+0100_Short-term_Makokou__t01646s__conf0.53.wav,Noise
20210224T100000+0100_Short-term_Makokou__t01752s__conf0.72.wav,Noise
20210224T103000+0100_Short-term_Makokou__t00144s__conf0.54.wav,Noise
20210224T103000+0100_Short-term_Makokou__t00203s__conf0.52.wav,Noise
20210224T103000+0100_Short-term_Makokou__t00204s__conf0.52.wav,Noise
20210224T103000+0100_Short-term_Makokou__t00209s__conf0.56.wav,Noise
20210224T103000+0100_Short-term_Makokou__t00210s__conf0.55.wav,Noise
20210224T103000+0100_Short-term_Makokou__t00272s__conf0.81.wav,Noise
20210224T103000+0100_Short-term_Makokou__t00273s__conf0.68.wav,Noise
20210224T103000+0100_Short-term_Makokou__t00296s__conf0.54.wav,Noise
20210224T103000+0100_Short-term_Makokou__t00604s__conf0.63.wav,Noise
20210224T103000+0100_Short-term_Makokou__t00605s__conf0.71.wav,Noise
20210224T103000+0100_Short-term_Makokou__t00606s__conf0.68.wav,Noise
20210224T103000+0100_Short-term_Makokou__t00634s__conf0.72.wav,Noise
20210224T103000+0100_Short-term_Makokou__t00660s__conf0.50.wav,Noise
20210224T103000+0100_Short-term_Makokou__t00674s__conf0.50.wav,Noise
20210224T103000+0100_Short-term_Makokou__t00675s__conf0.81.wav,Noise
20210224T103000+0100_Short-term_Makokou__t00676s__conf0.74.wav,Noise
20210224T103000+0100_Short-term_Makokou__t00676s__conf0.91.wav,Noise
20210224T103000+0100_Short-term_Makokou__t00678s__conf0.74.wav,Noise
20210224T103000+0100_Short-term_Makokou__t00679s__conf0.82.wav,Noise
20210224T103000+0100_Short-term_Makokou__t00680s__conf0.66.wav,Noise
20210224T103000+0100_Short-term_Makokou__t00681s__conf0.75.wav,Noise
20210224T103000+0100_Short-term_Makokou__t00742s__conf0.81.wav,Noise
20210224T103000+0100_Short-term_Makokou__t00784s__conf0.53.wav,Noise
20210224T103000+0100_Short-term_Makokou__t00852s__conf0.58.wav,Noise
20210224T103000+0100_Short-term_Makokou__t01050s__conf0.75.wav,Noise
20210224T103000+0100_Short-term_Makokou__t01074s__conf0.62.wav,Noise
20210224T103000+0100_Short-term_Makokou__t01074s__conf0.95.wav,Noise
20210224T103000+0100_Short-term_Makokou__t01075s__conf0.87.wav,Noise
20210224T103000+0100_Short-term_Makokou__t01081s__conf0.80.wav,Noise
20210224T103000+0100_Short-term_Makokou__t01082s__conf0.51.wav,Noise
20210224T103000+0100_Short-term_Makokou__t01082s__conf0.94.wav,Noise
20210224T103000+0100_Short-term_Makokou__t01083s__conf0.88.wav,Noise
20210224T103000+0100_Short-term_Makokou__t01083s__conf0.97.wav,Noise
20210224T103000+0100_Short-term_Makokou__t01084s__conf0.50.wav,Noise
20210224T103000+0100_Short-term_Makokou__t01084s__conf0.79.wav,Noise
20210224T103000+0100_Short-term_Makokou__t01127s__conf0.53.wav,Noise
20210224T103000+0100_Short-term_Makokou__t01133s__conf0.51.wav,Noise
20210224T103000+0100_Short-term_Makokou__t01163s__conf0.57.wav,Noise
20210224T103000+0100_Short-term_Makokou__t01168s__conf0.58.wav,Noise
20210224T103000+0100_Short-term_Makokou__t01193s__conf0.73.wav,Noise
20210224T103000+0100_Short-term_Makokou__t01194s__conf0.54.wav,Noise
20210224T103000+0100_Short-term_Makokou__t01259s__conf0.83.wav,Noise
20210224T103000+0100_Short-term_Makokou__t01260s__conf0.74.wav,Noise
20210224T103000+0100_Short-term_Makokou__t01286s__conf0.65.wav,Noise
20210224T103000+0100_Short-term_Makokou__t01287s__conf0.67.wav,Noise
20210224T103000+0100_Short-term_Makokou__t01287s__conf0.95.wav,Noise
20210224T103000+0100_Short-term_Makokou__t01288s__conf0.53.wav,Noise
20210224T103000+0100_Short-term_Makokou__t01392s__conf0.58.wav,Noise
20210224T103000+0100_Short-term_Makokou__t01393s__conf0.91.wav,Noise
20210224T103000+0100_Short-term_Makokou__t01394s__conf0.55.wav,Noise
20210224T103000+0100_Short-term_Makokou__t01394s__conf0.94.wav,Noise
20210224T103000+0100_Short-term_Makokou__t01395s__conf0.90.wav,Noise
20210224T103000+0100_Short-term_Makokou__t01396s__conf0.78.wav,Noise
20210225T053000+0100_Short-term_Makokou__t00996s__conf0.46.wav,Noise
20210225T053000+0100_Short-term_Makokou__t01429s__conf0.53.wav,Noise
20210225T053000+0100_Short-term_Makokou__t01430s__conf0.77.wav,Noise
20210225T053000+0100_Short-term_Makokou__t01430s__conf0.91.wav,Noise
20210225T060000+0100_Short-term_Makokou__t00080s__conf0.60.wav,Noise
20210225T060000+0100_Short-term_Makokou__t00220s__conf0.69.wav,Noise
20210225T060000+0100_Short-term_Makokou__t01578s__conf0.50.wav,Noise
20210225T060000+0100_Short-term_Makokou__t01584s__conf0.53.wav,Noise
20210225T060000+0100_Short-term_Makokou__t01585s__conf0.76.wav,Noise
20210225T063000+0100_Short-term_Makokou__t00704s__conf0.57.wav,Noise
20210225T063000+0100_Short-term_Makokou__t00976s__conf0.53.wav,Noise
20210225T063000+0100_Short-term_Makokou__t01773s__conf0.71.wav,Noise
20210225T070000+0100_Short-term_Makokou__t00056s__conf0.86.wav,Noise
20210225T070000+0100_Short-term_Makokou__t00057s__conf0.89.wav,Noise
20210225T070000+0100_Short-term_Makokou__t00184s__conf0.55.wav,Noise
20210225T070000+0100_Short-term_Makokou__t00187s__conf0.53.wav,Noise
20210225T070000+0100_Short-term_Makokou__t00187s__conf0.88.wav,Noise
20210225T070000+0100_Short-term_Makokou__t00189s__conf0.53.wav,Noise
20210225T070000+0100_Short-term_Makokou__t00263s__conf0.72.wav,Noise
20210225T070000+0100_Short-term_Makokou__t00453s__conf0.88.wav,Noise
20210225T070000+0100_Short-term_Makokou__t00609s__conf0.67.wav,Noise
20210225T070000+0100_Short-term_Makokou__t00678s__conf0.67.wav,Noise
20210225T070000+0100_Short-term_Makokou__t00903s__conf0.94.wav,Noise
20210225T070000+0100_Short-term_Makokou__t00904s__conf0.93.wav,Noise
20210225T070000+0100_Short-term_Makokou__t00906s__conf0.92.wav,Noise
20210225T070000+0100_Short-term_Makokou__t00907s__conf0.57.wav,Noise
20210225T070000+0100_Short-term_Makokou__t00907s__conf0.95.wav,Noise
20210225T070000+0100_Short-term_Makokou__t01027s__conf0.58.wav,Noise
20210225T070000+0100_Short-term_Makokou__t01028s__conf0.67.wav,Noise
20210225T070000+0100_Short-term_Makokou__t01095s__conf0.50.wav,Noise
20210225T070000+0100_Short-term_Makokou__t01096s__conf0.58.wav,Noise
20210225T070000+0100_Short-term_Makokou__t01098s__conf0.68.wav,Noise
20210225T070000+0100_Short-term_Makokou__t01099s__conf0.66.wav,Noise
20210225T070000+0100_Short-term_Makokou__t01100s__conf0.78.wav,Noise
20210225T070000+0100_Short-term_Makokou__t01103s__conf0.64.wav,Noise
20210225T070000+0100_Short-term_Makokou__t01104s__conf0.71.wav,Noise
20210225T070000+0100_Short-term_Makokou__t01105s__conf0.59.wav,Noise
20210225T070000+0100_Short-term_Makokou__t01113s__conf0.52.wav,Noise
20210225T070000+0100_Short-term_Makokou__t01116s__conf0.68.wav,Noise
20210225T070000+0100_Short-term_Makokou__t01210s__conf0.58.wav,Noise
20210225T070000+0100_Short-term_Makokou__t01211s__conf0.79.wav,Noise
20210225T070000+0100_Short-term_Makokou__t01212s__conf0.51.wav,Noise
20210225T070000+0100_Short-term_Makokou__t01274s__conf0.51.wav,Noise
20210225T070000+0100_Short-term_Makokou__t01335s__conf0.82.wav,Noise
20210225T070000+0100_Short-term_Makokou__t01336s__conf0.67.wav,Noise
20210225T070000+0100_Short-term_Makokou__t01504s__conf0.69.wav,Noise
20210225T070000+0100_Short-term_Makokou__t01505s__conf0.96.wav,Noise
20210225T073000+0100_Short-term_Makokou__t00074s__conf0.66.wav,Noise
20210225T073000+0100_Short-term_Makokou__t00075s__conf0.93.wav,Noise
20210225T073000+0100_Short-term_Makokou__t00123s__conf0.56.wav,Noise
20210225T073000+0100_Short-term_Makokou__t00173s__conf0.65.wav,Noise
20210225T073000+0100_Short-term_Makokou__t00174s__conf0.69.wav,Noise
20210225T073000+0100_Short-term_Makokou__t00331s__conf0.55.wav,Noise
20210225T073000+0100_Short-term_Makokou__t00423s__conf0.54.wav,C pogonias
20210225T073000+0100_Short-term_Makokou__t00425s__conf0.65.wav,Noise
20210225T073000+0100_Short-term_Makokou__t00639s__conf0.62.wav,Noise
20210225T073000+0100_Short-term_Makokou__t00846s__conf0.57.wav,Noise
20210225T073000+0100_Short-term_Makokou__t00976s__conf0.51.wav,Noise
20210225T073000+0100_Short-term_Makokou__t00976s__conf0.76.wav,Noise
20210225T073000+0100_Short-term_Makokou__t00977s__conf0.82.wav,Noise
20210225T073000+0100_Short-term_Makokou__t01284s__conf0.64.wav,Noise
20210225T073000+0100_Short-term_Makokou__t01294s__conf0.50.wav,Noise
20210225T073000+0100_Short-term_Makokou__t01682s__conf0.54.wav,Noise
20210225T073000+0100_Short-term_Makokou__t01696s__conf0.50.wav,Noise
20210225T073000+0100_Short-term_Makokou__t01711s__conf0.50.wav,Noise
20210225T073000+0100_Short-term_Makokou__t01712s__conf0.65.wav,Noise
20210225T073000+0100_Short-term_Makokou__t01717s__conf0.61.wav,Noise
20210225T073000+0100_Short-term_Makokou__t01718s__conf0.64.wav,Noise
20210225T073000+0100_Short-term_Makokou__t01720s__conf0.61.wav,Noise
20210225T073000+0100_Short-term_Makokou__t01738s__conf0.64.wav,Noise
20210225T073000+0100_Short-term_Makokou__t01742s__conf0.50.wav,Noise
20210225T073000+0100_Short-term_Makokou__t01773s__conf0.54.wav,Noise
20210225T073000+0100_Short-term_Makokou__t01776s__conf0.70.wav,Noise
20210225T080000+0100_Short-term_Makokou__t00023s__conf0.93.wav,Noise
20210225T080000+0100_Short-term_Makokou__t00024s__conf0.85.wav,Noise
20210225T080000+0100_Short-term_Makokou__t00024s__conf0.94.wav,Noise
20210225T080000+0100_Short-term_Makokou__t00034s__conf0.51.wav,Noise
20210225T080000+0100_Short-term_Makokou__t00035s__conf0.55.wav,Noise
20210225T080000+0100_Short-term_Makokou__t00094s__conf0.55.wav,Noise
20210225T080000+0100_Short-term_Makokou__t00153s__conf0.57.wav,Noise
20210225T080000+0100_Short-term_Makokou__t00211s__conf0.64.wav,Noise
20210225T080000+0100_Short-term_Makokou__t00219s__conf0.54.wav,Noise
20210225T080000+0100_Short-term_Makokou__t00272s__conf0.68.wav,Noise
20210225T080000+0100_Short-term_Makokou__t00273s__conf0.64.wav,Noise
20210225T080000+0100_Short-term_Makokou__t00317s__conf0.57.wav,Noise
20210225T080000+0100_Short-term_Makokou__t00365s__conf0.58.wav,Noise
20210225T080000+0100_Short-term_Makokou__t00366s__conf0.55.wav,Noise
20210225T080000+0100_Short-term_Makokou__t00367s__conf0.70.wav,Noise
20210225T080000+0100_Short-term_Makokou__t00370s__conf0.52.wav,Noise
20210225T080000+0100_Short-term_Makokou__t00414s__conf0.55.wav,Noise
20210225T080000+0100_Short-term_Makokou__t00504s__conf0.61.wav,Noise
20210225T080000+0100_Short-term_Makokou__t00505s__conf0.53.wav,Noise
20210225T080000+0100_Short-term_Makokou__t00528s__conf0.55.wav,Noise
20210225T080000+0100_Short-term_Makokou__t00658s__conf0.74.wav,Noise
20210225T080000+0100_Short-term_Makokou__t00658s__conf0.92.wav,Noise
20210225T080000+0100_Short-term_Makokou__t00674s__conf0.77.wav,Noise
20210225T080000+0100_Short-term_Makokou__t00790s__conf0.68.wav,Noise
20210225T080000+0100_Short-term_Makokou__t00911s__conf0.51.wav,Noise
20210225T080000+0100_Short-term_Makokou__t00912s__conf0.54.wav,Noise
20210225T080000+0100_Short-term_Makokou__t00916s__conf0.56.wav,Noise
20210225T080000+0100_Short-term_Makokou__t00998s__conf0.52.wav,Noise
20210225T080000+0100_Short-term_Makokou__t01003s__conf0.52.wav,Noise
20210225T080000+0100_Short-term_Makokou__t01243s__conf0.99.wav,Noise
20210225T080000+0100_Short-term_Makokou__t01606s__conf0.70.wav,Noise
20210225T080000+0100_Short-term_Makokou__t01608s__conf0.50.wav,Noise
20210225T080000+0100_Short-term_Makokou__t01620s__conf0.58.wav,Noise
20210225T080000+0100_Short-term_Makokou__t01621s__conf0.82.wav,Noise
20210225T083000+0100_Short-term_Makokou__t00004s__conf0.59.wav,Noise
20210225T083000+0100_Short-term_Makokou__t00032s__conf0.77.wav,Noise
20210225T083000+0100_Short-term_Makokou__t00051s__conf0.78.wav,Noise
20210225T083000+0100_Short-term_Makokou__t00052s__conf0.61.wav,Noise
20210225T083000+0100_Short-term_Makokou__t00067s__conf0.75.wav,Noise
20210225T083000+0100_Short-term_Makokou__t00067s__conf0.94.wav,Noise
20210225T083000+0100_Short-term_Makokou__t00068s__conf0.75.wav,Noise
20210225T083000+0100_Short-term_Makokou__t00158s__conf0.54.wav,Noise
20210225T083000+0100_Short-term_Makokou__t00196s__conf0.53.wav,Noise
20210225T083000+0100_Short-term_Makokou__t00249s__conf0.72.wav,Noise
20210225T083000+0100_Short-term_Makokou__t00324s__conf0.56.wav,Noise
20210225T083000+0100_Short-term_Makokou__t00393s__conf0.62.wav,Noise
20210225T083000+0100_Short-term_Makokou__t00424s__conf0.68.wav,Noise
20210225T083000+0100_Short-term_Makokou__t00429s__conf0.72.wav,Noise
20210225T083000+0100_Short-term_Makokou__t00655s__conf0.52.wav,Noise
20210225T083000+0100_Short-term_Makokou__t00752s__conf0.51.wav,Noise
20210225T083000+0100_Short-term_Makokou__t00774s__conf0.65.wav,Noise
20210225T083000+0100_Short-term_Makokou__t00775s__conf0.66.wav,Noise
20210225T083000+0100_Short-term_Makokou__t00809s__conf0.59.wav,Noise
20210225T083000+0100_Short-term_Makokou__t00861s__conf0.70.wav,Noise
20210225T083000+0100_Short-term_Makokou__t00862s__conf0.59.wav,Noise
20210225T083000+0100_Short-term_Makokou__t00865s__conf0.55.wav,Noise
20210225T083000+0100_Short-term_Makokou__t00937s__conf0.61.wav,Noise
20210225T083000+0100_Short-term_Makokou__t00941s__conf0.81.wav,Noise
20210225T083000+0100_Short-term_Makokou__t00967s__conf0.53.wav,Noise
20210225T083000+0100_Short-term_Makokou__t01032s__conf0.50.wav,Noise
20210225T083000+0100_Short-term_Makokou__t01056s__conf0.52.wav,Noise
20210225T083000+0100_Short-term_Makokou__t01125s__conf0.56.wav,Noise
20210225T083000+0100_Short-term_Makokou__t01184s__conf0.61.wav,Noise
20210225T083000+0100_Short-term_Makokou__t01185s__conf0.77.wav,Noise
20210225T083000+0100_Short-term_Makokou__t01245s__conf0.67.wav,Noise
20210225T083000+0100_Short-term_Makokou__t01435s__conf0.62.wav,Noise
20210225T083000+0100_Short-term_Makokou__t01436s__conf0.58.wav,Noise
20210225T083000+0100_Short-term_Makokou__t01437s__conf0.53.wav,Noise
20210225T083000+0100_Short-term_Makokou__t01438s__conf0.71.wav,Noise
20210225T083000+0100_Short-term_Makokou__t01474s__conf0.77.wav,Noise
20210225T083000+0100_Short-term_Makokou__t01475s__conf0.69.wav,Noise
20210225T083000+0100_Short-term_Makokou__t01556s__conf0.57.wav,Noise
20210225T083000+0100_Short-term_Makokou__t01598s__conf0.68.wav,Noise
20210225T083000+0100_Short-term_Makokou__t01599s__conf0.73.wav,Noise
20210225T083000+0100_Short-term_Makokou__t01734s__conf0.74.wav,Noise
20210225T083000+0100_Short-term_Makokou__t01735s__conf0.69.wav,Noise
20210225T083000+0100_Short-term_Makokou__t01736s__conf0.54.wav,Noise
20210225T083000+0100_Short-term_Makokou__t01791s__conf0.73.wav,Noise
20210225T083000+0100_Short-term_Makokou__t01792s__conf0.86.wav,Noise
20210225T083000+0100_Short-term_Makokou__t01792s__conf0.90.wav,Noise
20210225T090000+0100_Short-term_Makokou__t00110s__conf0.78.wav,Noise
20210225T090000+0100_Short-term_Makokou__t00111s__conf0.76.wav,Noise
20210225T090000+0100_Short-term_Makokou__t00113s__conf0.79.wav,Noise
20210225T090000+0100_Short-term_Makokou__t00181s__conf0.58.wav,Noise
20210225T090000+0100_Short-term_Makokou__t00184s__conf0.91.wav,Noise
20210225T090000+0100_Short-term_Makokou__t00184s__conf0.92.wav,Noise
20210225T090000+0100_Short-term_Makokou__t00185s__conf0.93.wav,Noise
20210225T090000+0100_Short-term_Makokou__t00185s__conf0.96.wav,Noise
20210225T090000+0100_Short-term_Makokou__t00388s__conf0.94.wav,Potential C
20210225T090000+0100_Short-term_Makokou__t00414s__conf0.92.wav,C pogonias
20210225T090000+0100_Short-term_Makokou__t00415s__conf0.69.wav,C pogonias
20210225T090000+0100_Short-term_Makokou__t00424s__conf0.54.wav,Noise
20210225T090000+0100_Short-term_Makokou__t00461s__conf0.72.wav,Noise
20210225T090000+0100_Short-term_Makokou__t00462s__conf0.51.wav,Noise
20210225T090000+0100_Short-term_Makokou__t00465s__conf0.55.wav,Noise
20210225T090000+0100_Short-term_Makokou__t00480s__conf0.52.wav,Noise
20210225T090000+0100_Short-term_Makokou__t00505s__conf0.65.wav,Noise
20210225T090000+0100_Short-term_Makokou__t00514s__conf0.67.wav,Noise
20210225T090000+0100_Short-term_Makokou__t00522s__conf0.57.wav,Noise
20210225T090000+0100_Short-term_Makokou__t00523s__conf0.51.wav,Noise
20210225T090000+0100_Short-term_Makokou__t00524s__conf0.53.wav,Noise
20210225T090000+0100_Short-term_Makokou__t00525s__conf0.50.wav,Noise
20210225T090000+0100_Short-term_Makokou__t00528s__conf0.91.wav,Noise
20210225T090000+0100_Short-term_Makokou__t00529s__conf0.82.wav,Noise
20210225T090000+0100_Short-term_Makokou__t00630s__conf0.51.wav,Noise
20210225T090000+0100_Short-term_Makokou__t00737s__conf0.69.wav,Noise
20210225T090000+0100_Short-term_Makokou__t00823s__conf0.88.wav,Noise
20210225T090000+0100_Short-term_Makokou__t00824s__conf0.93.wav,Noise
20210225T090000+0100_Short-term_Makokou__t00826s__conf0.73.wav,Noise
20210225T090000+0100_Short-term_Makokou__t00827s__conf0.54.wav,Noise
20210225T090000+0100_Short-term_Makokou__t00856s__conf0.70.wav,Noise
20210225T090000+0100_Short-term_Makokou__t00949s__conf0.66.wav,Noise
20210225T090000+0100_Short-term_Makokou__t00983s__conf0.70.wav,Noise
20210225T090000+0100_Short-term_Makokou__t00984s__conf0.64.wav,Noise
20210225T090000+0100_Short-term_Makokou__t00989s__conf0.66.wav,Noise
20210225T090000+0100_Short-term_Makokou__t01063s__conf0.77.wav,Noise
20210225T090000+0100_Short-term_Makokou__t01064s__conf0.53.wav,Noise
20210225T090000+0100_Short-term_Makokou__t01076s__conf0.53.wav,Noise
20210225T090000+0100_Short-term_Makokou__t01077s__conf0.65.wav,Noise
20210225T090000+0100_Short-term_Makokou__t01089s__conf0.70.wav,Noise
20210225T090000+0100_Short-term_Makokou__t01108s__conf0.63.wav,Noise
20210225T090000+0100_Short-term_Makokou__t01110s__conf0.50.wav,Noise
20210225T090000+0100_Short-term_Makokou__t01111s__conf0.65.wav,Noise
20210225T090000+0100_Short-term_Makokou__t01112s__conf0.64.wav,Noise
20210225T090000+0100_Short-term_Makokou__t01130s__conf0.54.wav,Noise
20210225T090000+0100_Short-term_Makokou__t01149s__conf0.80.wav,Noise
20210225T090000+0100_Short-term_Makokou__t01149s__conf0.91.wav,Noise
20210225T090000+0100_Short-term_Makokou__t01150s__conf0.77.wav,Noise
20210225T090000+0100_Short-term_Makokou__t01305s__conf0.57.wav,Noise
20210225T090000+0100_Short-term_Makokou__t01338s__conf0.85.wav,Noise
20210225T090000+0100_Short-term_Makokou__t01339s__conf0.81.wav,Noise
20210225T090000+0100_Short-term_Makokou__t01340s__conf0.62.wav,Noise
20210225T090000+0100_Short-term_Makokou__t01363s__conf0.56.wav,Noise
20210225T093000+0100_Short-term_Makokou__t00045s__conf0.52.wav,Noise
20210225T093000+0100_Short-term_Makokou__t00226s__conf0.60.wav,Noise
20210225T093000+0100_Short-term_Makokou__t00305s__conf0.82.wav,Noise
20210225T093000+0100_Short-term_Makokou__t00327s__conf0.65.wav,Noise
20210225T093000+0100_Short-term_Makokou__t00731s__conf0.60.wav,Noise
20210225T093000+0100_Short-term_Makokou__t00787s__conf0.59.wav,Noise
20210225T093000+0100_Short-term_Makokou__t00802s__conf0.65.wav,Noise
20210225T093000+0100_Short-term_Makokou__t00837s__conf0.54.wav,Noise
20210225T093000+0100_Short-term_Makokou__t00838s__conf0.69.wav,Noise
20210225T093000+0100_Short-term_Makokou__t00864s__conf0.64.wav,Noise
20210225T093000+0100_Short-term_Makokou__t00865s__conf0.76.wav,Noise
20210225T093000+0100_Short-term_Makokou__t00897s__conf0.57.wav,Noise
20210225T093000+0100_Short-term_Makokou__t01425s__conf0.56.wav,Noise
20210225T093000+0100_Short-term_Makokou__t01469s__conf0.59.wav,Noise
20210225T093000+0100_Short-term_Makokou__t01644s__conf0.51.wav,Noise
20210225T093000+0100_Short-term_Makokou__t01645s__conf0.57.wav,Noise
20210225T093000+0100_Short-term_Makokou__t01673s__conf0.76.wav,Noise
20210225T093000+0100_Short-term_Makokou__t01675s__conf0.91.wav,Noise
20210225T093000+0100_Short-term_Makokou__t01676s__conf0.71.wav,Noise
20210225T093000+0100_Short-term_Makokou__t01680s__conf0.63.wav,Noise
20210225T093000+0100_Short-term_Makokou__t01685s__conf0.67.wav,Noise
20210225T093000+0100_Short-term_Makokou__t01771s__conf0.54.wav,Noise
20210225T093000+0100_Short-term_Makokou__t01782s__conf0.70.wav,Noise
20210225T100000+0100_Short-term_Makokou__t00011s__conf0.59.wav,Noise
20210225T100000+0100_Short-term_Makokou__t00012s__conf0.53.wav,Noise
20210225T100000+0100_Short-term_Makokou__t00238s__conf0.76.wav,Noise
20210225T100000+0100_Short-term_Makokou__t00239s__conf0.70.wav,Noise
20210225T100000+0100_Short-term_Makokou__t00277s__conf0.60.wav,Noise
20210225T100000+0100_Short-term_Makokou__t00608s__conf0.72.wav,Noise
20210225T100000+0100_Short-term_Makokou__t00828s__conf0.87.wav,Noise
20210225T100000+0100_Short-term_Makokou__t00829s__conf0.90.wav,Noise
20210225T100000+0100_Short-term_Makokou__t00934s__conf0.58.wav,Noise
20210225T100000+0100_Short-term_Makokou__t00935s__conf0.56.wav,Noise
20210225T100000+0100_Short-term_Makokou__t00953s__conf0.55.wav,Noise
20210225T100000+0100_Short-term_Makokou__t01009s__conf0.67.wav,Noise
20210225T100000+0100_Short-term_Makokou__t01014s__conf0.83.wav,Noise
20210225T100000+0100_Short-term_Makokou__t01015s__conf0.91.wav,Noise
20210225T100000+0100_Short-term_Makokou__t01022s__conf0.86.wav,Noise
20210225T100000+0100_Short-term_Makokou__t01023s__conf0.76.wav,Noise
20210225T100000+0100_Short-term_Makokou__t01053s__conf0.56.wav,Noise
20210225T100000+0100_Short-term_Makokou__t01055s__conf0.62.wav,Noise
20210225T100000+0100_Short-term_Makokou__t01057s__conf0.49.wav,Noise
20210225T100000+0100_Short-term_Makokou__t01058s__conf0.52.wav,Noise
20210225T100000+0100_Short-term_Makokou__t01059s__conf0.74.wav,Noise
20210225T100000+0100_Short-term_Makokou__t01063s__conf0.66.wav,Noise
20210225T100000+0100_Short-term_Makokou__t01071s__conf0.83.wav,Noise
20210225T100000+0100_Short-term_Makokou__t01078s__conf0.74.wav,Noise
20210225T100000+0100_Short-term_Makokou__t01100s__conf0.82.wav,Noise
20210225T100000+0100_Short-term_Makokou__t01111s__conf0.66.wav,Noise
20210225T100000+0100_Short-term_Makokou__t01112s__conf0.57.wav,Noise
20210225T100000+0100_Short-term_Makokou__t01113s__conf0.88.wav,Noise
20210225T100000+0100_Short-term_Makokou__t01114s__conf0.85.wav,Noise
20210225T100000+0100_Short-term_Makokou__t01116s__conf0.78.wav,Noise
20210225T100000+0100_Short-term_Makokou__t01122s__conf0.85.wav,Noise
20210225T100000+0100_Short-term_Makokou__t01131s__conf0.70.wav,Noise
20210225T100000+0100_Short-term_Makokou__t01135s__conf0.56.wav,Noise
20210225T100000+0100_Short-term_Makokou__t01138s__conf0.64.wav,Noise
20210225T100000+0100_Short-term_Makokou__t01228s__conf0.53.wav,Noise
20210225T100000+0100_Short-term_Makokou__t01503s__conf0.81.wav,Noise
20210225T100000+0100_Short-term_Makokou__t01521s__conf0.64.wav,Noise
20210225T100000+0100_Short-term_Makokou__t01522s__conf0.80.wav,Noise
20210225T100000+0100_Short-term_Makokou__t01783s__conf0.50.wav,Noise
20210225T103000+0100_Short-term_Makokou__t00089s__conf0.54.wav,Noise
20210225T103000+0100_Short-term_Makokou__t00090s__conf0.87.wav,Noise
20210225T103000+0100_Short-term_Makokou__t00103s__conf0.93.wav,Noise
20210225T103000+0100_Short-term_Makokou__t00138s__conf0.60.wav,Noise
20210225T103000+0100_Short-term_Makokou__t00168s__conf0.62.wav,Noise
20210225T103000+0100_Short-term_Makokou__t00175s__conf0.61.wav,Noise
20210225T103000+0100_Short-term_Makokou__t00176s__conf0.82.wav,Noise
20210225T103000+0100_Short-term_Makokou__t00229s__conf0.52.wav,Noise
20210225T103000+0100_Short-term_Makokou__t00297s__conf0.55.wav,Noise
20210225T103000+0100_Short-term_Makokou__t00298s__conf0.50.wav,Noise
20210225T103000+0100_Short-term_Makokou__t00362s__conf0.81.wav,Noise
20210225T103000+0100_Short-term_Makokou__t00363s__conf0.63.wav,Noise
20210225T103000+0100_Short-term_Makokou__t00385s__conf0.72.wav,Noise
20210225T103000+0100_Short-term_Makokou__t00386s__conf0.76.wav,Noise
20210225T103000+0100_Short-term_Makokou__t00387s__conf0.84.wav,Noise
20210225T103000+0100_Short-term_Makokou__t00394s__conf0.57.wav,Noise
20210225T103000+0100_Short-term_Makokou__t00412s__conf0.67.wav,Noise
20210225T103000+0100_Short-term_Makokou__t00413s__conf0.86.wav,Noise
20210225T103000+0100_Short-term_Makokou__t00444s__conf0.72.wav,Noise
20210225T103000+0100_Short-term_Makokou__t00467s__conf0.57.wav,Noise
20210225T103000+0100_Short-term_Makokou__t00468s__conf0.71.wav,Noise
20210225T103000+0100_Short-term_Makokou__t00469s__conf0.77.wav,Noise
20210225T103000+0100_Short-term_Makokou__t00470s__conf0.83.wav,Noise
20210225T103000+0100_Short-term_Makokou__t00471s__conf0.57.wav,Noise
20210225T103000+0100_Short-term_Makokou__t00488s__conf0.56.wav,Noise
20210225T103000+0100_Short-term_Makokou__t00553s__conf0.61.wav,Noise
20210225T103000+0100_Short-term_Makokou__t00554s__conf0.87.wav,Noise
20210225T103000+0100_Short-term_Makokou__t00556s__conf0.58.wav,Noise
20210225T103000+0100_Short-term_Makokou__t00563s__conf0.67.wav,Noise
20210225T103000+0100_Short-term_Makokou__t00667s__conf0.81.wav,Noise
20210225T103000+0100_Short-term_Makokou__t00668s__conf0.73.wav,Noise
20210225T103000+0100_Short-term_Makokou__t00673s__conf0.56.wav,Noise
20210225T103000+0100_Short-term_Makokou__t00718s__conf0.57.wav,Noise
20210225T103000+0100_Short-term_Makokou__t00735s__conf0.59.wav,Noise
20210225T103000+0100_Short-term_Makokou__t00752s__conf0.60.wav,Noise
20210225T103000+0100_Short-term_Makokou__t00757s__conf0.89.wav,Noise
20210225T103000+0100_Short-term_Makokou__t00758s__conf0.77.wav,Noise
20210225T103000+0100_Short-term_Makokou__t00759s__conf0.81.wav,Noise
20210225T103000+0100_Short-term_Makokou__t00760s__conf0.54.wav,Noise
20210225T103000+0100_Short-term_Makokou__t00776s__conf0.52.wav,Noise
20210225T103000+0100_Short-term_Makokou__t00802s__conf0.75.wav,Noise
20210225T103000+0100_Short-term_Makokou__t00803s__conf0.50.wav,Noise
20210225T103000+0100_Short-term_Makokou__t00826s__conf0.79.wav,Noise
20210225T103000+0100_Short-term_Makokou__t00843s__conf0.77.wav,Noise
20210225T103000+0100_Short-term_Makokou__t00844s__conf0.66.wav,Noise
20210225T103000+0100_Short-term_Makokou__t00913s__conf0.50.wav,Noise
20210225T103000+0100_Short-term_Makokou__t00929s__conf0.53.wav,Noise
20210225T103000+0100_Short-term_Makokou__t00930s__conf0.83.wav,Noise
20210225T103000+0100_Short-term_Makokou__t00955s__conf0.57.wav,Noise
20210225T103000+0100_Short-term_Makokou__t00984s__conf0.84.wav,Noise
20210225T103000+0100_Short-term_Makokou__t00989s__conf0.53.wav,Noise
20210225T103000+0100_Short-term_Makokou__t00990s__conf0.52.wav,Noise
20210225T103000+0100_Short-term_Makokou__t00999s__conf0.85.wav,Noise
20210225T103000+0100_Short-term_Makokou__t01000s__conf0.93.wav,Noise
20210225T103000+0100_Short-term_Makokou__t01031s__conf0.60.wav,Noise
20210225T103000+0100_Short-term_Makokou__t01062s__conf0.67.wav,Noise
20210225T103000+0100_Short-term_Makokou__t01063s__conf0.50.wav,Noise
20210225T103000+0100_Short-term_Makokou__t01103s__conf0.59.wav,Noise
20210225T103000+0100_Short-term_Makokou__t01104s__conf0.95.wav,Noise
20210225T103000+0100_Short-term_Makokou__t01105s__conf0.86.wav,Noise
20210225T103000+0100_Short-term_Makokou__t01106s__conf0.56.wav,Noise
20210225T103000+0100_Short-term_Makokou__t01154s__conf0.78.wav,Noise
20210225T103000+0100_Short-term_Makokou__t01162s__conf0.85.wav,Noise
20210225T103000+0100_Short-term_Makokou__t01163s__conf0.62.wav,Noise
20210225T103000+0100_Short-term_Makokou__t01242s__conf0.52.wav,Noise
20210225T103000+0100_Short-term_Makokou__t01257s__conf0.84.wav,Noise
20210225T103000+0100_Short-term_Makokou__t01258s__conf0.58.wav,Noise
20210225T103000+0100_Short-term_Makokou__t01282s__conf0.61.wav,Noise
20210225T103000+0100_Short-term_Makokou__t01321s__conf0.63.wav,Noise
20210225T103000+0100_Short-term_Makokou__t01322s__conf0.58.wav,Noise
20210225T103000+0100_Short-term_Makokou__t01438s__conf0.50.wav,Noise
20210225T103000+0100_Short-term_Makokou__t01439s__conf0.74.wav,Noise
20210225T103000+0100_Short-term_Makokou__t01482s__conf0.53.wav,Noise
20210225T103000+0100_Short-term_Makokou__t01483s__conf0.59.wav,Noise
20210225T103000+0100_Short-term_Makokou__t01489s__conf0.58.wav,Noise
20210225T103000+0100_Short-term_Makokou__t01490s__conf0.68.wav,Noise
20210225T103000+0100_Short-term_Makokou__t01491s__conf0.59.wav,Noise
20210225T103000+0100_Short-term_Makokou__t01496s__conf0.57.wav,Noise
20210225T103000+0100_Short-term_Makokou__t01568s__conf0.81.wav,Noise
20210225T103000+0100_Short-term_Makokou__t01569s__conf0.68.wav,Noise
20210225T103000+0100_Short-term_Makokou__t01596s__conf0.71.wav,Noise
20210225T103000+0100_Short-term_Makokou__t01597s__conf0.64.wav,Noise
20210225T103000+0100_Short-term_Makokou__t01600s__conf0.58.wav,Noise
20210225T103000+0100_Short-term_Makokou__t01623s__conf0.59.wav,Noise
20210225T103000+0100_Short-term_Makokou__t01673s__conf0.54.wav,Noise
20210225T103000+0100_Short-term_Makokou__t01675s__conf0.77.wav,Noise
20210225T103000+0100_Short-term_Makokou__t01676s__conf0.82.wav,Noise
20210225T103000+0100_Short-term_Makokou__t01732s__conf0.52.wav,Noise
20210225T103000+0100_Short-term_Makokou__t01732s__conf0.84.wav,Noise
20210225T103000+0100_Short-term_Makokou__t01733s__conf0.56.wav,Noise
20210225T103000+0100_Short-term_Makokou__t01733s__conf0.94.wav,Noise
20210225T103000+0100_Short-term_Makokou__t01746s__conf0.61.wav,Noise
20220609T123000+0100_Short-term_Makokou11.wav,Noise
S20210222T065951053+0100_E20210222T072949357+0100___t00132s__conf0.68.wav,Noise
S20210222T065951053+0100_E20210222T072949357+0100___t00328s__conf0.50.wav,Noise
S20210222T065951053+0100_E20210222T072949357+0100___t00359s__conf0.93.wav,Noise
S20210222T065951053+0100_E20210222T072949357+0100___t00366s__conf0.61.wav,Noise
S20210222T065951053+0100_E20210222T072949357+0100___t00395s__conf0.76.wav,Noise
S20210222T065951053+0100_E20210222T072949357+0100___t00577s__conf0.83.wav,Noise
S20210222T065951053+0100_E20210222T072949357+0100___t01177s__conf0.78.wav,Noise
S20210222T065951053+0100_E20210222T072949357+0100___t01178s__conf0.55.wav,Noise
S20210222T065951053+0100_E20210222T072949357+0100___t01442s__conf0.53.wav,Noise
S20210222T065951053+0100_E20210222T072949357+0100___t01712s__conf0.56.wav,Noise
S20210222T072950967+0100_E20210222T075949665+0100___t00094s__conf0.68.wav,Noise
S20210222T072958482+0100_E20210222T075956269+0100___t00949s__conf0.63.wav,Noise
S20210222T074833121+0100_E20210222T080014450+0100___t00027s__conf0.99.wav,Noise
S20210222T074833121+0100_E20210222T080014450+0100___t00041s__conf0.94.wav,Noise
S20210222T074833121+0100_E20210222T080014450+0100___t00051s__conf1.00.wav,Noise
S20210222T074833121+0100_E20210222T080014450+0100___t00052s__conf0.92.wav,Noise
S20210222T074833121+0100_E20210222T080014450+0100___t00176s__conf1.00.wav,Noise
S20210222T074833121+0100_E20210222T080014450+0100___t00232s__conf0.69.wav,Noise
S20210222T074833121+0100_E20210222T080014450+0100___t00258s__conf0.73.wav,Noise
S20210222T074833121+0100_E20210222T080014450+0100___t00265s__conf1.00.wav,Noise
S20210222T074833121+0100_E20210222T080014450+0100___t00266s__conf1.00.wav,Noise
S20210222T074833121+0100_E20210222T080014450+0100___t00277s__conf0.86.wav,Noise
S20210222T074833121+0100_E20210222T080014450+0100___t00282s__conf0.56.wav,Noise
S20210222T074833121+0100_E20210222T080014450+0100___t00297s__conf1.00.wav,Noise
S20210222T074833121+0100_E20210222T080014450+0100___t00298s__conf1.00.wav,Noise
S20210222T074833121+0100_E20210222T080014450+0100___t00303s__conf0.89.wav,Noise
S20210222T074833121+0100_E20210222T080014450+0100___t00312s__conf1.00.wav,Noise
S20210222T074833121+0100_E20210222T080014450+0100___t00313s__conf1.00.wav,Noise
S20210222T074833121+0100_E20210222T080014450+0100___t00321s__conf0.90.wav,Noise
S20210222T074833121+0100_E20210222T080014450+0100___t00335s__conf0.70.wav,Noise
S20210222T074833121+0100_E20210222T080014450+0100___t00356s__conf0.97.wav,Noise
S20210222T074833121+0100_E20210222T080014450+0100___t00384s__conf0.84.wav,Noise
S20210222T074833121+0100_E20210222T080014450+0100___t00465s__conf0.99.wav,Noise
S20210222T075951631+0100_E20210222T082949029+0100___t00151s__conf0.56.wav,Noise
S20210222T075951631+0100_E20210222T082949029+0100___t00168s__conf0.52.wav,Noise
S20210222T075951631+0100_E20210222T082949029+0100___t00173s__conf0.78.wav,Noise
S20210222T075951631+0100_E20210222T082949029+0100___t00174s__conf0.68.wav,Noise
S20210222T075951631+0100_E20210222T082949029+0100___t00176s__conf0.65.wav,Noise
S20210222T075951631+0100_E20210222T082949029+0100___t00179s__conf0.49.wav,Noise
S20210222T075951631+0100_E20210222T082949029+0100___t00181s__conf0.64.wav,Noise
S20210222T075951631+0100_E20210222T082949029+0100___t00191s__conf0.43.wav,Noise
S20210222T075951631+0100_E20210222T082949029+0100___t00218s__conf0.53.wav,Noise
S20210222T075951631+0100_E20210222T082949029+0100___t00219s__conf0.63.wav,Noise
S20210222T075951631+0100_E20210222T082949029+0100___t00299s__conf0.64.wav,Noise
S20210222T075951631+0100_E20210222T082949029+0100___t00359s__conf0.62.wav,Noise
S20210222T075951631+0100_E20210222T082949029+0100___t00422s__conf0.56.wav,Noise
S20210222T075951631+0100_E20210222T082949029+0100___t00452s__conf0.74.wav,Noise
S20210222T075951631+0100_E20210222T082949029+0100___t00453s__conf0.71.wav,Noise
S20210222T075951631+0100_E20210222T082949029+0100___t00460s__conf0.52.wav,Noise
S20210222T075951631+0100_E20210222T082949029+0100___t00462s__conf0.49.wav,Noise
S20210222T075951631+0100_E20210222T082949029+0100___t00483s__conf0.58.wav,Noise
S20210222T075951631+0100_E20210222T082949029+0100___t00508s__conf0.56.wav,Noise
S20210222T075951631+0100_E20210222T082949029+0100___t01515s__conf0.94.wav,Noise
S20210222T075951631+0100_E20210222T082949029+0100___t01516s__conf0.97.wav,Noise
S20210222T075951631+0100_E20210222T082949029+0100___t01517s__conf0.90.wav,Noise
S20210222T075951631+0100_E20210222T082949029+0100___t01518s__conf0.75.wav,Noise
S20210222T075951631+0100_E20210222T082949029+0100___t01536s__conf0.99.wav,Noise
S20210222T080018801+0100_E20210222T083014849+0100___t00121s__conf0.76.wav,Noise
S20210222T080018801+0100_E20210222T083014849+0100___t00150s__conf0.94.wav,Noise
S20210222T080018801+0100_E20210222T083014849+0100___t00167s__conf0.74.wav,Noise
S20210222T080018801+0100_E20210222T083014849+0100___t00184s__conf0.98.wav,Noise
S20210222T080018801+0100_E20210222T083014849+0100___t00240s__conf0.72.wav,Noise
S20210222T080018801+0100_E20210222T083014849+0100___t00299s__conf0.55.wav,Noise
S20210222T080018801+0100_E20210222T083014849+0100___t00300s__conf0.81.wav,Noise
S20210222T080018801+0100_E20210222T083014849+0100___t00314s__conf0.57.wav,Noise
S20210222T080018801+0100_E20210222T083014849+0100___t00327s__conf0.53.wav,Noise
S20210222T080018801+0100_E20210222T083014849+0100___t00386s__conf0.99.wav,Noise
S20210222T080018801+0100_E20210222T083014849+0100___t00387s__conf1.00.wav,Noise
S20210222T080018801+0100_E20210222T083014849+0100___t00392s__conf0.57.wav,Noise
S20210222T080018801+0100_E20210222T083014849+0100___t00432s__conf0.98.wav,Noise
S20210222T080018801+0100_E20210222T083014849+0100___t00433s__conf0.89.wav,Noise
S20210222T080018801+0100_E20210222T083014849+0100___t00434s__conf0.66.wav,Noise
S20210222T080018801+0100_E20210222T083014849+0100___t00438s__conf0.94.wav,Noise
S20210222T080018801+0100_E20210222T083014849+0100___t00444s__conf1.00.wav,Noise
S20210222T080018801+0100_E20210222T083014849+0100___t00445s__conf0.99.wav,Noise
S20210222T080018801+0100_E20210222T083014849+0100___t00447s__conf1.00.wav,Noise
S20210222T080018801+0100_E20210222T083014849+0100___t00460s__conf0.97.wav,Noise
S20210222T080018801+0100_E20210222T083014849+0100___t00479s__conf0.91.wav,Noise
S20210222T080018801+0100_E20210222T083014849+0100___t00480s__conf0.98.wav,Noise
S20210222T080018801+0100_E20210222T083014849+0100___t00481s__conf0.76.wav,Noise
S20210222T080018801+0100_E20210222T083014849+0100___t00487s__conf0.99.wav,Noise
S20210222T080018801+0100_E20210222T083014849+0100___t00488s__conf1.00.wav,Noise
S20210222T080018801+0100_E20210222T083014849+0100___t00490s__conf0.87.wav,Noise
S20210222T080018801+0100_E20210222T083014849+0100___t00494s__conf0.75.wav,Noise
S20210222T080018801+0100_E20210222T083014849+0100___t00495s__conf0.99.wav,Noise
S20210222T080018801+0100_E20210222T083014849+0100___t00496s__conf1.00.wav,Noise
S20210222T080018801+0100_E20210222T083014849+0100___t00501s__conf0.68.wav,Noise
S20210222T080018801+0100_E20210222T083014849+0100___t00508s__conf0.92.wav,Noise
S20210222T080018801+0100_E20210222T083014849+0100___t00509s__conf0.98.wav,Noise
S20210222T080018801+0100_E20210222T083014849+0100___t00516s__conf0.99.wav,Noise
S20210222T080018801+0100_E20210222T083014849+0100___t00517s__conf0.99.wav,Noise
S20210222T080018801+0100_E20210222T083014849+0100___t00518s__conf0.90.wav,Noise
S20210222T080018801+0100_E20210222T083014849+0100___t00519s__conf0.75.wav,Noise
S20210222T080018801+0100_E20210222T083014849+0100___t00522s__conf0.99.wav,Noise
S20210222T080018801+0100_E20210222T083014849+0100___t00523s__conf1.00.wav,Noise
S20210222T080018801+0100_E20210222T083014849+0100___t00525s__conf0.53.wav,Noise
S20210222T080018801+0100_E20210222T083014849+0100___t00527s__conf0.94.wav,Noise
S20210222T080018801+0100_E20210222T083014849+0100___t00528s__conf0.86.wav,Noise
S20210222T080018801+0100_E20210222T083014849+0100___t00530s__conf1.00.wav,Noise
S20210222T080018801+0100_E20210222T083014849+0100___t00531s__conf1.00.wav,Noise
S20210222T080018801+0100_E20210222T083014849+0100___t00532s__conf0.87.wav,Noise
S20210222T080018801+0100_E20210222T083014849+0100___t00536s__conf0.97.wav,Noise
S20210222T080018801+0100_E20210222T083014849+0100___t00539s__conf0.60.wav,Noise
S20210222T080018801+0100_E20210222T083014849+0100___t00542s__conf0.97.wav,Noise
S20210222T080018801+0100_E20210222T083014849+0100___t00543s__conf1.00.wav,Noise
S20210222T080018801+0100_E20210222T083014849+0100___t00544s__conf0.50.wav,Noise
S20210222T080018801+0100_E20210222T083014849+0100___t00551s__conf1.00.wav,Noise
S20210222T080018801+0100_E20210222T083014849+0100___t00552s__conf1.00.wav,Noise
S20210222T080018801+0100_E20210222T083014849+0100___t00553s__conf1.00.wav,Noise
S20210222T080018801+0100_E20210222T083014849+0100___t00554s__conf1.00.wav,Noise
S20210222T080018801+0100_E20210222T083014849+0100___t00555s__conf1.00.wav,Noise
S20210222T080018801+0100_E20210222T083014849+0100___t00556s__conf0.94.wav,Noise
S20210222T080018801+0100_E20210222T083014849+0100___t00557s__conf0.77.wav,Noise
S20210222T080018801+0100_E20210222T083014849+0100___t00558s__conf0.92.wav,Noise
S20210222T080018801+0100_E20210222T083014849+0100___t00559s__conf0.50.wav,Noise
S20210222T080018801+0100_E20210222T083014849+0100___t00560s__conf0.55.wav,Noise
S20210222T080018801+0100_E20210222T083014849+0100___t00561s__conf0.76.wav,Noise
S20210222T080018801+0100_E20210222T083014849+0100___t00562s__conf0.97.wav,Noise
S20210222T080018801+0100_E20210222T083014849+0100___t00563s__conf1.00.wav,Noise
S20210222T080018801+0100_E20210222T083014849+0100___t00564s__conf1.00.wav,Noise
S20210222T080018801+0100_E20210222T083014849+0100___t00565s__conf0.94.wav,Noise
S20210222T080018801+0100_E20210222T083014849+0100___t00566s__conf0.93.wav,Noise
S20210222T080018801+0100_E20210222T083014849+0100___t00570s__conf0.79.wav,Noise
S20210222T080018801+0100_E20210222T083014849+0100___t00572s__conf0.52.wav,Noise
S20210222T080018801+0100_E20210222T083014849+0100___t00573s__conf0.69.wav,Noise
S20210222T080018801+0100_E20210222T083014849+0100___t00580s__conf0.82.wav,Noise
S20210222T080018801+0100_E20210222T083014849+0100___t00583s__conf0.76.wav,Noise
S20210222T080018801+0100_E20210222T083014849+0100___t00584s__conf0.89.wav,Noise
S20210222T080018801+0100_E20210222T083014849+0100___t00585s__conf0.59.wav,Noise
S20210222T080018801+0100_E20210222T083014849+0100___t00589s__conf0.51.wav,Noise
S20210222T080018801+0100_E20210222T083014849+0100___t00590s__conf0.67.wav,Noise
S20210222T080018801+0100_E20210222T083014849+0100___t00592s__conf0.96.wav,Noise
S20210222T080018801+0100_E20210222T083014849+0100___t00599s__conf0.99.wav,Noise
S20210222T080018801+0100_E20210222T083014849+0100___t00600s__conf0.94.wav,Noise
S20210222T080018801+0100_E20210222T083014849+0100___t00601s__conf0.75.wav,Noise
S20210222T080018801+0100_E20210222T083014849+0100___t00615s__conf0.87.wav,Noise
S20210222T080018801+0100_E20210222T083014849+0100___t00619s__conf0.91.wav,Noise
S20210222T080018801+0100_E20210222T083014849+0100___t00624s__conf0.97.wav,Noise
S20210222T080018801+0100_E20210222T083014849+0100___t00625s__conf0.79.wav,Noise
S20210222T080018801+0100_E20210222T083014849+0100___t00626s__conf0.77.wav,Noise
S20210222T080018801+0100_E20210222T083014849+0100___t00628s__conf0.62.wav,Noise
S20210222T080018801+0100_E20210222T083014849+0100___t00633s__conf0.98.wav,Noise
S20210222T080018801+0100_E20210222T083014849+0100___t00634s__conf0.99.wav,Noise
S20210222T080018801+0100_E20210222T083014849+0100___t00635s__conf0.61.wav,Noise
S20210222T080018801+0100_E20210222T083014849+0100___t00637s__conf1.00.wav,Noise
S20210222T080018801+0100_E20210222T083014849+0100___t00638s__conf0.99.wav,Noise
S20210222T080018801+0100_E20210222T083014849+0100___t00639s__conf0.58.wav,Noise
S20210222T080018801+0100_E20210222T083014849+0100___t00644s__conf0.92.wav,Noise
S20210222T080018801+0100_E20210222T083014849+0100___t00646s__conf1.00.wav,Noise
S20210222T080018801+0100_E20210222T083014849+0100___t00647s__conf1.00.wav,Noise
S20210222T080018801+0100_E20210222T083014849+0100___t00648s__conf0.86.wav,Noise
S20210222T080018801+0100_E20210222T083014849+0100___t00653s__conf0.92.wav,Noise
S20210222T080018801+0100_E20210222T083014849+0100___t00654s__conf0.88.wav,Noise
S20210222T080018801+0100_E20210222T083014849+0100___t00656s__conf1.00.wav,Noise
S20210222T080018801+0100_E20210222T083014849+0100___t00657s__conf1.00.wav,Noise
S20210222T080018801+0100_E20210222T083014849+0100___t00658s__conf1.00.wav,Noise
S20210222T080018801+0100_E20210222T083014849+0100___t00662s__conf0.84.wav,Noise
S20210222T080018801+0100_E20210222T083014849+0100___t00663s__conf0.75.wav,Noise
S20210222T080018801+0100_E20210222T083014849+0100___t00666s__conf0.93.wav,Noise
S20210222T080018801+0100_E20210222T083014849+0100___t00667s__conf0.85.wav,Noise
S20210222T080018801+0100_E20210222T083014849+0100___t00668s__conf0.77.wav,Noise
S20210222T080018801+0100_E20210222T083014849+0100___t00669s__conf0.94.wav,Noise
S20210222T080018801+0100_E20210222T083014849+0100___t00671s__conf0.66.wav,Noise
S20210222T080018801+0100_E20210222T083014849+0100___t00685s__conf0.63.wav,Noise
S20210222T080018801+0100_E20210222T083014849+0100___t00687s__conf0.78.wav,Noise
S20210222T080018801+0100_E20210222T083014849+0100___t00688s__conf0.86.wav,Noise
S20210222T080018801+0100_E20210222T083014849+0100___t00689s__conf0.56.wav,Noise
S20210222T080018801+0100_E20210222T083014849+0100___t00691s__conf0.82.wav,Noise
S20210222T080018801+0100_E20210222T083014849+0100___t00695s__conf1.00.wav,Noise
S20210222T080018801+0100_E20210222T083014849+0100___t00699s__conf0.88.wav,Noise
S20210222T080018801+0100_E20210222T083014849+0100___t00701s__conf0.64.wav,Noise
S20210222T080018801+0100_E20210222T083014849+0100___t00702s__conf1.00.wav,Noise
S20210222T080018801+0100_E20210222T083014849+0100___t00704s__conf0.52.wav,Noise
S20210222T080018801+0100_E20210222T083014849+0100___t00708s__conf1.00.wav,Noise
S20210222T080018801+0100_E20210222T083014849+0100___t00709s__conf0.96.wav,Noise
S20210222T080018801+0100_E20210222T083014849+0100___t00715s__conf0.55.wav,Noise
S20210222T080018801+0100_E20210222T083014849+0100___t00716s__conf0.78.wav,Noise
S20210222T080018801+0100_E20210222T083014849+0100___t00719s__conf0.98.wav,Noise
S20210222T080018801+0100_E20210222T083014849+0100___t00720s__conf0.92.wav,Noise
S20210222T080018801+0100_E20210222T083014849+0100___t00732s__conf0.93.wav,Noise
S20210222T080018801+0100_E20210222T083014849+0100___t00740s__conf0.58.wav,Noise
S20210222T080018801+0100_E20210222T083014849+0100___t00749s__conf0.98.wav,Noise
S20210222T080018801+0100_E20210222T083014849+0100___t00750s__conf1.00.wav,Noise
S20210222T080018801+0100_E20210222T083014849+0100___t00751s__conf1.00.wav,Noise
S20210222T080018801+0100_E20210222T083014849+0100___t00752s__conf0.93.wav,Noise
S20210222T080018801+0100_E20210222T083014849+0100___t00762s__conf0.87.wav,Noise
S20210222T080018801+0100_E20210222T083014849+0100___t00763s__conf0.99.wav,Noise
S20210222T080018801+0100_E20210222T083014849+0100___t00764s__conf1.00.wav,Noise
S20210222T080018801+0100_E20210222T083014849+0100___t00765s__conf0.99.wav,Noise
S20210222T080018801+0100_E20210222T083014849+0100___t00766s__conf0.69.wav,Noise
S20210222T080018801+0100_E20210222T083014849+0100___t00780s__conf0.53.wav,Noise
S20210222T080018801+0100_E20210222T083014849+0100___t00781s__conf0.59.wav,Noise
S20210222T080018801+0100_E20210222T083014849+0100___t00785s__conf0.60.wav,Noise
S20210222T080018801+0100_E20210222T083014849+0100___t00790s__conf0.60.wav,Noise
S20210222T080018801+0100_E20210222T083014849+0100___t00791s__conf0.92.wav,Noise
S20210222T080018801+0100_E20210222T083014849+0100___t00794s__conf0.66.wav,Noise
S20210222T080018801+0100_E20210222T083014849+0100___t00795s__conf0.82.wav,Noise
S20210222T080018801+0100_E20210222T083014849+0100___t00807s__conf0.88.wav,Noise
S20210222T080018801+0100_E20210222T083014849+0100___t00808s__conf1.00.wav,Noise
S20210222T080018801+0100_E20210222T083014849+0100___t00821s__conf0.51.wav,Noise
S20210222T080018801+0100_E20210222T083014849+0100___t00825s__conf0.81.wav,Noise
S20210222T080018801+0100_E20210222T083014849+0100___t00826s__conf0.50.wav,Noise
S20210222T080018801+0100_E20210222T083014849+0100___t00827s__conf0.60.wav,Noise
S20210222T080018801+0100_E20210222T083014849+0100___t00828s__conf0.90.wav,Noise
S20210222T080018801+0100_E20210222T083014849+0100___t00829s__conf0.92.wav,Noise
S20210222T080018801+0100_E20210222T083014849+0100___t00830s__conf0.52.wav,Noise
S20210222T080018801+0100_E20210222T083014849+0100___t00855s__conf0.56.wav,Noise
S20210222T080018801+0100_E20210222T083014849+0100___t00857s__conf0.84.wav,Noise
S20210222T080018801+0100_E20210222T083014849+0100___t00869s__conf0.99.wav,Noise
S20210222T080018801+0100_E20210222T083014849+0100___t00870s__conf1.00.wav,Noise
S20210222T080018801+0100_E20210222T083014849+0100___t00871s__conf0.92.wav,Noise
S20210222T080018801+0100_E20210222T083014849+0100___t00879s__conf0.61.wav,Noise
S20210222T080018801+0100_E20210222T083014849+0100___t00880s__conf0.99.wav,Noise
S20210222T080018801+0100_E20210222T083014849+0100___t00881s__conf0.99.wav,Noise
S20210222T080018801+0100_E20210222T083014849+0100___t00882s__conf0.62.wav,Noise
S20210222T080018801+0100_E20210222T083014849+0100___t00887s__conf0.96.wav,Noise
S20210222T080018801+0100_E20210222T083014849+0100___t00888s__conf0.91.wav,Noise
S20210222T080018801+0100_E20210222T083014849+0100___t00889s__conf1.00.wav,Noise
S20210222T080018801+0100_E20210222T083014849+0100___t00890s__conf0.97.wav,Noise
S20210222T080018801+0100_E20210222T083014849+0100___t00891s__conf1.00.wav,Noise
S20210222T080018801+0100_E20210222T083014849+0100___t00892s__conf0.99.wav,Noise
S20210222T080018801+0100_E20210222T083014849+0100___t00933s__conf0.53.wav,Noise
S20210222T080018801+0100_E20210222T083014849+0100___t00934s__conf0.93.wav,Noise
S20210222T080018801+0100_E20210222T083014849+0100___t00935s__conf1.00.wav,Noise
S20210222T080018801+0100_E20210222T083014849+0100___t01029s__conf0.70.wav,Noise
S20210222T080018801+0100_E20210222T083014849+0100___t01053s__conf1.00.wav,Noise
S20210222T080018801+0100_E20210222T083014849+0100___t01054s__conf1.00.wav,Noise
S20210222T080018801+0100_E20210222T083014849+0100___t01055s__conf0.99.wav,Noise
S20210222T080018801+0100_E20210222T083014849+0100___t01062s__conf0.97.wav,Noise
S20210222T080018801+0100_E20210222T083014849+0100___t01063s__conf0.90.wav,Noise
S20210222T080018801+0100_E20210222T083014849+0100___t01082s__conf0.78.wav,Noise
S20210222T080018801+0100_E20210222T083014849+0100___t01105s__conf0.99.wav,Noise
S20210222T080018801+0100_E20210222T083014849+0100___t01106s__conf0.98.wav,Noise
S20210222T080018801+0100_E20210222T083014849+0100___t01128s__conf0.95.wav,Noise
S20210222T080018801+0100_E20210222T083014849+0100___t01131s__conf0.86.wav,Noise
S20210222T080018801+0100_E20210222T083014849+0100___t01132s__conf0.61.wav,Noise
S20210222T080018801+0100_E20210222T083014849+0100___t01157s__conf0.99.wav,Noise
S20210222T080018801+0100_E20210222T083014849+0100___t01177s__conf0.96.wav,Noise
S20210222T080018801+0100_E20210222T083014849+0100___t01180s__conf0.57.wav,Noise
S20210222T080018801+0100_E20210222T083014849+0100___t01186s__conf0.83.wav,Noise
S20210222T080018801+0100_E20210222T083014849+0100___t01212s__conf0.52.wav,Noise
S20210222T080018801+0100_E20210222T083014849+0100___t01222s__conf0.97.wav,Noise
S20210222T080018801+0100_E20210222T083014849+0100___t01328s__conf0.74.wav,Noise
S20210222T080018801+0100_E20210222T083014849+0100___t01341s__conf0.77.wav,Noise
S20210222T080018801+0100_E20210222T083014849+0100___t01342s__conf0.74.wav,Noise
S20210222T080018801+0100_E20210222T083014849+0100___t01356s__conf0.99.wav,Noise
S20210222T080018801+0100_E20210222T083014849+0100___t01363s__conf0.76.wav,Noise
S20210222T080018801+0100_E20210222T083014849+0100___t01364s__conf0.96.wav,Noise
S20210222T080018801+0100_E20210222T083014849+0100___t01685s__conf0.85.wav,Noise
S20210222T080018801+0100_E20210222T083014849+0100___t01754s__conf1.00.wav,Noise
S20210222T082950818+0100_E20210222T085949051+0100___t01091s__conf0.59.wav,Noise
S20210222T083000620+0100_E20210222T085955526+0100___t00001s__conf0.56.wav,Noise
S20210222T083000620+0100_E20210222T085955526+0100___t00002s__conf0.72.wav,Noise
S20210222T083000620+0100_E20210222T085955526+0100___t00003s__conf0.74.wav,Noise
S20210222T083000620+0100_E20210222T085955526+0100___t00004s__conf0.85.wav,Noise
S20210222T083000620+0100_E20210222T085955526+0100___t00005s__conf0.57.wav,Noise
S20210222T083000620+0100_E20210222T085955526+0100___t00008s__conf0.91.wav,Noise
S20210222T083000620+0100_E20210222T085955526+0100___t00009s__conf0.97.wav,Noise
S20210222T083000620+0100_E20210222T085955526+0100___t00010s__conf0.85.wav,Noise
S20210222T083000620+0100_E20210222T085955526+0100___t00011s__conf0.99.wav,Noise
S20210222T083000620+0100_E20210222T085955526+0100___t00012s__conf1.00.wav,Noise
S20210222T083000620+0100_E20210222T085955526+0100___t00013s__conf1.00.wav,Noise
S20210222T083000620+0100_E20210222T085955526+0100___t00015s__conf0.99.wav,Noise
S20210222T083000620+0100_E20210222T085955526+0100___t00016s__conf0.98.wav,Noise
S20210222T083000620+0100_E20210222T085955526+0100___t00017s__conf0.96.wav,Noise
S20210222T083000620+0100_E20210222T085955526+0100___t00018s__conf0.97.wav,Noise
S20210222T083000620+0100_E20210222T085955526+0100___t00019s__conf0.96.wav,Noise
S20210222T083000620+0100_E20210222T085955526+0100___t00021s__conf0.87.wav,Noise
S20210222T083000620+0100_E20210222T085955526+0100___t00022s__conf0.97.wav,Noise
S20210222T083000620+0100_E20210222T085955526+0100___t00023s__conf0.90.wav,Noise
S20210222T083000620+0100_E20210222T085955526+0100___t00024s__conf0.94.wav,Noise
S20210222T083000620+0100_E20210222T085955526+0100___t00025s__conf0.99.wav,Noise
S20210222T083000620+0100_E20210222T085955526+0100___t00026s__conf0.99.wav,Noise
S20210222T083000620+0100_E20210222T085955526+0100___t00027s__conf0.84.wav,Noise
S20210222T083000620+0100_E20210222T085955526+0100___t00028s__conf0.94.wav,Noise
S20210222T083000620+0100_E20210222T085955526+0100___t00029s__conf0.94.wav,Noise
S20210222T083000620+0100_E20210222T085955526+0100___t00030s__conf0.98.wav,Noise
S20210222T083000620+0100_E20210222T085955526+0100___t00031s__conf0.97.wav,Noise
S20210222T083000620+0100_E20210222T085955526+0100___t00032s__conf0.90.wav,Noise
S20210222T083000620+0100_E20210222T085955526+0100___t00033s__conf0.65.wav,Noise
S20210222T083000620+0100_E20210222T085955526+0100___t00034s__conf0.79.wav,Noise
S20210222T083000620+0100_E20210222T085955526+0100___t00035s__conf0.78.wav,Noise
S20210222T083000620+0100_E20210222T085955526+0100___t00036s__conf0.91.wav,Noise
S20210222T083000620+0100_E20210222T085955526+0100___t00037s__conf0.90.wav,Noise
S20210222T083000620+0100_E20210222T085955526+0100___t00040s__conf0.75.wav,Noise
S20210222T083000620+0100_E20210222T085955526+0100___t00042s__conf0.76.wav,Noise
S20210222T083000620+0100_E20210222T085955526+0100___t00043s__conf0.79.wav,Noise
S20210222T083000620+0100_E20210222T085955526+0100___t00044s__conf0.93.wav,Noise
S20210222T083000620+0100_E20210222T085955526+0100___t00045s__conf0.91.wav,Noise
S20210222T083000620+0100_E20210222T085955526+0100___t00046s__conf0.90.wav,Noise
S20210222T083000620+0100_E20210222T085955526+0100___t00052s__conf0.88.wav,Noise
S20210222T083000620+0100_E20210222T085955526+0100___t00053s__conf0.96.wav,Noise
S20210222T083000620+0100_E20210222T085955526+0100___t00054s__conf0.97.wav,Noise
S20210222T083000620+0100_E20210222T085955526+0100___t00057s__conf0.77.wav,Noise
S20210222T083000620+0100_E20210222T085955526+0100___t00058s__conf0.81.wav,Noise
S20210222T083000620+0100_E20210222T085955526+0100___t00059s__conf0.56.wav,Noise
S20210222T083000620+0100_E20210222T085955526+0100___t00060s__conf0.85.wav,Noise
S20210222T083000620+0100_E20210222T085955526+0100___t00061s__conf0.70.wav,Noise
S20210222T083000620+0100_E20210222T085955526+0100___t00062s__conf0.50.wav,Noise
S20210222T083000620+0100_E20210222T085955526+0100___t00063s__conf0.80.wav,Noise
S20210222T083000620+0100_E20210222T085955526+0100___t00064s__conf0.82.wav,Noise
S20210222T083000620+0100_E20210222T085955526+0100___t00065s__conf0.76.wav,Noise
S20210222T083000620+0100_E20210222T085955526+0100___t00068s__conf0.89.wav,Noise
S20210222T083000620+0100_E20210222T085955526+0100___t00069s__conf0.57.wav,Noise
S20210222T083000620+0100_E20210222T085955526+0100___t00070s__conf0.89.wav,Noise
S20210222T083000620+0100_E20210222T085955526+0100___t00071s__conf0.88.wav,Noise
S20210222T083000620+0100_E20210222T085955526+0100___t00075s__conf0.85.wav,Noise
S20210222T083000620+0100_E20210222T085955526+0100___t00076s__conf0.90.wav,Noise
S20210222T083000620+0100_E20210222T085955526+0100___t00077s__conf0.90.wav,Noise
S20210222T083000620+0100_E20210222T085955526+0100___t00078s__conf0.73.wav,Noise
S20210222T083000620+0100_E20210222T085955526+0100___t00079s__conf0.59.wav,Noise
S20210222T083000620+0100_E20210222T085955526+0100___t00080s__conf0.95.wav,Noise
S20210222T083000620+0100_E20210222T085955526+0100___t00081s__conf0.95.wav,Noise
S20210222T083000620+0100_E20210222T085955526+0100___t00082s__conf0.80.wav,Noise
S20210222T083000620+0100_E20210222T085955526+0100___t00083s__conf0.84.wav,Noise
S20210222T083000620+0100_E20210222T085955526+0100___t00084s__conf0.93.wav,Noise
S20210222T083000620+0100_E20210222T085955526+0100___t00085s__conf0.58.wav,Noise
S20210222T083000620+0100_E20210222T085955526+0100___t00086s__conf0.59.wav,Noise
S20210222T083000620+0100_E20210222T085955526+0100___t00087s__conf0.75.wav,Noise
S20210222T083000620+0100_E20210222T085955526+0100___t00088s__conf0.54.wav,Noise
S20210222T083000620+0100_E20210222T085955526+0100___t00093s__conf0.87.wav,Noise
S20210222T083000620+0100_E20210222T085955526+0100___t00094s__conf0.95.wav,Noise
S20210222T083000620+0100_E20210222T085955526+0100___t00096s__conf0.64.wav,Noise
S20210222T083000620+0100_E20210222T085955526+0100___t00098s__conf0.53.wav,Noise
S20210222T083000620+0100_E20210222T085955526+0100___t00112s__conf0.56.wav,Noise
S20210222T083000620+0100_E20210222T085955526+0100___t00121s__conf0.48.wav,Noise
S20210222T083000620+0100_E20210222T085955526+0100___t00172s__conf0.49.wav,Noise
S20210222T083000620+0100_E20210222T085955526+0100___t00176s__conf0.65.wav,Noise
S20210222T083000620+0100_E20210222T085955526+0100___t00177s__conf0.72.wav,Noise
S20210222T083000620+0100_E20210222T085955526+0100___t00193s__conf0.63.wav,Noise
S20210222T083000620+0100_E20210222T085955526+0100___t00201s__conf0.51.wav,Noise
S20210222T083000620+0100_E20210222T085955526+0100___t00202s__conf0.75.wav,Noise
S20210222T083000620+0100_E20210222T085955526+0100___t00203s__conf0.93.wav,Noise
S20210222T083000620+0100_E20210222T085955526+0100___t00204s__conf0.77.wav,Noise
S20210222T083000620+0100_E20210222T085955526+0100___t00209s__conf0.92.wav,Noise
S20210222T083000620+0100_E20210222T085955526+0100___t00210s__conf0.87.wav,Noise
S20210222T083000620+0100_E20210222T085955526+0100___t00217s__conf0.69.wav,Noise
S20210222T083000620+0100_E20210222T085955526+0100___t00218s__conf0.63.wav,Noise
S20210222T083000620+0100_E20210222T085955526+0100___t00220s__conf0.66.wav,Noise
S20210222T083000620+0100_E20210222T085955526+0100___t00221s__conf0.69.wav,Noise
S20210222T083000620+0100_E20210222T085955526+0100___t00223s__conf0.69.wav,Noise
S20210222T083000620+0100_E20210222T085955526+0100___t00224s__conf0.67.wav,Noise
S20210222T083000620+0100_E20210222T085955526+0100___t00225s__conf0.96.wav,Noise
S20210222T083000620+0100_E20210222T085955526+0100___t00227s__conf0.83.wav,Noise
S20210222T083000620+0100_E20210222T085955526+0100___t00228s__conf0.88.wav,Noise
S20210222T083000620+0100_E20210222T085955526+0100___t00229s__conf0.76.wav,Noise
S20210222T083000620+0100_E20210222T085955526+0100___t00230s__conf0.77.wav,Noise
S20210222T083000620+0100_E20210222T085955526+0100___t00231s__conf0.87.wav,Noise
S20210222T083000620+0100_E20210222T085955526+0100___t00232s__conf0.89.wav,Noise
S20210222T083000620+0100_E20210222T085955526+0100___t00233s__conf0.83.wav,Noise
S20210222T083000620+0100_E20210222T085955526+0100___t00236s__conf0.57.wav,Noise
S20210222T083000620+0100_E20210222T085955526+0100___t00237s__conf0.55.wav,Noise
S20210222T083000620+0100_E20210222T085955526+0100___t00239s__conf0.68.wav,Noise
S20210222T083000620+0100_E20210222T085955526+0100___t00240s__conf0.96.wav,Noise
S20210222T083000620+0100_E20210222T085955526+0100___t00241s__conf0.92.wav,Noise
S20210222T083000620+0100_E20210222T085955526+0100___t00243s__conf0.66.wav,Noise
S20210222T083000620+0100_E20210222T085955526+0100___t00244s__conf0.68.wav,Noise
S20210222T083000620+0100_E20210222T085955526+0100___t00245s__conf0.85.wav,Noise
S20210222T083000620+0100_E20210222T085955526+0100___t00248s__conf0.78.wav,Noise
S20210222T083000620+0100_E20210222T085955526+0100___t00249s__conf0.76.wav,Noise
S20210222T083000620+0100_E20210222T085955526+0100___t00250s__conf0.66.wav,Noise
S20210222T083000620+0100_E20210222T085955526+0100___t00251s__conf0.95.wav,Noise
S20210222T083000620+0100_E20210222T085955526+0100___t00252s__conf0.72.wav,Noise
S20210222T083000620+0100_E20210222T085955526+0100___t00253s__conf0.59.wav,Noise
S20210222T083000620+0100_E20210222T085955526+0100___t00255s__conf0.57.wav,Noise
S20210222T083000620+0100_E20210222T085955526+0100___t00256s__conf0.88.wav,Noise
S20210222T083000620+0100_E20210222T085955526+0100___t00257s__conf0.96.wav,Noise
S20210222T083000620+0100_E20210222T085955526+0100___t00259s__conf0.82.wav,Noise
S20210222T083000620+0100_E20210222T085955526+0100___t00260s__conf0.82.wav,Noise
S20210222T083000620+0100_E20210222T085955526+0100___t00268s__conf0.81.wav,Noise
S20210222T083000620+0100_E20210222T085955526+0100___t00269s__conf0.88.wav,Noise
S20210222T083000620+0100_E20210222T085955526+0100___t00270s__conf0.65.wav,Noise
S20210222T083000620+0100_E20210222T085955526+0100___t00271s__conf0.71.wav,Noise
S20210222T083000620+0100_E20210222T085955526+0100___t00272s__conf0.73.wav,Noise
S20210222T083000620+0100_E20210222T085955526+0100___t00275s__conf0.85.wav,Noise
S20210222T083000620+0100_E20210222T085955526+0100___t00276s__conf0.64.wav,Noise
S20210222T083000620+0100_E20210222T085955526+0100___t00280s__conf0.48.wav,Noise
S20210222T083000620+0100_E20210222T085955526+0100___t00283s__conf0.73.wav,Noise
S20210222T083000620+0100_E20210222T085955526+0100___t00284s__conf0.96.wav,Noise
S20210222T083000620+0100_E20210222T085955526+0100___t00285s__conf0.68.wav,Noise
S20210222T083000620+0100_E20210222T085955526+0100___t00286s__conf0.69.wav,Noise
S20210222T083000620+0100_E20210222T085955526+0100___t00287s__conf0.78.wav,Noise
S20210222T083000620+0100_E20210222T085955526+0100___t00288s__conf0.81.wav,Noise
S20210222T083000620+0100_E20210222T085955526+0100___t00289s__conf0.89.wav,Noise
S20210222T083000620+0100_E20210222T085955526+0100___t00290s__conf0.48.wav,Noise
S20210222T083000620+0100_E20210222T085955526+0100___t00295s__conf0.56.wav,Noise
S20210222T083000620+0100_E20210222T085955526+0100___t00296s__conf0.78.wav,Noise
S20210222T083000620+0100_E20210222T085955526+0100___t00297s__conf0.56.wav,Noise
S20210222T083000620+0100_E20210222T085955526+0100___t00301s__conf0.52.wav,Noise
S20210222T083000620+0100_E20210222T085955526+0100___t00307s__conf0.78.wav,Noise
S20210222T083000620+0100_E20210222T085955526+0100___t00308s__conf0.58.wav,Noise
S20210222T083000620+0100_E20210222T085955526+0100___t00318s__conf0.95.wav,Noise
S20210222T083000620+0100_E20210222T085955526+0100___t00324s__conf0.61.wav,Noise
S20210222T083000620+0100_E20210222T085955526+0100___t00325s__conf0.95.wav,Noise
S20210222T083000620+0100_E20210222T085955526+0100___t00326s__conf0.69.wav,Noise
S20210222T083000620+0100_E20210222T085955526+0100___t00327s__conf0.74.wav,Noise
S20210222T083000620+0100_E20210222T085955526+0100___t00328s__conf0.92.wav,Noise
S20210222T083000620+0100_E20210222T085955526+0100___t00329s__conf0.49.wav,Noise
S20210222T083000620+0100_E20210222T085955526+0100___t00330s__conf0.58.wav,Noise
S20210222T083000620+0100_E20210222T085955526+0100___t00331s__conf0.78.wav,Noise
S20210222T083000620+0100_E20210222T085955526+0100___t00332s__conf0.69.wav,Noise
S20210222T083000620+0100_E20210222T085955526+0100___t00334s__conf0.57.wav,Noise
S20210222T083000620+0100_E20210222T085955526+0100___t00335s__conf0.94.wav,Noise
S20210222T083000620+0100_E20210222T085955526+0100___t00336s__conf0.86.wav,Noise
S20210222T083000620+0100_E20210222T085955526+0100___t00338s__conf0.76.wav,Noise
S20210222T083000620+0100_E20210222T085955526+0100___t00339s__conf0.92.wav,Noise
S20210222T083000620+0100_E20210222T085955526+0100___t00340s__conf0.72.wav,Noise
S20210222T083000620+0100_E20210222T085955526+0100___t00343s__conf0.72.wav,Noise
S20210222T083000620+0100_E20210222T085955526+0100___t00344s__conf1.00.wav,Noise
S20210222T083000620+0100_E20210222T085955526+0100___t00345s__conf0.99.wav,Noise
S20210222T083000620+0100_E20210222T085955526+0100___t00347s__conf0.58.wav,Noise
S20210222T083000620+0100_E20210222T085955526+0100___t00354s__conf0.84.wav,Noise
S20210222T083000620+0100_E20210222T085955526+0100___t00355s__conf0.95.wav,Noise
S20210222T083000620+0100_E20210222T085955526+0100___t00356s__conf0.99.wav,Noise
S20210222T083000620+0100_E20210222T085955526+0100___t00357s__conf0.71.wav,Noise
S20210222T083000620+0100_E20210222T085955526+0100___t00360s__conf0.83.wav,Noise
S20210222T083000620+0100_E20210222T085955526+0100___t00361s__conf0.90.wav,Noise
S20210222T083000620+0100_E20210222T085955526+0100___t00362s__conf0.90.wav,Noise
S20210222T083000620+0100_E20210222T085955526+0100___t00365s__conf0.55.wav,Noise
S20210222T083000620+0100_E20210222T085955526+0100___t00366s__conf0.63.wav,Noise
S20210222T083000620+0100_E20210222T085955526+0100___t00368s__conf0.53.wav,Noise
S20210222T083000620+0100_E20210222T085955526+0100___t00369s__conf0.89.wav,Noise
S20210222T083000620+0100_E20210222T085955526+0100___t00370s__conf0.96.wav,Noise
S20210222T083000620+0100_E20210222T085955526+0100___t00382s__conf0.73.wav,Noise
S20210222T083000620+0100_E20210222T085955526+0100___t00383s__conf0.68.wav,Noise
S20210222T083000620+0100_E20210222T085955526+0100___t00386s__conf0.47.wav,Noise
S20210222T083000620+0100_E20210222T085955526+0100___t00393s__conf0.70.wav,Noise
S20210222T083000620+0100_E20210222T085955526+0100___t00394s__conf0.71.wav,Noise
S20210222T083000620+0100_E20210222T085955526+0100___t00402s__conf0.68.wav,Noise
S20210222T083000620+0100_E20210222T085955526+0100___t00405s__conf0.56.wav,Noise
S20210222T083000620+0100_E20210222T085955526+0100___t00409s__conf0.47.wav,Noise
S20210222T083018737+0100_E20210222T090014786+0100___t00027s__conf0.99.wav,Noise
S20210222T083018737+0100_E20210222T090014786+0100___t00028s__conf1.00.wav,Noise
S20210222T083018737+0100_E20210222T090014786+0100___t00029s__conf0.94.wav,Noise
S20210222T083018737+0100_E20210222T090014786+0100___t00083s__conf0.65.wav,Noise
S20210222T083018737+0100_E20210222T090014786+0100___t00092s__conf0.77.wav,Noise
S20210222T083018737+0100_E20210222T090014786+0100___t00168s__conf0.80.wav,Noise
S20210222T083018737+0100_E20210222T090014786+0100___t00173s__conf0.98.wav,Noise
S20210222T083018737+0100_E20210222T090014786+0100___t00186s__conf0.58.wav,Noise
S20210222T083018737+0100_E20210222T090014786+0100___t00187s__conf0.72.wav,Noise
S20210222T083018737+0100_E20210222T090014786+0100___t00192s__conf0.96.wav,Noise
S20210222T083018737+0100_E20210222T090014786+0100___t00193s__conf0.89.wav,Noise
S20210222T083018737+0100_E20210222T090014786+0100___t00215s__conf0.84.wav,Noise
S20210222T083018737+0100_E20210222T090014786+0100___t00216s__conf0.99.wav,Noise
S20210222T083018737+0100_E20210222T090014786+0100___t00252s__conf0.98.wav,Noise
S20210222T083018737+0100_E20210222T090014786+0100___t00263s__conf0.96.wav,Noise
S20210222T083018737+0100_E20210222T090014786+0100___t00265s__conf0.99.wav,Noise
S20210222T083018737+0100_E20210222T090014786+0100___t00277s__conf0.55.wav,Noise
S20210222T083018737+0100_E20210222T090014786+0100___t00294s__conf0.52.wav,Noise
S20210222T083018737+0100_E20210222T090014786+0100___t00295s__conf0.92.wav,Noise
S20210222T083018737+0100_E20210222T090014786+0100___t00312s__conf0.73.wav,Noise
S20210222T083018737+0100_E20210222T090014786+0100___t00371s__conf0.76.wav,Noise
S20210222T083018737+0100_E20210222T090014786+0100___t00393s__conf0.83.wav,Noise
S20210222T083018737+0100_E20210222T090014786+0100___t00400s__conf0.99.wav,Noise
S20210222T083018737+0100_E20210222T090014786+0100___t00401s__conf1.00.wav,Noise
S20210222T083018737+0100_E20210222T090014786+0100___t00402s__conf0.96.wav,Noise
S20210222T083018737+0100_E20210222T090014786+0100___t00403s__conf0.87.wav,Noise
S20210222T083018737+0100_E20210222T090014786+0100___t00410s__conf0.83.wav,Noise
S20210222T083018737+0100_E20210222T090014786+0100___t00417s__conf0.98.wav,Noise
S20210222T083018737+0100_E20210222T090014786+0100___t00418s__conf0.56.wav,Noise
S20210222T083018737+0100_E20210222T090014786+0100___t00421s__conf0.80.wav,Noise
S20210222T083018737+0100_E20210222T090014786+0100___t00425s__conf0.90.wav,Noise
S20210222T083018737+0100_E20210222T090014786+0100___t00427s__conf0.77.wav,Noise
S20210222T083018737+0100_E20210222T090014786+0100___t00428s__conf0.96.wav,Noise
S20210222T083018737+0100_E20210222T090014786+0100___t00429s__conf0.55.wav,Noise
S20210222T083018737+0100_E20210222T090014786+0100___t00434s__conf0.93.wav,Noise
S20210222T083018737+0100_E20210222T090014786+0100___t00441s__conf0.91.wav,Noise
S20210222T083018737+0100_E20210222T090014786+0100___t00443s__conf0.72.wav,Noise
S20210222T083018737+0100_E20210222T090014786+0100___t00446s__conf0.98.wav,Noise
S20210222T083018737+0100_E20210222T090014786+0100___t00447s__conf1.00.wav,Noise
S20210222T083018737+0100_E20210222T090014786+0100___t00450s__conf0.70.wav,Noise
S20210222T083018737+0100_E20210222T090014786+0100___t00452s__conf0.52.wav,Noise
S20210222T083018737+0100_E20210222T090014786+0100___t00453s__conf1.00.wav,Noise
S20210222T083018737+0100_E20210222T090014786+0100___t00454s__conf0.61.wav,Noise
S20210222T083018737+0100_E20210222T090014786+0100___t00455s__conf0.96.wav,Noise
S20210222T083018737+0100_E20210222T090014786+0100___t00456s__conf0.96.wav,Noise
S20210222T083018737+0100_E20210222T090014786+0100___t00457s__conf0.89.wav,Noise
S20210222T083018737+0100_E20210222T090014786+0100___t00465s__conf0.96.wav,Noise
S20210222T083018737+0100_E20210222T090014786+0100___t00470s__conf0.99.wav,Noise
S20210222T083018737+0100_E20210222T090014786+0100___t00471s__conf0.85.wav,Noise
S20210222T083018737+0100_E20210222T090014786+0100___t00473s__conf0.76.wav,Noise
S20210222T083018737+0100_E20210222T090014786+0100___t00476s__conf1.00.wav,Noise
S20210222T083018737+0100_E20210222T090014786+0100___t00477s__conf0.56.wav,Noise
S20210222T083018737+0100_E20210222T090014786+0100___t00479s__conf0.99.wav,Noise
S20210222T083018737+0100_E20210222T090014786+0100___t00480s__conf0.60.wav,Noise
S20210222T083018737+0100_E20210222T090014786+0100___t00504s__conf0.99.wav,Noise
S20210222T083018737+0100_E20210222T090014786+0100___t00505s__conf0.99.wav,Noise
S20210222T083018737+0100_E20210222T090014786+0100___t00513s__conf0.52.wav,Noise
S20210222T083018737+0100_E20210222T090014786+0100___t00515s__conf0.57.wav,Noise
S20210222T083018737+0100_E20210222T090014786+0100___t00517s__conf0.98.wav,Noise
S20210222T083018737+0100_E20210222T090014786+0100___t00520s__conf0.99.wav,Noise
S20210222T083018737+0100_E20210222T090014786+0100___t00521s__conf0.69.wav,Noise
S20210222T083018737+0100_E20210222T090014786+0100___t00525s__conf0.92.wav,Noise
S20210222T083018737+0100_E20210222T090014786+0100___t00526s__conf0.91.wav,Noise
S20210222T083018737+0100_E20210222T090014786+0100___t00527s__conf0.99.wav,Noise
S20210222T083018737+0100_E20210222T090014786+0100___t00528s__conf0.99.wav,Noise
S20210222T083018737+0100_E20210222T090014786+0100___t00529s__conf0.79.wav,Noise
S20210222T083018737+0100_E20210222T090014786+0100___t00532s__conf0.76.wav,Noise
S20210222T083018737+0100_E20210222T090014786+0100___t00533s__conf0.98.wav,Noise
S20210222T083018737+0100_E20210222T090014786+0100___t00534s__conf1.00.wav,Noise
S20210222T083018737+0100_E20210222T090014786+0100___t00542s__conf0.99.wav,Noise
S20210222T083018737+0100_E20210222T090014786+0100___t00545s__conf0.91.wav,Noise
S20210222T083018737+0100_E20210222T090014786+0100___t00546s__conf0.95.wav,Noise
S20210222T083018737+0100_E20210222T090014786+0100___t00547s__conf0.62.wav,Noise
S20210222T083018737+0100_E20210222T090014786+0100___t00554s__conf0.58.wav,Noise
S20210222T083018737+0100_E20210222T090014786+0100___t00556s__conf0.76.wav,Noise
S20210222T083018737+0100_E20210222T090014786+0100___t00557s__conf1.00.wav,Noise
S20210222T083018737+0100_E20210222T090014786+0100___t00558s__conf0.64.wav,Noise
S20210222T083018737+0100_E20210222T090014786+0100___t00559s__conf0.52.wav,Noise
S20210222T083018737+0100_E20210222T090014786+0100___t00561s__conf0.63.wav,Noise
S20210222T083018737+0100_E20210222T090014786+0100___t00562s__conf0.74.wav,Noise
S20210222T083018737+0100_E20210222T090014786+0100___t00563s__conf0.93.wav,Noise
S20210222T083018737+0100_E20210222T090014786+0100___t00564s__conf0.98.wav,Noise
S20210222T083018737+0100_E20210222T090014786+0100___t00570s__conf1.00.wav,Noise
S20210222T083018737+0100_E20210222T090014786+0100___t00575s__conf0.69.wav,Noise
S20210222T083018737+0100_E20210222T090014786+0100___t00586s__conf0.81.wav,Noise
S20210222T083018737+0100_E20210222T090014786+0100___t00591s__conf0.92.wav,Noise
S20210222T083018737+0100_E20210222T090014786+0100___t00594s__conf0.70.wav,Noise
S20210222T083018737+0100_E20210222T090014786+0100___t00601s__conf0.62.wav,Noise
S20210222T083018737+0100_E20210222T090014786+0100___t00607s__conf0.99.wav,Noise
S20210222T083018737+0100_E20210222T090014786+0100___t00608s__conf0.68.wav,Noise
S20210222T083018737+0100_E20210222T090014786+0100___t00621s__conf0.99.wav,Noise
S20210222T083018737+0100_E20210222T090014786+0100___t00622s__conf0.91.wav,Noise
S20210222T083018737+0100_E20210222T090014786+0100___t00624s__conf0.99.wav,Noise
S20210222T083018737+0100_E20210222T090014786+0100___t00628s__conf0.96.wav,Noise
S20210222T083018737+0100_E20210222T090014786+0100___t00629s__conf1.00.wav,Noise
S20210222T083018737+0100_E20210222T090014786+0100___t00630s__conf1.00.wav,Noise
S20210222T083018737+0100_E20210222T090014786+0100___t00631s__conf1.00.wav,Noise
S20210222T083018737+0100_E20210222T090014786+0100___t00636s__conf0.90.wav,Noise
S20210222T083018737+0100_E20210222T090014786+0100___t00638s__conf0.95.wav,Noise
S20210222T083018737+0100_E20210222T090014786+0100___t00645s__conf0.96.wav,Noise
S20210222T083018737+0100_E20210222T090014786+0100___t00656s__conf0.66.wav,Noise
S20210222T083018737+0100_E20210222T090014786+0100___t00677s__conf0.87.wav,Noise
S20210222T083018737+0100_E20210222T090014786+0100___t00683s__conf0.53.wav,Noise
S20210222T083018737+0100_E20210222T090014786+0100___t00861s__conf0.67.wav,Noise
S20210222T083018737+0100_E20210222T090014786+0100___t00869s__conf0.98.wav,Noise
S20210222T083018737+0100_E20210222T090014786+0100___t00870s__conf1.00.wav,Noise
S20210222T083018737+0100_E20210222T090014786+0100___t00871s__conf0.52.wav,Noise
S20210222T083018737+0100_E20210222T090014786+0100___t00891s__conf0.58.wav,Noise
S20210222T083018737+0100_E20210222T090014786+0100___t00892s__conf1.00.wav,Noise
S20210222T083018737+0100_E20210222T090014786+0100___t01014s__conf1.00.wav,Noise
S20210222T083018737+0100_E20210222T090014786+0100___t01015s__conf0.92.wav,Noise
S20210222T083018737+0100_E20210222T090014786+0100___t01016s__conf1.00.wav,Noise
S20210222T083018737+0100_E20210222T090014786+0100___t01017s__conf1.00.wav,Noise
S20210222T083018737+0100_E20210222T090014786+0100___t01018s__conf1.00.wav,Noise
S20210222T083018737+0100_E20210222T090014786+0100___t01022s__conf0.83.wav,Noise
S20210222T083018737+0100_E20210222T090014786+0100___t01023s__conf1.00.wav,Noise
S20210222T083018737+0100_E20210222T090014786+0100___t01024s__conf0.99.wav,Noise
S20210222T083018737+0100_E20210222T090014786+0100___t01025s__conf0.57.wav,Noise
S20210222T083018737+0100_E20210222T090014786+0100___t01035s__conf0.96.wav,Noise
S20210222T083018737+0100_E20210222T090014786+0100___t01036s__conf0.95.wav,Noise
S20210222T083018737+0100_E20210222T090014786+0100___t01037s__conf0.90.wav,Noise
S20210222T083018737+0100_E20210222T090014786+0100___t01043s__conf0.96.wav,Noise
S20210222T083018737+0100_E20210222T090014786+0100___t01044s__conf0.95.wav,Noise
S20210222T083018737+0100_E20210222T090014786+0100___t01045s__conf0.84.wav,Noise
S20210222T083018737+0100_E20210222T090014786+0100___t01050s__conf1.00.wav,Noise
S20210222T083018737+0100_E20210222T090014786+0100___t01051s__conf1.00.wav,Noise
S20210222T083018737+0100_E20210222T090014786+0100___t01052s__conf1.00.wav,Noise
S20210222T083018737+0100_E20210222T090014786+0100___t01067s__conf0.99.wav,Noise
S20210222T083018737+0100_E20210222T090014786+0100___t01068s__conf0.78.wav,Noise
S20210222T083018737+0100_E20210222T090014786+0100___t01077s__conf0.99.wav,Noise
S20210222T083018737+0100_E20210222T090014786+0100___t01082s__conf0.94.wav,Noise
S20210222T083018737+0100_E20210222T090014786+0100___t01083s__conf0.97.wav,Noise
S20210222T083018737+0100_E20210222T090014786+0100___t01087s__conf0.52.wav,Noise
S20210222T083018737+0100_E20210222T090014786+0100___t01088s__conf0.77.wav,Noise
S20210222T083018737+0100_E20210222T090014786+0100___t01098s__conf0.89.wav,Noise
S20210222T085950813+0100_E20210222T092949325+0100___t01082s__conf0.61.wav,Noise
S20210222T085950813+0100_E20210222T092949325+0100___t01484s__conf0.54.wav,Noise
S20210222T090018679+0100_E20210222T093014727+0100___t00103s__conf0.90.wav,Noise
S20210222T090018679+0100_E20210222T093014727+0100___t00114s__conf0.81.wav,Noise
S20210222T090018679+0100_E20210222T093014727+0100___t00131s__conf0.99.wav,Noise
S20210222T090018679+0100_E20210222T093014727+0100___t00133s__conf0.79.wav,Noise
S20210222T090018679+0100_E20210222T093014727+0100___t00166s__conf0.93.wav,Noise
S20210222T090018679+0100_E20210222T093014727+0100___t00445s__conf0.84.wav,Noise
S20210222T090018679+0100_E20210222T093014727+0100___t00446s__conf0.95.wav,Noise
S20210222T090018679+0100_E20210222T093014727+0100___t00461s__conf0.99.wav,Noise
S20210222T090018679+0100_E20210222T093014727+0100___t00464s__conf1.00.wav,Noise
S20210222T090018679+0100_E20210222T093014727+0100___t00472s__conf0.65.wav,Noise
S20210222T090018679+0100_E20210222T093014727+0100___t00474s__conf0.81.wav,Noise
S20210222T090018679+0100_E20210222T093014727+0100___t00478s__conf0.97.wav,Noise
S20210222T090018679+0100_E20210222T093014727+0100___t00494s__conf0.66.wav,Noise
S20210222T090018679+0100_E20210222T093014727+0100___t00500s__conf0.99.wav,Noise
S20210222T090018679+0100_E20210222T093014727+0100___t00504s__conf0.97.wav,Noise
S20210222T090018679+0100_E20210222T093014727+0100___t00513s__conf0.74.wav,Noise
S20210222T090018679+0100_E20210222T093014727+0100___t00532s__conf0.97.wav,Noise
S20210222T090018679+0100_E20210222T093014727+0100___t00533s__conf0.88.wav,Noise
S20210222T090018679+0100_E20210222T093014727+0100___t00548s__conf0.60.wav,Noise
S20210222T090018679+0100_E20210222T093014727+0100___t00549s__conf0.81.wav,Noise
S20210222T090018679+0100_E20210222T093014727+0100___t00550s__conf0.92.wav,Noise
S20210222T090018679+0100_E20210222T093014727+0100___t00572s__conf0.86.wav,Noise
S20210222T090018679+0100_E20210222T093014727+0100___t00604s__conf0.83.wav,Noise
S20210222T090018679+0100_E20210222T093014727+0100___t00631s__conf0.77.wav,Noise
S20210222T090018679+0100_E20210222T093014727+0100___t00663s__conf0.55.wav,Noise
S20210222T090018679+0100_E20210222T093014727+0100___t00668s__conf0.96.wav,Noise
S20210222T090018679+0100_E20210222T093014727+0100___t00669s__conf1.00.wav,Noise
S20210222T090018679+0100_E20210222T093014727+0100___t00670s__conf0.94.wav,Noise
S20210222T090018679+0100_E20210222T093014727+0100___t00678s__conf0.84.wav,Noise
S20210222T090018679+0100_E20210222T093014727+0100___t00693s__conf0.90.wav,Noise
S20210222T090018679+0100_E20210222T093014727+0100___t00697s__conf0.75.wav,Noise
S20210222T090018679+0100_E20210222T093014727+0100___t00706s__conf0.94.wav,Noise
S20210222T090018679+0100_E20210222T093014727+0100___t00707s__conf0.99.wav,Noise
S20210222T090018679+0100_E20210222T093014727+0100___t00816s__conf0.97.wav,Noise
S20210222T090018679+0100_E20210222T093014727+0100___t00822s__conf0.90.wav,Noise
S20210222T090018679+0100_E20210222T093014727+0100___t00900s__conf0.65.wav,Noise
S20210222T090018679+0100_E20210222T093014727+0100___t01538s__conf0.68.wav,Noise
S20210222T090018679+0100_E20210222T093014727+0100___t01712s__conf0.67.wav,Noise
S20210222T092955XXX+0100_E20210222T092955XXX+0100_+000.0000+000.0000__t00000s__conf0.87.wav,Noise
S20210222T092955XXX+0100_E20210222T092955XXX+0100_+000.0000+000.0000__t00001s__conf0.66.wav,Noise
S20210222T092955XXX+0100_E20210222T092955XXX+0100_+000.0000+000.0000__t00002s__conf0.69.wav,Noise
S20210222T092955XXX+0100_E20210222T092955XXX+0100_+000.0000+000.0000__t00004s__conf0.84.wav,Noise
S20210222T092955XXX+0100_E20210222T092955XXX+0100_+000.0000+000.0000__t00005s__conf0.77.wav,Noise
S20210222T092955XXX+0100_E20210222T092955XXX+0100_+000.0000+000.0000__t00006s__conf0.95.wav,Noise
S20210222T092955XXX+0100_E20210222T092955XXX+0100_+000.0000+000.0000__t00007s__conf0.98.wav,Noise
S20210222T092955XXX+0100_E20210222T092955XXX+0100_+000.0000+000.0000__t00008s__conf0.93.wav,Noise
S20210222T092955XXX+0100_E20210222T092955XXX+0100_+000.0000+000.0000__t00009s__conf0.71.wav,Noise
S20210222T092955XXX+0100_E20210222T092955XXX+0100_+000.0000+000.0000__t00010s__conf0.51.wav,Noise
S20210222T092955XXX+0100_E20210222T092955XXX+0100_+000.0000+000.0000__t00015s__conf0.58.wav,Noise
S20210222T092955XXX+0100_E20210222T092955XXX+0100_+000.0000+000.0000__t00016s__conf0.96.wav,Noise
S20210222T092955XXX+0100_E20210222T092955XXX+0100_+000.0000+000.0000__t00019s__conf0.63.wav,Noise
S20210222T092955XXX+0100_E20210222T092955XXX+0100_+000.0000+000.0000__t00020s__conf0.66.wav,Noise
S20210222T092955XXX+0100_E20210222T092955XXX+0100_+000.0000+000.0000__t00021s__conf0.55.wav,Noise
S20210222T092955XXX+0100_E20210222T092955XXX+0100_+000.0000+000.0000__t00022s__conf0.94.wav,Noise
S20210222T092955XXX+0100_E20210222T092955XXX+0100_+000.0000+000.0000__t00023s__conf0.84.wav,Noise
S20210222T092955XXX+0100_E20210222T092955XXX+0100_+000.0000+000.0000__t00027s__conf0.95.wav,Noise
S20210222T092955XXX+0100_E20210222T092955XXX+0100_+000.0000+000.0000__t00028s__conf0.99.wav,Noise
S20210222T092955XXX+0100_E20210222T092955XXX+0100_+000.0000+000.0000__t00029s__conf0.79.wav,Noise
S20210222T092955XXX+0100_E20210222T092955XXX+0100_+000.0000+000.0000__t00030s__conf0.93.wav,Noise
S20210222T092955XXX+0100_E20210222T092955XXX+0100_+000.0000+000.0000__t00033s__conf0.79.wav,Noise
S20210222T092955XXX+0100_E20210222T092955XXX+0100_+000.0000+000.0000__t00034s__conf0.94.wav,Noise
S20210222T092955XXX+0100_E20210222T092955XXX+0100_+000.0000+000.0000__t00036s__conf0.99.wav,Noise
S20210222T092955XXX+0100_E20210222T092955XXX+0100_+000.0000+000.0000__t00037s__conf0.96.wav,Noise
S20210222T092955XXX+0100_E20210222T092955XXX+0100_+000.0000+000.0000__t00038s__conf0.90.wav,Noise
S20210222T092955XXX+0100_E20210222T092955XXX+0100_+000.0000+000.0000__t00039s__conf0.97.wav,Noise
S20210222T092955XXX+0100_E20210222T092955XXX+0100_+000.0000+000.0000__t00040s__conf0.91.wav,Noise
S20210222T092955XXX+0100_E20210222T092955XXX+0100_+000.0000+000.0000__t00041s__conf0.86.wav,Noise
S20210222T092955XXX+0100_E20210222T092955XXX+0100_+000.0000+000.0000__t00042s__conf0.84.wav,Noise
S20210222T092955XXX+0100_E20210222T092955XXX+0100_+000.0000+000.0000__t00044s__conf0.43.wav,Noise
S20210222T092955XXX+0100_E20210222T092955XXX+0100_+000.0000+000.0000__t00045s__conf0.84.wav,Noise
S20210222T092955XXX+0100_E20210222T092955XXX+0100_+000.0000+000.0000__t00046s__conf0.98.wav,Noise
S20210222T092955XXX+0100_E20210222T092955XXX+0100_+000.0000+000.0000__t00047s__conf0.98.wav,Noise
S20210222T092955XXX+0100_E20210222T092955XXX+0100_+000.0000+000.0000__t00048s__conf0.68.wav,Noise
S20210222T092955XXX+0100_E20210222T092955XXX+0100_+000.0000+000.0000__t00049s__conf0.80.wav,Noise
S20210222T092955XXX+0100_E20210222T092955XXX+0100_+000.0000+000.0000__t00050s__conf0.90.wav,Noise
S20210222T092955XXX+0100_E20210222T092955XXX+0100_+000.0000+000.0000__t00051s__conf0.99.wav,Noise
S20210222T092955XXX+0100_E20210222T092955XXX+0100_+000.0000+000.0000__t00052s__conf0.99.wav,Noise
S20210222T092955XXX+0100_E20210222T092955XXX+0100_+000.0000+000.0000__t00053s__conf0.87.wav,Noise
S20210222T092955XXX+0100_E20210222T092955XXX+0100_+000.0000+000.0000__t00057s__conf0.81.wav,Noise
S20210222T092955XXX+0100_E20210222T092955XXX+0100_+000.0000+000.0000__t00058s__conf0.94.wav,Noise
S20210222T092955XXX+0100_E20210222T092955XXX+0100_+000.0000+000.0000__t00059s__conf0.77.wav,Noise
S20210222T092955XXX+0100_E20210222T092955XXX+0100_+000.0000+000.0000__t00060s__conf0.90.wav,Noise
S20210222T092955XXX+0100_E20210222T092955XXX+0100_+000.0000+000.0000__t00061s__conf0.63.wav,Noise
S20210222T092955XXX+0100_E20210222T092955XXX+0100_+000.0000+000.0000__t00062s__conf0.93.wav,Noise
S20210222T092955XXX+0100_E20210222T092955XXX+0100_+000.0000+000.0000__t00065s__conf0.43.wav,Noise
S20210222T092955XXX+0100_E20210222T092955XXX+0100_+000.0000+000.0000__t00066s__conf0.69.wav,Noise
S20210222T092955XXX+0100_E20210222T092955XXX+0100_+000.0000+000.0000__t00068s__conf0.65.wav,Noise
S20210222T092955XXX+0100_E20210222T092955XXX+0100_+000.0000+000.0000__t00072s__conf0.97.wav,Noise
S20210222T092955XXX+0100_E20210222T092955XXX+0100_+000.0000+000.0000__t00073s__conf0.80.wav,Noise
S20210222T092955XXX+0100_E20210222T092955XXX+0100_+000.0000+000.0000__t00074s__conf0.96.wav,Noise
S20210222T092955XXX+0100_E20210222T092955XXX+0100_+000.0000+000.0000__t00075s__conf0.98.wav,Noise
S20210222T092955XXX+0100_E20210222T092955XXX+0100_+000.0000+000.0000__t00083s__conf0.91.wav,Noise
S20210222T092955XXX+0100_E20210222T092955XXX+0100_+000.0000+000.0000__t00084s__conf0.99.wav,Noise
S20210222T092955XXX+0100_E20210222T092955XXX+0100_+000.0000+000.0000__t00085s__conf0.91.wav,Noise
S20210222T092955XXX+0100_E20210222T092955XXX+0100_+000.0000+000.0000__t00086s__conf0.50.wav,Noise
S20210222T092955XXX+0100_E20210222T092955XXX+0100_+000.0000+000.0000__t00087s__conf0.73.wav,Noise
S20210222T092955XXX+0100_E20210222T092955XXX+0100_+000.0000+000.0000__t00088s__conf0.91.wav,Noise
S20210222T092955XXX+0100_E20210222T092955XXX+0100_+000.0000+000.0000__t00089s__conf0.99.wav,Noise
S20210222T092955XXX+0100_E20210222T092955XXX+0100_+000.0000+000.0000__t00090s__conf0.97.wav,Noise
S20210222T092955XXX+0100_E20210222T092955XXX+0100_+000.0000+000.0000__t00091s__conf0.99.wav,Noise
S20210222T092955XXX+0100_E20210222T092955XXX+0100_+000.0000+000.0000__t00092s__conf1.00.wav,Noise
S20210222T092955XXX+0100_E20210222T092955XXX+0100_+000.0000+000.0000__t00093s__conf0.95.wav,Noise
S20210222T092955XXX+0100_E20210222T092955XXX+0100_+000.0000+000.0000__t00094s__conf0.86.wav,Noise
S20210222T092955XXX+0100_E20210222T092955XXX+0100_+000.0000+000.0000__t00095s__conf0.91.wav,Noise
S20210222T092955XXX+0100_E20210222T092955XXX+0100_+000.0000+000.0000__t00096s__conf0.99.wav,Noise
S20210222T093019623+0100_E20210222T100014671+0100___t00161s__conf0.88.wav,Noise
S20210222T093019623+0100_E20210222T100014671+0100___t00162s__conf0.92.wav,Noise
S20210222T093019623+0100_E20210222T100014671+0100___t00239s__conf0.56.wav,Noise
S20210222T093019623+0100_E20210222T100014671+0100___t00299s__conf0.99.wav,Noise
S20210222T093019623+0100_E20210222T100014671+0100___t00306s__conf0.85.wav,Noise
S20210222T093019623+0100_E20210222T100014671+0100___t00323s__conf0.82.wav,Noise
S20210222T093019623+0100_E20210222T100014671+0100___t00358s__conf0.63.wav,Noise
S20210222T093019623+0100_E20210222T100014671+0100___t00359s__conf0.98.wav,Noise
S20210222T093019623+0100_E20210222T100014671+0100___t00360s__conf0.91.wav,Noise
S20210222T093019623+0100_E20210222T100014671+0100___t00367s__conf0.99.wav,Noise
S20210222T093019623+0100_E20210222T100014671+0100___t00377s__conf0.96.wav,Noise
S20210222T093019623+0100_E20210222T100014671+0100___t00385s__conf0.98.wav,Noise
S20210222T093019623+0100_E20210222T100014671+0100___t00396s__conf0.81.wav,Noise
S20210222T093019623+0100_E20210222T100014671+0100___t00403s__conf0.98.wav,Noise
S20210222T093019623+0100_E20210222T100014671+0100___t00418s__conf0.86.wav,Noise
S20210222T093019623+0100_E20210222T100014671+0100___t00423s__conf0.83.wav,Noise
S20210222T093019623+0100_E20210222T100014671+0100___t00446s__conf0.70.wav,Noise
S20210222T093019623+0100_E20210222T100014671+0100___t00452s__conf0.92.wav,Noise
S20210222T093019623+0100_E20210222T100014671+0100___t00482s__conf0.55.wav,Noise
S20210222T093019623+0100_E20210222T100014671+0100___t00539s__conf0.56.wav,Noise
S20210222T093019623+0100_E20210222T100014671+0100___t00549s__conf0.76.wav,Noise
S20210222T093019623+0100_E20210222T100014671+0100___t00550s__conf0.81.wav,Noise
S20210222T093019623+0100_E20210222T100014671+0100___t00553s__conf0.82.wav,Noise
S20210222T093019623+0100_E20210222T100014671+0100___t00554s__conf0.97.wav,Noise
S20210222T093019623+0100_E20210222T100014671+0100___t00562s__conf0.86.wav,Noise
S20210222T093019623+0100_E20210222T100014671+0100___t00563s__conf1.00.wav,Noise
S20210222T093019623+0100_E20210222T100014671+0100___t00617s__conf0.78.wav,Noise
S20210222T093019623+0100_E20210222T100014671+0100___t01543s__conf0.96.wav,Noise
S20210222T093019623+0100_E20210222T100014671+0100___t01552s__conf0.76.wav,Noise
S20210222T093019623+0100_E20210222T100014671+0100___t01574s__conf0.96.wav,Noise
S20210222T093019623+0100_E20210222T100014671+0100___t01611s__conf0.84.wav,Noise
S20210222T093019623+0100_E20210222T100014671+0100___t01682s__conf0.76.wav,Noise
S20210222T093019623+0100_E20210222T100014671+0100___t01731s__conf0.88.wav,Noise
S20210222T093019623+0100_E20210222T100014671+0100___t01788s__conf0.64.wav,Noise
S20210222T100000534+0100_E20210222T102955583+0100___t00458s__conf0.49.wav,Noise
S20210222T100000534+0100_E20210222T102955583+0100___t01061s__conf0.55.wav,Noise
S20210222T100000534+0100_E20210222T102955583+0100___t01580s__conf0.56.wav,Noise
S20210222T100019562+0100_E20210222T103014610+0100___t01374s__conf0.99.wav,Noise
S20210222T100019562+0100_E20210222T103014610+0100___t01433s__conf0.56.wav,Noise
S20210222T100019562+0100_E20210222T103014610+0100___t01505s__conf0.97.wav,Noise
S20210222T100019562+0100_E20210222T103014610+0100___t01598s__conf0.81.wav,Noise
S20210222T100019562+0100_E20210222T103014610+0100___t01750s__conf0.98.wav,Noise
S20210222T100019562+0100_E20210222T103014610+0100___t01768s__conf0.99.wav,Noise
S20210222T100734232+0100_E20210222T102955649+0100___t00004s__conf0.62.wav,Noise
S20210222T100734232+0100_E20210222T102955649+0100___t00005s__conf0.71.wav,Noise
S20210222T100734232+0100_E20210222T102955649+0100___t00006s__conf0.52.wav,Noise
S20210222T100734232+0100_E20210222T102955649+0100___t00013s__conf0.61.wav,Noise
S20210222T100734232+0100_E20210222T102955649+0100___t00017s__conf0.56.wav,Noise
S20210222T100734232+0100_E20210222T102955649+0100___t00021s__conf0.84.wav,Noise
S20210222T100734232+0100_E20210222T102955649+0100___t00027s__conf0.52.wav,Noise
S20210222T100734232+0100_E20210222T102955649+0100___t00056s__conf0.73.wav,Noise
S20210222T100734232+0100_E20210222T102955649+0100___t00057s__conf0.84.wav,Noise
S20210222T100734232+0100_E20210222T102955649+0100___t00065s__conf0.75.wav,Noise
S20210222T100734232+0100_E20210222T102955649+0100___t00066s__conf0.97.wav,Noise
S20210222T100734232+0100_E20210222T102955649+0100___t00067s__conf0.98.wav,Noise
S20210222T100734232+0100_E20210222T102955649+0100___t00074s__conf0.74.wav,Noise
S20210222T100734232+0100_E20210222T102955649+0100___t00075s__conf0.90.wav,Noise
S20210222T100734232+0100_E20210222T102955649+0100___t00076s__conf0.74.wav,Noise
S20210222T100734232+0100_E20210222T102955649+0100___t00077s__conf0.65.wav,Noise
S20210222T100734232+0100_E20210222T102955649+0100___t00078s__conf0.62.wav,Noise
S20210222T100734232+0100_E20210222T102955649+0100___t00079s__conf0.49.wav,Noise
S20210222T100734232+0100_E20210222T102955649+0100___t00080s__conf0.86.wav,Noise
S20210222T100734232+0100_E20210222T102955649+0100___t00081s__conf0.78.wav,Noise
S20210222T100734232+0100_E20210222T102955649+0100___t00082s__conf0.89.wav,Noise
S20210222T100734232+0100_E20210222T102955649+0100___t00083s__conf0.94.wav,Noise
S20210222T100734232+0100_E20210222T102955649+0100___t00084s__conf0.98.wav,Noise
S20210222T100734232+0100_E20210222T102955649+0100___t00085s__conf0.98.wav,Noise
S20210222T100734232+0100_E20210222T102955649+0100___t00100s__conf0.66.wav,Noise
S20210222T100734232+0100_E20210222T102955649+0100___t00101s__conf0.68.wav,Noise
S20210222T100734232+0100_E20210222T102955649+0100___t00102s__conf0.51.wav,Noise
S20210222T100734232+0100_E20210222T102955649+0100___t00103s__conf0.65.wav,Noise
S20210222T100734232+0100_E20210222T102955649+0100___t00104s__conf0.69.wav,Noise
S20210222T100734232+0100_E20210222T102955649+0100___t00105s__conf0.79.wav,Noise
S20210222T100734232+0100_E20210222T102955649+0100___t00106s__conf0.63.wav,Noise
S20210222T100734232+0100_E20210222T102955649+0100___t00116s__conf0.59.wav,Noise
S20210222T100734232+0100_E20210222T102955649+0100___t00127s__conf0.53.wav,Noise
S20210222T100734232+0100_E20210222T102955649+0100___t00128s__conf0.75.wav,Noise
S20210222T100734232+0100_E20210222T102955649+0100___t00155s__conf0.74.wav,Noise
S20210222T100734232+0100_E20210222T102955649+0100___t00156s__conf0.80.wav,Noise
S20210222T100734232+0100_E20210222T102955649+0100___t00157s__conf0.80.wav,Noise
S20210222T100734232+0100_E20210222T102955649+0100___t00158s__conf0.56.wav,Noise
S20210222T100734232+0100_E20210222T102955649+0100___t00164s__conf0.56.wav,Noise
S20210222T100734232+0100_E20210222T102955649+0100___t00168s__conf0.75.wav,Noise
S20210222T100734232+0100_E20210222T102955649+0100___t00174s__conf0.62.wav,Noise
S20210222T100734232+0100_E20210222T102955649+0100___t00176s__conf0.73.wav,Noise
S20210222T100734232+0100_E20210222T102955649+0100___t00177s__conf0.74.wav,Noise
S20210222T100734232+0100_E20210222T102955649+0100___t00178s__conf0.82.wav,Noise
S20210222T100734232+0100_E20210222T102955649+0100___t00182s__conf0.58.wav,Noise
S20210222T100734232+0100_E20210222T102955649+0100___t00184s__conf0.71.wav,Noise
S20210222T100734232+0100_E20210222T102955649+0100___t00185s__conf0.85.wav,Noise
S20210222T100734232+0100_E20210222T102955649+0100___t00186s__conf0.89.wav,Noise
S20210222T100734232+0100_E20210222T102955649+0100___t00187s__conf0.96.wav,Noise
S20210222T100734232+0100_E20210222T102955649+0100___t00188s__conf0.85.wav,Noise
S20210222T100734232+0100_E20210222T102955649+0100___t00191s__conf0.75.wav,Noise
S20210222T100734232+0100_E20210222T102955649+0100___t00197s__conf0.73.wav,Noise
S20210222T100734232+0100_E20210222T102955649+0100___t00198s__conf0.88.wav,Noise
S20210222T100734232+0100_E20210222T102955649+0100___t00199s__conf0.71.wav,Noise
S20210222T100734232+0100_E20210222T102955649+0100___t00200s__conf0.61.wav,Noise
S20210222T100734232+0100_E20210222T102955649+0100___t00201s__conf0.78.wav,Noise
S20210222T100734232+0100_E20210222T102955649+0100___t00202s__conf0.55.wav,Noise
S20210222T100734232+0100_E20210222T102955649+0100___t00203s__conf0.54.wav,Noise
S20210222T100734232+0100_E20210222T102955649+0100___t00205s__conf0.66.wav,Noise
S20210222T100734232+0100_E20210222T102955649+0100___t00206s__conf0.72.wav,Noise
S20210222T100734232+0100_E20210222T102955649+0100___t00212s__conf0.80.wav,Noise
S20210222T100734232+0100_E20210222T102955649+0100___t00213s__conf0.77.wav,Noise
S20210222T100734232+0100_E20210222T102955649+0100___t00214s__conf0.92.wav,Noise
S20210222T100734232+0100_E20210222T102955649+0100___t00215s__conf0.89.wav,Noise
S20210222T100734232+0100_E20210222T102955649+0100___t00216s__conf0.66.wav,Noise
S20210222T100734232+0100_E20210222T102955649+0100___t00218s__conf0.85.wav,Noise
S20210222T100734232+0100_E20210222T102955649+0100___t00220s__conf0.54.wav,Noise
S20210222T100734232+0100_E20210222T102955649+0100___t00221s__conf0.64.wav,Noise
S20210222T100734232+0100_E20210222T102955649+0100___t00222s__conf0.81.wav,Noise
S20210222T100734232+0100_E20210222T102955649+0100___t00223s__conf0.92.wav,Noise
S20210222T100734232+0100_E20210222T102955649+0100___t00224s__conf0.76.wav,Noise
S20210222T100734232+0100_E20210222T102955649+0100___t00229s__conf0.62.wav,Noise
S20210222T100734232+0100_E20210222T102955649+0100___t00230s__conf0.95.wav,Noise
S20210222T100734232+0100_E20210222T102955649+0100___t00232s__conf0.98.wav,Noise
S20210222T100734232+0100_E20210222T102955649+0100___t00233s__conf0.98.wav,Noise
S20210222T100734232+0100_E20210222T102955649+0100___t00234s__conf0.94.wav,Noise
S20210222T100734232+0100_E20210222T102955649+0100___t00237s__conf0.75.wav,Noise
S20210222T100734232+0100_E20210222T102955649+0100___t00239s__conf0.52.wav,Noise
S20210222T100734232+0100_E20210222T102955649+0100___t00240s__conf0.80.wav,Noise
S20210222T100734232+0100_E20210222T102955649+0100___t00241s__conf0.85.wav,Noise
S20210222T100734232+0100_E20210222T102955649+0100___t00242s__conf0.85.wav,Noise
S20210222T100734232+0100_E20210222T102955649+0100___t00243s__conf0.69.wav,Noise
S20210222T100734232+0100_E20210222T102955649+0100___t00244s__conf0.97.wav,Noise
S20210222T100734232+0100_E20210222T102955649+0100___t00245s__conf0.97.wav,Noise
S20210222T100734232+0100_E20210222T102955649+0100___t00247s__conf0.97.wav,Noise
S20210222T100734232+0100_E20210222T102955649+0100___t00248s__conf0.63.wav,Noise
S20210222T100734232+0100_E20210222T102955649+0100___t00250s__conf0.81.wav,Noise
S20210222T100734232+0100_E20210222T102955649+0100___t00254s__conf0.53.wav,Noise
S20210222T100734232+0100_E20210222T102955649+0100___t00256s__conf0.58.wav,Noise
S20210222T100734232+0100_E20210222T102955649+0100___t00257s__conf0.60.wav,Noise
S20210222T100734232+0100_E20210222T102955649+0100___t00258s__conf0.53.wav,Noise
S20210222T100734232+0100_E20210222T102955649+0100___t00259s__conf0.77.wav,Noise
S20210222T100734232+0100_E20210222T102955649+0100___t00260s__conf0.78.wav,Noise
S20210222T100734232+0100_E20210222T102955649+0100___t00263s__conf0.88.wav,Noise
S20210222T100734232+0100_E20210222T102955649+0100___t00265s__conf0.94.wav,Noise
S20210222T100734232+0100_E20210222T102955649+0100___t00268s__conf0.72.wav,Noise
S20210222T100734232+0100_E20210222T102955649+0100___t00269s__conf0.68.wav,Noise
S20210222T100734232+0100_E20210222T102955649+0100___t00270s__conf1.00.wav,Noise
S20210222T100734232+0100_E20210222T102955649+0100___t00271s__conf0.89.wav,Noise
S20210222T100734232+0100_E20210222T102955649+0100___t00272s__conf0.61.wav,Noise
S20210222T100734232+0100_E20210222T102955649+0100___t00276s__conf0.77.wav,Noise
S20210222T100734232+0100_E20210222T102955649+0100___t00277s__conf0.98.wav,Noise
S20210222T100734232+0100_E20210222T102955649+0100___t00278s__conf0.96.wav,Noise
S20210222T100734232+0100_E20210222T102955649+0100___t00280s__conf0.53.wav,Noise
S20210222T100734232+0100_E20210222T102955649+0100___t00281s__conf0.97.wav,Noise
S20210222T100734232+0100_E20210222T102955649+0100___t00282s__conf0.88.wav,Noise
S20210222T100734232+0100_E20210222T102955649+0100___t00283s__conf0.69.wav,Noise
S20210222T100734232+0100_E20210222T102955649+0100___t00284s__conf0.68.wav,Noise
S20210222T100734232+0100_E20210222T102955649+0100___t00285s__conf0.81.wav,Noise
S20210222T100734232+0100_E20210222T102955649+0100___t00297s__conf0.50.wav,Noise
S20210222T100734232+0100_E20210222T102955649+0100___t00301s__conf0.58.wav,Noise
S20210222T100734232+0100_E20210222T102955649+0100___t00305s__conf0.76.wav,Noise
S20210222T100734232+0100_E20210222T102955649+0100___t00306s__conf0.75.wav,Noise
S20210222T100734232+0100_E20210222T102955649+0100___t00307s__conf0.72.wav,Noise
S20210222T100734232+0100_E20210222T102955649+0100___t00308s__conf0.71.wav,Noise
S20210222T100734232+0100_E20210222T102955649+0100___t00309s__conf0.66.wav,Noise
S20210222T100734232+0100_E20210222T102955649+0100___t00310s__conf0.88.wav,Noise
S20210222T100734232+0100_E20210222T102955649+0100___t00311s__conf0.52.wav,Noise
S20210222T100734232+0100_E20210222T102955649+0100___t00312s__conf0.58.wav,Noise
S20210222T100734232+0100_E20210222T102955649+0100___t00314s__conf0.84.wav,Noise
S20210222T100734232+0100_E20210222T102955649+0100___t00315s__conf0.73.wav,Noise
S20210222T100734232+0100_E20210222T102955649+0100___t00317s__conf0.65.wav,Noise
S20210222T100734232+0100_E20210222T102955649+0100___t00318s__conf0.73.wav,Noise
S20210222T100734232+0100_E20210222T102955649+0100___t00319s__conf0.74.wav,Noise
S20210222T100734232+0100_E20210222T102955649+0100___t00320s__conf0.84.wav,Noise
S20210222T100734232+0100_E20210222T102955649+0100___t00321s__conf0.62.wav,Noise
S20210222T100734232+0100_E20210222T102955649+0100___t00325s__conf0.72.wav,Noise
S20210222T100734232+0100_E20210222T102955649+0100___t00328s__conf0.82.wav,Noise
S20210222T100734232+0100_E20210222T102955649+0100___t00332s__conf0.70.wav,Noise
S20210222T100734232+0100_E20210222T102955649+0100___t00333s__conf0.71.wav,Noise
S20210222T100734232+0100_E20210222T102955649+0100___t00334s__conf0.95.wav,Noise
S20210222T100734232+0100_E20210222T102955649+0100___t00335s__conf0.81.wav,Noise
S20210222T100734232+0100_E20210222T102955649+0100___t00336s__conf0.92.wav,Noise
S20210222T100734232+0100_E20210222T102955649+0100___t00337s__conf0.96.wav,Noise
S20210222T100734232+0100_E20210222T102955649+0100___t00338s__conf0.93.wav,Noise
S20210222T100734232+0100_E20210222T102955649+0100___t00339s__conf0.75.wav,Noise
S20210222T100734232+0100_E20210222T102955649+0100___t00340s__conf0.87.wav,Noise
S20210222T100734232+0100_E20210222T102955649+0100___t00341s__conf0.63.wav,Noise
S20210222T100734232+0100_E20210222T102955649+0100___t00342s__conf0.51.wav,Noise
S20210222T100734232+0100_E20210222T102955649+0100___t00343s__conf0.67.wav,Noise
S20210222T100734232+0100_E20210222T102955649+0100___t00344s__conf0.69.wav,Noise
S20210222T100734232+0100_E20210222T102955649+0100___t00346s__conf0.83.wav,Noise
S20210222T100734232+0100_E20210222T102955649+0100___t00353s__conf0.50.wav,Noise
S20210222T100734232+0100_E20210222T102955649+0100___t00354s__conf0.90.wav,Noise
S20210222T100734232+0100_E20210222T102955649+0100___t00355s__conf0.84.wav,Noise
S20210222T100734232+0100_E20210222T102955649+0100___t00356s__conf0.67.wav,Noise
S20210222T100734232+0100_E20210222T102955649+0100___t00358s__conf0.49.wav,Noise
S20210222T100734232+0100_E20210222T102955649+0100___t00360s__conf0.77.wav,Noise
S20210222T100734232+0100_E20210222T102955649+0100___t00361s__conf0.85.wav,Noise
S20210222T100734232+0100_E20210222T102955649+0100___t00362s__conf0.81.wav,Noise
S20210222T100734232+0100_E20210222T102955649+0100___t00364s__conf0.95.wav,Noise
S20210222T100734232+0100_E20210222T102955649+0100___t00365s__conf0.75.wav,Noise
S20210222T100734232+0100_E20210222T102955649+0100___t00368s__conf0.58.wav,Noise
S20210222T100734232+0100_E20210222T102955649+0100___t00369s__conf0.67.wav,Noise
S20210222T100734232+0100_E20210222T102955649+0100___t00370s__conf0.86.wav,Noise
S20210222T100734232+0100_E20210222T102955649+0100___t00371s__conf0.86.wav,Noise
S20210222T100734232+0100_E20210222T102955649+0100___t00372s__conf0.91.wav,Noise
S20210222T100734232+0100_E20210222T102955649+0100___t00373s__conf0.65.wav,Noise
S20210222T100734232+0100_E20210222T102955649+0100___t00375s__conf0.89.wav,Noise
S20210222T100734232+0100_E20210222T102955649+0100___t00376s__conf0.91.wav,Noise
S20210222T100734232+0100_E20210222T102955649+0100___t00377s__conf0.70.wav,Noise
S20210222T100734232+0100_E20210222T102955649+0100___t00380s__conf0.75.wav,Noise
S20210222T100734232+0100_E20210222T102955649+0100___t00386s__conf0.93.wav,Noise
S20210222T100734232+0100_E20210222T102955649+0100___t00387s__conf0.95.wav,Noise
S20210222T100734232+0100_E20210222T102955649+0100___t00389s__conf0.83.wav,Noise
S20210222T100734232+0100_E20210222T102955649+0100___t00390s__conf0.62.wav,Noise
S20210222T100734232+0100_E20210222T102955649+0100___t00409s__conf0.67.wav,Noise
S20210222T100734232+0100_E20210222T102955649+0100___t00410s__conf0.72.wav,Noise
S20210222T100734232+0100_E20210222T102955649+0100___t00411s__conf0.84.wav,Noise
S20210222T100734232+0100_E20210222T102955649+0100___t00412s__conf0.66.wav,Noise
S20210222T100734232+0100_E20210222T102955649+0100___t00413s__conf0.77.wav,Noise
S20210222T100734232+0100_E20210222T102955649+0100___t00416s__conf0.90.wav,Noise
S20210222T100734232+0100_E20210222T102955649+0100___t00417s__conf0.83.wav,Noise
S20210222T100734232+0100_E20210222T102955649+0100___t00419s__conf0.51.wav,Noise
S20210222T100734232+0100_E20210222T102955649+0100___t00420s__conf0.74.wav,Noise
S20210222T100734232+0100_E20210222T102955649+0100___t00421s__conf0.83.wav,Noise
S20210222T100734232+0100_E20210222T102955649+0100___t00424s__conf0.56.wav,Noise
S20210222T100734232+0100_E20210222T102955649+0100___t00425s__conf0.90.wav,Noise
S20210222T100734232+0100_E20210222T102955649+0100___t00426s__conf0.91.wav,Noise
S20210222T100734232+0100_E20210222T102955649+0100___t00427s__conf0.78.wav,Noise
S20210222T100734232+0100_E20210222T102955649+0100___t00429s__conf0.59.wav,Noise
S20210222T100734232+0100_E20210222T102955649+0100___t00430s__conf0.67.wav,Noise
S20210222T100734232+0100_E20210222T102955649+0100___t00431s__conf0.95.wav,Noise
S20210222T100734232+0100_E20210222T102955649+0100___t00432s__conf0.80.wav,Noise
S20210222T100734232+0100_E20210222T102955649+0100___t00434s__conf0.83.wav,Noise
S20210222T100734232+0100_E20210222T102955649+0100___t00437s__conf0.53.wav,Noise
S20210222T100734232+0100_E20210222T102955649+0100___t00438s__conf0.52.wav,Noise
S20210222T100734232+0100_E20210222T102955649+0100___t00441s__conf0.63.wav,Noise
S20210222T100734232+0100_E20210222T102955649+0100___t00442s__conf0.72.wav,Noise
S20210222T100734232+0100_E20210222T102955649+0100___t00446s__conf0.70.wav,Noise
S20210222T100734232+0100_E20210222T102955649+0100___t00447s__conf0.83.wav,Noise
S20210222T100734232+0100_E20210222T102955649+0100___t00448s__conf0.89.wav,Noise
S20210222T100734232+0100_E20210222T102955649+0100___t00454s__conf0.56.wav,Noise
S20210222T100734232+0100_E20210222T102955649+0100___t00455s__conf0.56.wav,Noise
S20210222T100734232+0100_E20210222T102955649+0100___t00457s__conf0.51.wav,Noise
S20210222T100734232+0100_E20210222T102955649+0100___t00466s__conf0.67.wav,Noise
S20210222T100734232+0100_E20210222T102955649+0100___t00467s__conf0.90.wav,Noise
S20210222T100734232+0100_E20210222T102955649+0100___t00468s__conf0.88.wav,Noise
S20210222T100734232+0100_E20210222T102955649+0100___t00469s__conf0.88.wav,Noise
S20210222T100734232+0100_E20210222T102955649+0100___t00472s__conf0.65.wav,Noise
S20210222T100734232+0100_E20210222T102955649+0100___t00473s__conf0.66.wav,Noise
S20210222T100734232+0100_E20210222T102955649+0100___t00477s__conf0.50.wav,Noise
S20210222T100734232+0100_E20210222T102955649+0100___t00478s__conf0.90.wav,Noise
S20210222T100734232+0100_E20210222T102955649+0100___t00480s__conf0.82.wav,Noise
S20210222T100734232+0100_E20210222T102955649+0100___t00481s__conf0.85.wav,Noise
S20210222T100734232+0100_E20210222T102955649+0100___t00482s__conf0.95.wav,Noise
S20210222T100734232+0100_E20210222T102955649+0100___t00483s__conf0.72.wav,Noise
S20210222T100734232+0100_E20210222T102955649+0100___t00484s__conf0.52.wav,Noise
S20210222T100734232+0100_E20210222T102955649+0100___t00485s__conf0.83.wav,Noise
S20210222T100734232+0100_E20210222T102955649+0100___t00486s__conf0.89.wav,Noise
S20210222T100734232+0100_E20210222T102955649+0100___t00487s__conf0.57.wav,Noise
S20210222T100734232+0100_E20210222T102955649+0100___t00488s__conf0.80.wav,Noise
S20210222T100734232+0100_E20210222T102955649+0100___t00489s__conf0.56.wav,Noise
S20210222T100734232+0100_E20210222T102955649+0100___t00494s__conf0.57.wav,Noise
S20210222T100734232+0100_E20210222T102955649+0100___t00495s__conf0.93.wav,Noise
S20210222T100734232+0100_E20210222T102955649+0100___t00496s__conf0.78.wav,Noise
S20210222T100734232+0100_E20210222T102955649+0100___t00497s__conf0.64.wav,Noise
S20210222T100734232+0100_E20210222T102955649+0100___t00498s__conf0.74.wav,Noise
S20210222T100734232+0100_E20210222T102955649+0100___t00499s__conf0.92.wav,Noise
S20210222T100734232+0100_E20210222T102955649+0100___t00500s__conf0.77.wav,Noise
S20210222T100734232+0100_E20210222T102955649+0100___t00501s__conf0.65.wav,Noise
S20210222T100734232+0100_E20210222T102955649+0100___t00506s__conf0.54.wav,Noise
S20210222T100734232+0100_E20210222T102955649+0100___t00507s__conf0.84.wav,Noise
S20210222T100734232+0100_E20210222T102955649+0100___t00508s__conf0.86.wav,Noise
S20210222T100734232+0100_E20210222T102955649+0100___t00510s__conf0.65.wav,Noise
S20210222T100734232+0100_E20210222T102955649+0100___t00526s__conf0.83.wav,Noise
S20210222T100734232+0100_E20210222T102955649+0100___t00527s__conf0.98.wav,Noise
S20210222T100734232+0100_E20210222T102955649+0100___t00528s__conf0.82.wav,Noise
S20210222T100734232+0100_E20210222T102955649+0100___t00535s__conf0.59.wav,Noise
S20210222T100734232+0100_E20210222T102955649+0100___t00536s__conf0.44.wav,Noise
S20210222T100734232+0100_E20210222T102955649+0100___t00537s__conf0.84.wav,Noise
S20210222T100734232+0100_E20210222T102955649+0100___t00538s__conf0.65.wav,Noise
S20210222T100734232+0100_E20210222T102955649+0100___t00542s__conf0.70.wav,Noise
S20210222T100734232+0100_E20210222T102955649+0100___t00548s__conf0.88.wav,Noise
S20210222T100734232+0100_E20210222T102955649+0100___t00549s__conf0.79.wav,Noise
S20210222T100734232+0100_E20210222T102955649+0100___t00556s__conf0.75.wav,Noise
S20210222T100734232+0100_E20210222T102955649+0100___t00557s__conf0.66.wav,Noise
S20210222T100734232+0100_E20210222T102955649+0100___t00558s__conf0.82.wav,Noise
S20210222T100734232+0100_E20210222T102955649+0100___t00559s__conf0.67.wav,Noise
S20210222T100734232+0100_E20210222T102955649+0100___t00562s__conf0.60.wav,Noise
S20210222T100734232+0100_E20210222T102955649+0100___t00563s__conf0.87.wav,Noise
S20210222T100734232+0100_E20210222T102955649+0100___t00564s__conf0.82.wav,Noise
S20210222T100734232+0100_E20210222T102955649+0100___t00576s__conf0.67.wav,Noise
S20210222T100734232+0100_E20210222T102955649+0100___t00577s__conf0.71.wav,Noise
S20210222T100734232+0100_E20210222T102955649+0100___t00578s__conf0.62.wav,Noise
S20210222T100734232+0100_E20210222T102955649+0100___t00580s__conf0.71.wav,Noise
S20210222T100734232+0100_E20210222T102955649+0100___t00584s__conf0.95.wav,Noise
S20210222T100734232+0100_E20210222T102955649+0100___t00585s__conf0.88.wav,Noise
S20210222T100734232+0100_E20210222T102955649+0100___t00589s__conf0.88.wav,Noise
S20210222T100734232+0100_E20210222T102955649+0100___t00590s__conf0.67.wav,Noise
S20210222T100734232+0100_E20210222T102955649+0100___t00591s__conf0.88.wav,Noise
S20210222T100734232+0100_E20210222T102955649+0100___t00592s__conf0.96.wav,Noise
S20210222T100734232+0100_E20210222T102955649+0100___t00593s__conf0.91.wav,Noise
S20210222T100734232+0100_E20210222T102955649+0100___t00594s__conf0.94.wav,Noise
S20210222T100734232+0100_E20210222T102955649+0100___t00595s__conf0.73.wav,Noise
S20210222T100734232+0100_E20210222T102955649+0100___t00596s__conf0.79.wav,Noise
S20210222T100734232+0100_E20210222T102955649+0100___t00597s__conf0.72.wav,Noise
S20210222T100734232+0100_E20210222T102955649+0100___t00598s__conf0.72.wav,Noise
S20210222T100734232+0100_E20210222T102955649+0100___t00599s__conf0.72.wav,Noise
S20210222T100734232+0100_E20210222T102955649+0100___t00600s__conf0.73.wav,Noise
S20210222T100734232+0100_E20210222T102955649+0100___t00601s__conf0.68.wav,Noise
S20210222T100734232+0100_E20210222T102955649+0100___t00605s__conf0.73.wav,Noise
S20210222T100734232+0100_E20210222T102955649+0100___t00606s__conf0.57.wav,Noise
S20210222T100734232+0100_E20210222T102955649+0100___t00629s__conf0.58.wav,Noise
S20210222T100734232+0100_E20210222T102955649+0100___t00631s__conf0.87.wav,Noise
S20210222T100734232+0100_E20210222T102955649+0100___t00632s__conf0.50.wav,Noise
S20210222T100734232+0100_E20210222T102955649+0100___t00643s__conf0.95.wav,Noise
S20210222T100734232+0100_E20210222T102955649+0100___t00647s__conf0.55.wav,Noise
S20210222T100734232+0100_E20210222T102955649+0100___t00937s__conf0.67.wav,Noise
S20210223T053002987+0100_E20210223T055957655+0100___t01257s__conf0.52.wav,Noise
S20210223T053002987+0100_E20210223T055957655+0100___t01277s__conf0.82.wav,Noise
S20210223T053002987+0100_E20210223T055957655+0100___t01336s__conf0.81.wav,Noise
S20210223T053002987+0100_E20210223T055957655+0100___t01337s__conf0.89.wav,Noise
S20210223T053002987+0100_E20210223T055957655+0100___t01338s__conf0.98.wav,Noise
S20210223T053002987+0100_E20210223T055957655+0100___t01339s__conf0.90.wav,Noise
S20210223T053002987+0100_E20210223T055957655+0100___t01350s__conf0.49.wav,Noise
S20210223T053002987+0100_E20210223T055957655+0100___t01351s__conf0.67.wav,Noise
S20210223T053002987+0100_E20210223T055957655+0100___t01399s__conf0.59.wav,Noise
S20210223T055948343+0100_E20210223T062947019+0100___t00890s__conf0.60.wav,Noise
S20210223T055948343+0100_E20210223T062947019+0100___t01783s__conf0.55.wav,Noise
S20210223T055958741+0100_E20210223T062954254+0100___t00105s__conf0.85.wav,Noise
S20210223T055958741+0100_E20210223T062954254+0100___t00139s__conf0.65.wav,Noise
S20210223T055958741+0100_E20210223T062954254+0100___t00295s__conf0.52.wav,Noise
S20210223T055959160+0100_E20210223T062959215+0100___t00697s__conf0.58.wav,Noise
S20210223T060017154+0100_E20210223T063012481+0100___t01723s__conf0.88.wav,Noise
S20210223T062948829+0100_E20210223T065946855+0100___t00064s__conf0.56.wav,Noise
S20210223T062948829+0100_E20210223T065946855+0100___t00067s__conf0.60.wav,Noise
S20210223T062948829+0100_E20210223T065946855+0100___t00082s__conf0.64.wav,Noise
S20210223T062948829+0100_E20210223T065946855+0100___t00105s__conf0.75.wav,Noise
S20210223T062948829+0100_E20210223T065946855+0100___t00130s__conf0.81.wav,Noise
S20210223T062948829+0100_E20210223T065946855+0100___t00131s__conf0.74.wav,Noise
S20210223T062948829+0100_E20210223T065946855+0100___t01230s__conf0.49.wav,Noise
S20210223T062948829+0100_E20210223T065946855+0100___t01326s__conf0.55.wav,Noise
S20210223T062948829+0100_E20210223T065946855+0100___t01427s__conf0.51.wav,Noise
S20210223T062948829+0100_E20210223T065946855+0100___t01594s__conf0.63.wav,Noise
S20210223T062958700+0100_E20210223T065953841+0100___t01430s__conf0.65.wav,Noise
S20210223T062958700+0100_E20210223T065953841+0100___t01431s__conf0.56.wav,Noise
S20210223T063017098+0100_E20210223T070012703+0100___t00512s__conf0.98.wav,Noise
S20210223T063017098+0100_E20210223T070012703+0100___t00802s__conf0.87.wav,Noise
S20210223T065956652+0100_E20210223T072953700+0100___t01548s__conf0.62.wav,Noise
S20210223T065956652+0100_E20210223T072953700+0100___t01640s__conf0.66.wav,Noise
S20210223T070006049+0100_E20210223T072955302+0100___t00681s__conf0.48.wav,Noise
S20210223T070015023+0100_E20210223T073012071+0100___t00126s__conf0.67.wav,Noise
S20210223T072948832+0100_E20210223T075946879+0100___t00569s__conf0.57.wav,Noise
S20210223T072948832+0100_E20210223T075946879+0100___t01597s__conf0.71.wav,Noise
S20210223T072958606+0100_E20210223T075953654+0100___t00259s__conf0.50.wav,Noise
S20210223T073014965+0100_E20210223T080012013+0100___t00551s__conf0.99.wav,Noise
S20210223T073014965+0100_E20210223T080012013+0100___t00650s__conf0.70.wav,Noise
S20210223T073014965+0100_E20210223T080012013+0100___t00940s__conf0.57.wav,Noise
S20210223T073014965+0100_E20210223T080012013+0100___t01494s__conf0.53.wav,Noise
S20210223T073014965+0100_E20210223T080012013+0100___t01497s__conf0.53.wav,Noise
S20210223T073014965+0100_E20210223T080012013+0100___t01500s__conf0.79.wav,Noise
S20210223T073014965+0100_E20210223T080012013+0100___t01581s__conf0.96.wav,Noise
S20210223T073014965+0100_E20210223T080012013+0100___t01599s__conf0.97.wav,Noise
S20210223T075948870+0100_E20210223T082946918+0100___t00021s__conf0.67.wav,Noise
S20210223T075948870+0100_E20210223T082946918+0100___t00349s__conf0.71.wav,Noise
S20210223T075948870+0100_E20210223T082946918+0100___t01014s__conf0.53.wav,Noise
S20210223T075948870+0100_E20210223T082946918+0100___t01023s__conf0.60.wav,Noise
S20210223T075948870+0100_E20210223T082946918+0100___t01157s__conf0.46.wav,Noise
S20210223T075948870+0100_E20210223T082946918+0100___t01338s__conf0.68.wav,Noise
S20210223T075948870+0100_E20210223T082946918+0100___t01465s__conf0.57.wav,Noise
S20210223T075948870+0100_E20210223T082946918+0100___t01466s__conf0.97.wav,Noise
S20210223T075948870+0100_E20210223T082946918+0100___t01783s__conf0.75.wav,Noise
S20210223T080014906+0100_E20210223T083012511+0100___t00016s__conf0.55.wav,Noise
S20210223T080014906+0100_E20210223T083012511+0100___t00702s__conf0.95.wav,Noise
S20210223T080014906+0100_E20210223T083012511+0100___t01227s__conf0.59.wav,Noise
S20210223T080014906+0100_E20210223T083012511+0100___t01336s__conf0.60.wav,Noise
S20210223T080014906+0100_E20210223T083012511+0100___t01355s__conf0.69.wav,Noise
S20210223T082948460+0100_E20210223T085946486+0100___t00106s__conf0.49.wav,Noise
S20210223T082948460+0100_E20210223T085946486+0100___t00132s__conf0.45.wav,Noise
S20210223T082948460+0100_E20210223T085946486+0100___t00188s__conf0.79.wav,Noise
S20210223T082948460+0100_E20210223T085946486+0100___t00295s__conf0.49.wav,Noise
S20210223T082956521+0100_E20210223T085953755+0100___t01331s__conf0.56.wav,Noise
S20210223T082956521+0100_E20210223T085953755+0100___t01458s__conf0.52.wav,Noise
S20210223T082956521+0100_E20210223T085953755+0100___t01563s__conf0.95.wav,Noise
S20210223T085958478+0100_E20210223T092953712+0100___t00630s__conf0.70.wav,Noise
S20210223T090014786+0100_E20210223T093012298+0100___t00171s__conf0.51.wav,Noise
S20210223T090014786+0100_E20210223T093012298+0100___t00293s__conf0.65.wav,Noise
S20210223T090014786+0100_E20210223T093012298+0100___t00363s__conf0.96.wav,Noise
S20210223T090014786+0100_E20210223T093012298+0100___t00417s__conf0.77.wav,Noise
S20210223T090014786+0100_E20210223T093012298+0100___t00462s__conf0.97.wav,Noise
S20210223T090014786+0100_E20210223T093012298+0100___t01603s__conf0.80.wav,Noise
S20210223T090014786+0100_E20210223T093012298+0100___t01604s__conf0.95.wav,Noise
S20210223T092958430+0100_E20210223T095953664+0100___t00845s__conf0.47.wav,Noise
S20210223T093000015+0100_E20210223T095959120+0100___t00176s__conf0.51.wav,Noise
S20210223T093000015+0100_E20210223T095959120+0100___t01283s__conf0.57.wav,Noise
S20210223T093016725+0100_E20210223T100011866+0100___t00083s__conf0.85.wav,Noise
S20210223T093016725+0100_E20210223T100011866+0100___t00097s__conf0.69.wav,Noise
S20210223T093016725+0100_E20210223T100011866+0100___t00103s__conf0.92.wav,Noise
S20210223T095948018+0100_E20210223T102946044+0100___t00413s__conf0.53.wav,Noise
S20210223T095948018+0100_E20210223T102946044+0100___t00465s__conf0.54.wav,Noise
S20210223T095948018+0100_E20210223T102946044+0100___t00471s__conf0.59.wav,Noise
S20210223T095948018+0100_E20210223T102946044+0100___t01013s__conf0.59.wav,Noise
S20210223T095952605+0100_E20210223T102955015+0100___t00491s__conf0.92.wav,Noise
S20210223T095958386+0100_E20210223T102953714+0100___t00977s__conf0.57.wav,Noise
S20210223T100000007+0100_E20210223T102958183+0100___t00767s__conf0.50.wav,Noise
S20210223T100000007+0100_E20210223T102958183+0100___t00769s__conf0.59.wav,Noise
S20210223T100000007+0100_E20210223T102958183+0100___t00770s__conf0.66.wav,Noise
S20210223T100000007+0100_E20210223T102958183+0100___t00779s__conf0.71.wav,Noise
S20210223T100000007+0100_E20210223T102958183+0100___t00794s__conf0.73.wav,Noise
S20210223T100000007+0100_E20210223T102958183+0100___t00795s__conf0.70.wav,Noise
S20210223T100000007+0100_E20210223T102958183+0100___t00800s__conf0.54.wav,Noise
S20210223T100000007+0100_E20210223T102958183+0100___t00808s__conf0.56.wav,Noise
S20210223T100000007+0100_E20210223T102958183+0100___t00809s__conf0.66.wav,Noise
S20210223T100000007+0100_E20210223T102958183+0100___t00815s__conf0.58.wav,Noise
S20210223T100000007+0100_E20210223T102958183+0100___t00820s__conf0.69.wav,Noise
S20210223T100000007+0100_E20210223T102958183+0100___t00841s__conf0.69.wav,Noise
S20210223T100000007+0100_E20210223T102958183+0100___t00842s__conf0.76.wav,Noise
S20210223T100000007+0100_E20210223T102958183+0100___t00879s__conf0.50.wav,Noise
S20210223T100000007+0100_E20210223T102958183+0100___t00891s__conf0.56.wav,Noise
S20210223T102958341+0100_E20210223T105953483+0100___t00031s__conf0.81.wav,Noise
S20210223T102958341+0100_E20210223T105953483+0100___t00032s__conf0.50.wav,Noise
S20210223T102958341+0100_E20210223T105953483+0100___t00045s__conf0.72.wav,Noise
S20210223T102958341+0100_E20210223T105953483+0100___t00091s__conf0.51.wav,Noise
S20210223T102958341+0100_E20210223T105953483+0100___t00092s__conf0.50.wav,Noise
S20210223T102958341+0100_E20210223T105953483+0100___t00264s__conf0.50.wav,Noise
S20210223T102958341+0100_E20210223T105953483+0100___t00265s__conf0.75.wav,Noise
S20210223T102958341+0100_E20210223T105953483+0100___t00604s__conf0.53.wav,Noise
S20210223T102958341+0100_E20210223T105953483+0100___t00609s__conf0.87.wav,Noise
S20210223T102958341+0100_E20210223T105953483+0100___t00823s__conf0.60.wav,Noise
S20210223T102958341+0100_E20210223T105953483+0100___t01239s__conf0.59.wav,Noise
S20210223T102958341+0100_E20210223T105953483+0100___t01244s__conf0.66.wav,Noise
S20210223T102958341+0100_E20210223T105953483+0100___t01250s__conf0.69.wav,Noise
S20210223T102958341+0100_E20210223T105953483+0100___t01345s__conf0.63.wav,Noise
S20210223T102958341+0100_E20210223T105953483+0100___t01390s__conf0.69.wav,Noise
S20210223T102958341+0100_E20210223T105953483+0100___t01397s__conf0.57.wav,Noise
S20210223T102958341+0100_E20210223T105953483+0100___t01398s__conf0.56.wav,Noise
S20210223T102958341+0100_E20210223T105953483+0100___t01404s__conf0.62.wav,Noise
S20210223T102958341+0100_E20210223T105953483+0100___t01508s__conf0.46.wav,Noise
S20210223T102958955+0100_E20210223T105958989+0100___t00533s__conf0.54.wav,Noise
S20210224T053004842+0100_E20210224T055956959+0100___t01116s__conf0.52.wav,Noise
S20210224T053004842+0100_E20210224T055956959+0100___t01134s__conf0.53.wav,Noise
S20210224T053004842+0100_E20210224T055956959+0100___t01153s__conf0.57.wav,Noise
S20210224T053004842+0100_E20210224T055956959+0100___t01179s__conf0.64.wav,Noise
S20210224T053004842+0100_E20210224T055956959+0100___t01185s__conf0.82.wav,Noise
S20210224T053004842+0100_E20210224T055956959+0100___t01186s__conf0.55.wav,Noise
S20210224T053004842+0100_E20210224T055956959+0100___t01298s__conf0.52.wav,Noise
S20210224T053004842+0100_E20210224T055956959+0100___t01399s__conf0.46.wav,Noise
S20210224T053004842+0100_E20210224T055956959+0100___t01482s__conf0.58.wav,Noise
S20210224T055956597+0100_E20210224T062951924+0100___t00137s__conf0.65.wav,Noise
S20210224T055956597+0100_E20210224T062951924+0100___t00237s__conf0.77.wav,Noise
S20210224T055956597+0100_E20210224T062951924+0100___t00238s__conf0.79.wav,Noise
S20210224T055956597+0100_E20210224T062951924+0100___t00314s__conf0.48.wav,Noise
S20210224T055956597+0100_E20210224T062951924+0100___t00844s__conf0.54.wav,Noise
S20210224T055956597+0100_E20210224T062951924+0100___t01066s__conf0.60.wav,Noise
S20210224T055956597+0100_E20210224T062951924+0100___t01117s__conf0.50.wav,Noise
S20210224T055956597+0100_E20210224T062951924+0100___t01229s__conf0.53.wav,Noise
S20210224T055956597+0100_E20210224T062951924+0100___t01230s__conf0.46.wav,Noise
S20210224T055956597+0100_E20210224T062951924+0100___t01392s__conf0.80.wav,Noise
S20210224T055956597+0100_E20210224T062951924+0100___t01502s__conf0.63.wav,Noise
S20210224T055956597+0100_E20210224T062951924+0100___t01503s__conf0.51.wav,Noise
S20210224T055958043+0100_E20210224T062956197+0100___t00377s__conf0.60.wav,Noise
S20210224T055958043+0100_E20210224T062956197+0100___t00689s__conf0.59.wav,Noise
S20210224T055958043+0100_E20210224T062956197+0100___t00690s__conf0.93.wav,Noise
S20210224T055958043+0100_E20210224T062956197+0100___t00829s__conf0.62.wav,Noise
S20210224T055958043+0100_E20210224T062956197+0100___t00830s__conf0.53.wav,Noise
S20210224T062956610+0100_E20210224T065951658+0100___t00974s__conf0.74.wav,Noise
S20210224T062956610+0100_E20210224T065951658+0100___t01015s__conf0.50.wav,Noise
S20210224T062956610+0100_E20210224T065951658+0100___t01415s__conf0.61.wav,Noise
S20210224T062958950+0100_E20210224T070000027+0100___t00092s__conf0.58.wav,Noise
S20210224T065953533+0100_E20210224T072948490+0100___t01572s__conf0.69.wav,Noise
S20210224T065953533+0100_E20210224T072948490+0100___t01575s__conf0.57.wav,Noise
S20210224T065953533+0100_E20210224T072948490+0100___t01576s__conf0.66.wav,Noise
S20210224T065953533+0100_E20210224T072948490+0100___t01581s__conf1.00.wav,Noise
S20210224T065953533+0100_E20210224T072948490+0100___t01582s__conf0.96.wav,Noise
S20210224T065953533+0100_E20210224T072948490+0100___t01584s__conf0.78.wav,Noise
S20210224T065953533+0100_E20210224T072948490+0100___t01586s__conf1.00.wav,Noise
S20210224T065953533+0100_E20210224T072948490+0100___t01593s__conf0.87.wav,Noise
S20210224T065953533+0100_E20210224T072948490+0100___t01594s__conf1.00.wav,Noise
S20210224T065953533+0100_E20210224T072948490+0100___t01596s__conf0.98.wav,Noise
S20210224T065953533+0100_E20210224T072948490+0100___t01603s__conf0.59.wav,Noise
S20210224T065953533+0100_E20210224T072948490+0100___t01609s__conf0.67.wav,Noise
S20210224T065953533+0100_E20210224T072948490+0100___t01611s__conf0.97.wav,Noise
S20210224T065953533+0100_E20210224T072948490+0100___t01621s__conf1.00.wav,Noise
S20210224T065953533+0100_E20210224T072948490+0100___t01622s__conf0.99.wav,Noise
S20210224T065953533+0100_E20210224T072948490+0100___t01625s__conf0.59.wav,Noise
S20210224T065953533+0100_E20210224T072948490+0100___t01628s__conf0.97.wav,Noise
S20210224T065953533+0100_E20210224T072948490+0100___t01629s__conf0.95.wav,Noise
S20210224T065953533+0100_E20210224T072948490+0100___t01636s__conf0.51.wav,Noise
S20210224T065953533+0100_E20210224T072948490+0100___t01643s__conf1.00.wav,Noise
S20210224T065953533+0100_E20210224T072948490+0100___t01645s__conf0.74.wav,Noise
S20210224T065953533+0100_E20210224T072948490+0100___t01646s__conf0.91.wav,Noise
S20210224T065953533+0100_E20210224T072948490+0100___t01651s__conf0.94.wav,Noise
S20210224T065953533+0100_E20210224T072948490+0100___t01655s__conf0.93.wav,Noise
S20210224T065953533+0100_E20210224T072948490+0100___t01662s__conf0.97.wav,Noise
S20210224T065953533+0100_E20210224T072948490+0100___t01664s__conf1.00.wav,Noise
S20210224T065953533+0100_E20210224T072948490+0100___t01667s__conf0.88.wav,Noise
S20210224T065953533+0100_E20210224T072948490+0100___t01680s__conf0.88.wav,Noise
S20210224T065953533+0100_E20210224T072948490+0100___t01684s__conf1.00.wav,Noise
S20210224T065953533+0100_E20210224T072948490+0100___t01685s__conf0.99.wav,Noise
S20210224T065953533+0100_E20210224T072948490+0100___t01686s__conf0.85.wav,Noise
S20210224T065953533+0100_E20210224T072948490+0100___t01687s__conf1.00.wav,Noise
S20210224T065953533+0100_E20210224T072948490+0100___t01689s__conf1.00.wav,Noise
S20210224T065953533+0100_E20210224T072948490+0100___t01690s__conf0.67.wav,Noise
S20210224T065953533+0100_E20210224T072948490+0100___t01693s__conf0.99.wav,Noise
S20210224T065953533+0100_E20210224T072948490+0100___t01694s__conf0.66.wav,Noise
S20210224T065953533+0100_E20210224T072948490+0100___t01697s__conf1.00.wav,Noise
S20210224T065953533+0100_E20210224T072948490+0100___t01698s__conf0.98.wav,Noise
S20210224T065953533+0100_E20210224T072948490+0100___t01704s__conf1.00.wav,Noise
S20210224T065953533+0100_E20210224T072948490+0100___t01705s__conf0.76.wav,Noise
S20210224T065953533+0100_E20210224T072948490+0100___t01707s__conf1.00.wav,Noise
S20210224T065953533+0100_E20210224T072948490+0100___t01708s__conf1.00.wav,Noise
S20210224T065953533+0100_E20210224T072948490+0100___t01709s__conf1.00.wav,Noise
S20210224T065953533+0100_E20210224T072948490+0100___t01710s__conf1.00.wav,Noise
S20210224T065953533+0100_E20210224T072948490+0100___t01711s__conf1.00.wav,Noise
S20210224T065953533+0100_E20210224T072948490+0100___t01712s__conf1.00.wav,Noise
S20210224T065953533+0100_E20210224T072948490+0100___t01713s__conf1.00.wav,Noise
S20210224T065953533+0100_E20210224T072948490+0100___t01714s__conf1.00.wav,Noise
S20210224T065953533+0100_E20210224T072948490+0100___t01715s__conf0.90.wav,Noise
S20210224T065953533+0100_E20210224T072948490+0100___t01717s__conf0.80.wav,Noise
S20210224T065953533+0100_E20210224T072948490+0100___t01718s__conf0.76.wav,Noise
S20210224T065953533+0100_E20210224T072948490+0100___t01720s__conf1.00.wav,Noise
S20210224T065953533+0100_E20210224T072948490+0100___t01724s__conf1.00.wav,Noise
S20210224T065953533+0100_E20210224T072948490+0100___t01725s__conf1.00.wav,Noise
S20210224T065953533+0100_E20210224T072948490+0100___t01733s__conf1.00.wav,Noise
S20210224T065953533+0100_E20210224T072948490+0100___t01734s__conf1.00.wav,Noise
S20210224T065953533+0100_E20210224T072948490+0100___t01735s__conf1.00.wav,Noise
S20210224T065953533+0100_E20210224T072948490+0100___t01738s__conf0.95.wav,Noise
S20210224T065954509+0100_E20210224T072951557+0100___t00218s__conf0.49.wav,Noise
S20210224T065954509+0100_E20210224T072951557+0100___t00614s__conf0.51.wav,Noise
S20210224T065954509+0100_E20210224T072951557+0100___t00884s__conf0.53.wav,Noise
S20210224T065954509+0100_E20210224T072951557+0100___t00885s__conf0.92.wav,Noise
S20210224T065954509+0100_E20210224T072951557+0100___t01048s__conf0.90.wav,Noise
S20210224T065954509+0100_E20210224T072951557+0100___t01049s__conf0.69.wav,Noise
S20210224T065954509+0100_E20210224T072951557+0100___t01092s__conf0.48.wav,Noise
S20210224T065954509+0100_E20210224T072951557+0100___t01371s__conf0.51.wav,Noise
S20210224T065954509+0100_E20210224T072951557+0100___t01436s__conf0.59.wav,Noise
S20210224T065954509+0100_E20210224T072951557+0100___t01606s__conf0.76.wav,Noise
S20210224T065954509+0100_E20210224T072951557+0100___t01617s__conf0.87.wav,Noise
S20210224T065958XXX+0100_E20210224T065958XXX+0100___t00440s__conf0.61.wav,Noise
S20210224T065958XXX+0100_E20210224T065958XXX+0100___t00564s__conf0.59.wav,Noise
S20210224T065958XXX+0100_E20210224T065958XXX+0100___t00567s__conf0.75.wav,Noise
S20210224T065958XXX+0100_E20210224T065958XXX+0100___t00896s__conf0.61.wav,Noise
S20210224T065958XXX+0100_E20210224T065958XXX+0100___t01390s__conf0.55.wav,Noise
S20210224T065958XXX+0100_E20210224T065958XXX+0100___t01465s__conf0.52.wav,Noise
S20210224T070001471+0100_E20210224T072956281+0100___t00089s__conf0.50.wav,Noise
S20210224T070012010+0100_E20210224T073009036+0100___t00447s__conf1.00.wav,Noise
S20210224T070012010+0100_E20210224T073009036+0100___t01412s__conf0.81.wav,Noise
S20210224T070012010+0100_E20210224T073009036+0100___t01572s__conf0.93.wav,Noise
S20210224T070012010+0100_E20210224T073009036+0100___t01574s__conf0.86.wav,Noise
S20210224T070012010+0100_E20210224T073009036+0100___t01581s__conf0.78.wav,Noise
S20210224T070012010+0100_E20210224T073009036+0100___t01582s__conf1.00.wav,Noise
S20210224T070012010+0100_E20210224T073009036+0100___t01583s__conf0.96.wav,Noise
S20210224T070012010+0100_E20210224T073009036+0100___t01593s__conf0.61.wav,Noise
S20210224T070012010+0100_E20210224T073009036+0100___t01598s__conf0.70.wav,Noise
S20210224T070012010+0100_E20210224T073009036+0100___t01599s__conf1.00.wav,Noise
S20210224T070012010+0100_E20210224T073009036+0100___t01602s__conf0.99.wav,Noise
S20210224T070012010+0100_E20210224T073009036+0100___t01605s__conf0.87.wav,Noise
S20210224T070012010+0100_E20210224T073009036+0100___t01611s__conf1.00.wav,Noise
S20210224T070012010+0100_E20210224T073009036+0100___t01612s__conf0.98.wav,Noise
S20210224T070012010+0100_E20210224T073009036+0100___t01613s__conf0.90.wav,Noise
S20210224T070012010+0100_E20210224T073009036+0100___t01628s__conf0.83.wav,Noise
S20210224T070012010+0100_E20210224T073009036+0100___t01629s__conf0.99.wav,Noise
S20210224T070012010+0100_E20210224T073009036+0100___t01652s__conf1.00.wav,Noise
S20210224T070012010+0100_E20210224T073009036+0100___t01653s__conf0.99.wav,Noise
S20210224T070012010+0100_E20210224T073009036+0100___t01668s__conf0.98.wav,Noise
S20210224T070012010+0100_E20210224T073009036+0100___t01669s__conf0.99.wav,Noise
S20210224T070012010+0100_E20210224T073009036+0100___t01670s__conf0.85.wav,Noise
S20210224T070012010+0100_E20210224T073009036+0100___t01674s__conf0.79.wav,Noise
S20210224T070012010+0100_E20210224T073009036+0100___t01683s__conf0.89.wav,Noise
S20210224T070012010+0100_E20210224T073009036+0100___t01728s__conf1.00.wav,Noise
S20210224T070012010+0100_E20210224T073009036+0100___t01766s__conf1.00.wav,Noise
S20210224T070012010+0100_E20210224T073009036+0100___t01767s__conf1.00.wav,Noise
S20210224T070012010+0100_E20210224T073009036+0100___t01768s__conf1.00.wav,Noise
S20210224T072956473+0100_E20210224T075951800+0100___t00005s__conf0.53.wav,Noise
S20210224T072956473+0100_E20210224T075951800+0100___t00037s__conf0.84.wav,Noise
S20210224T072956473+0100_E20210224T075951800+0100___t00038s__conf0.59.wav,Noise
S20210224T072956473+0100_E20210224T075951800+0100___t00048s__conf0.72.wav,Noise
S20210224T072956473+0100_E20210224T075951800+0100___t00052s__conf0.72.wav,Noise
S20210224T072956473+0100_E20210224T075951800+0100___t00056s__conf0.57.wav,Noise
S20210224T072956473+0100_E20210224T075951800+0100___t00057s__conf0.73.wav,Noise
S20210224T072956473+0100_E20210224T075951800+0100___t00086s__conf0.76.wav,Noise
S20210224T072956473+0100_E20210224T075951800+0100___t00087s__conf0.78.wav,Noise
S20210224T072956473+0100_E20210224T075951800+0100___t00364s__conf0.61.wav,Noise
S20210224T072956473+0100_E20210224T075951800+0100___t00365s__conf0.76.wav,Noise
S20210224T072956473+0100_E20210224T075951800+0100___t00394s__conf0.48.wav,Noise
S20210224T072956473+0100_E20210224T075951800+0100___t00516s__conf0.85.wav,Noise
S20210224T072956473+0100_E20210224T075951800+0100___t00642s__conf0.49.wav,Noise
S20210224T072956473+0100_E20210224T075951800+0100___t00673s__conf0.59.wav,Noise
S20210224T072956473+0100_E20210224T075951800+0100___t01053s__conf0.63.wav,Noise
S20210224T072956473+0100_E20210224T075951800+0100___t01145s__conf0.43.wav,Noise
S20210224T072956473+0100_E20210224T075951800+0100___t01306s__conf0.50.wav,Noise
S20210224T072956473+0100_E20210224T075951800+0100___t01307s__conf0.54.wav,Noise
S20210224T072956473+0100_E20210224T075951800+0100___t01380s__conf0.51.wav,Noise
S20210224T072956473+0100_E20210224T075951800+0100___t01676s__conf0.48.wav,Noise
S20210224T072957826+0100_E20210224T075958581+0100___t00224s__conf0.71.wav,Noise
S20210224T072957826+0100_E20210224T075958581+0100___t01553s__conf0.54.wav,Noise
S20210224T072957XXX+0100_E20210224T072957XXX+0100___t00951s__conf0.63.wav,Noise
S20210224T072957XXX+0100_E20210224T072957XXX+0100___t00981s__conf0.48.wav,Noise
S20210224T072957XXX+0100_E20210224T072957XXX+0100___t01038s__conf0.52.wav,Noise
S20210224T072957XXX+0100_E20210224T072957XXX+0100___t01613s__conf0.59.wav,Noise
S20210224T072957XXX+0100_E20210224T072957XXX+0100___t01651s__conf0.51.wav,Noise
S20210224T072957XXX+0100_E20210224T072957XXX+0100___t01654s__conf0.82.wav,Noise
S20210224T072957XXX+0100_E20210224T072957XXX+0100___t01655s__conf0.64.wav,Noise
S20210224T072957XXX+0100_E20210224T072957XXX+0100___t01656s__conf0.61.wav,Noise
S20210224T073012089+0100_E20210224T080009137+0100___t00051s__conf0.71.wav,Noise
S20210224T073012089+0100_E20210224T080009137+0100___t00056s__conf0.94.wav,Noise
S20210224T073012089+0100_E20210224T080009137+0100___t00481s__conf0.61.wav,Noise
S20210224T073012089+0100_E20210224T080009137+0100___t00583s__conf0.75.wav,Noise
S20210224T073012089+0100_E20210224T080009137+0100___t00824s__conf0.58.wav,Noise
S20210224T073012089+0100_E20210224T080009137+0100___t00880s__conf0.65.wav,Noise
S20210224T073012089+0100_E20210224T080009137+0100___t00997s__conf0.81.wav,Noise
S20210224T073012089+0100_E20210224T080009137+0100___t01058s__conf0.65.wav,Noise
S20210224T075954425+0100_E20210224T082951474+0100___t00208s__conf0.55.wav,Noise
S20210224T075954425+0100_E20210224T082951474+0100___t00209s__conf0.62.wav,Noise
S20210224T075954425+0100_E20210224T082951474+0100___t00308s__conf0.51.wav,Noise
S20210224T075954425+0100_E20210224T082951474+0100___t00312s__conf0.88.wav,Noise
S20210224T075954425+0100_E20210224T082951474+0100___t00313s__conf0.55.wav,Noise
S20210224T075954425+0100_E20210224T082951474+0100___t00319s__conf0.53.wav,Noise
S20210224T075954425+0100_E20210224T082951474+0100___t00497s__conf0.50.wav,Noise
S20210224T075954425+0100_E20210224T082951474+0100___t00553s__conf0.63.wav,Noise
S20210224T075954425+0100_E20210224T082951474+0100___t00590s__conf0.72.wav,Noise
S20210224T075954425+0100_E20210224T082951474+0100___t00689s__conf0.95.wav,Noise
S20210224T075954425+0100_E20210224T082951474+0100___t00690s__conf0.96.wav,Noise
S20210224T075954425+0100_E20210224T082951474+0100___t00708s__conf0.74.wav,Noise
S20210224T075954425+0100_E20210224T082951474+0100___t00749s__conf0.74.wav,Noise
S20210224T075954425+0100_E20210224T082951474+0100___t00772s__conf0.68.wav,Noise
S20210224T075954425+0100_E20210224T082951474+0100___t00788s__conf0.64.wav,Noise
S20210224T075954425+0100_E20210224T082951474+0100___t01031s__conf0.83.wav,Noise
S20210224T075954425+0100_E20210224T082951474+0100___t01624s__conf0.50.wav,Noise
S20210224T075954425+0100_E20210224T082951474+0100___t01683s__conf0.62.wav,Noise
S20210224T075954425+0100_E20210224T082951474+0100___t01725s__conf0.78.wav,Noise
S20210224T075956XXX+0100_E20210224T075956XXX+0100___t00043s__conf0.58.wav,Noise
S20210224T075956XXX+0100_E20210224T075956XXX+0100___t00654s__conf0.78.wav,Noise
S20210224T080014049+0100_E20210224T083009375+0100___t00778s__conf0.78.wav,Noise
S20210224T080014049+0100_E20210224T083009375+0100___t00888s__conf0.71.wav,Noise
S20210224T080014049+0100_E20210224T083009375+0100___t01022s__conf0.85.wav,Noise
S20210224T080014049+0100_E20210224T083009375+0100___t01097s__conf0.75.wav,Noise
S20210224T082944221+0100_E20210224T085944254+0100___t01771s__conf0.52.wav,Noise
S20210224T082954386+0100_E20210224T085951528+0100___t00481s__conf0.76.wav,Noise
S20210224T082954386+0100_E20210224T085951528+0100___t00960s__conf0.50.wav,Noise
S20210224T082954386+0100_E20210224T085951528+0100___t00961s__conf0.92.wav,Noise
S20210224T082954386+0100_E20210224T085951528+0100___t01129s__conf0.73.wav,Noise
S20210224T082954386+0100_E20210224T085951528+0100___t01130s__conf0.57.wav,Noise
S20210224T082954386+0100_E20210224T085951528+0100___t01140s__conf0.86.wav,Noise
S20210224T082954386+0100_E20210224T085951528+0100___t01141s__conf0.49.wav,Noise
S20210224T082954386+0100_E20210224T085951528+0100___t01172s__conf0.53.wav,Noise
S20210224T082954386+0100_E20210224T085951528+0100___t01490s__conf0.81.wav,Noise
S20210224T082954386+0100_E20210224T085951528+0100___t01611s__conf0.68.wav,Noise
S20210224T085945869+0100_E20210224T092943880+0100___t00003s__conf0.64.wav,Noise
S20210224T085945869+0100_E20210224T092943880+0100___t00020s__conf0.56.wav,Noise
S20210224T085945869+0100_E20210224T092943880+0100___t00031s__conf0.54.wav,Noise
S20210224T085945869+0100_E20210224T092943880+0100___t00043s__conf0.58.wav,Noise
S20210224T085945869+0100_E20210224T092943880+0100___t00055s__conf0.93.wav,Noise
S20210224T085945869+0100_E20210224T092943880+0100___t00071s__conf0.59.wav,Noise
S20210224T085945869+0100_E20210224T092943880+0100___t00100s__conf0.62.wav,Noise
S20210224T085945869+0100_E20210224T092943880+0100___t01064s__conf0.54.wav,Noise
S20210224T085945869+0100_E20210224T092943880+0100___t01389s__conf0.55.wav,Noise
S20210224T085945869+0100_E20210224T092943880+0100___t01502s__conf0.51.wav,Noise
S20210224T085954335+0100_E20210224T092951384+0100___t00201s__conf0.91.wav,Noise
S20210224T085954335+0100_E20210224T092951384+0100___t00202s__conf0.75.wav,Noise
S20210224T085954335+0100_E20210224T092951384+0100___t00257s__conf0.53.wav,Noise
S20210224T085954335+0100_E20210224T092951384+0100___t00258s__conf0.93.wav,Noise
S20210224T085954335+0100_E20210224T092951384+0100___t00264s__conf0.67.wav,Noise
S20210224T085954335+0100_E20210224T092951384+0100___t00822s__conf0.63.wav,Noise
S20210224T092945584+0100_E20210224T095943687+0100___t00041s__conf0.48.wav,Noise
S20210224T092945584+0100_E20210224T095943687+0100___t00187s__conf0.67.wav,Noise
S20210224T092945584+0100_E20210224T095943687+0100___t00219s__conf0.54.wav,Noise
S20210224T092945584+0100_E20210224T095943687+0100___t00267s__conf0.63.wav,Noise
S20210224T092945584+0100_E20210224T095943687+0100___t00437s__conf0.81.wav,Noise
S20210224T092945584+0100_E20210224T095943687+0100___t00544s__conf0.64.wav,Noise
S20210224T092945584+0100_E20210224T095943687+0100___t00563s__conf0.79.wav,Noise
S20210224T092945584+0100_E20210224T095943687+0100___t00618s__conf0.94.wav,Noise
S20210224T092945584+0100_E20210224T095943687+0100___t00737s__conf0.61.wav,Noise
S20210224T092945584+0100_E20210224T095943687+0100___t00765s__conf0.61.wav,Noise
S20210224T092945584+0100_E20210224T095943687+0100___t00880s__conf0.72.wav,Noise
S20210224T092945584+0100_E20210224T095943687+0100___t00976s__conf0.56.wav,Noise
S20210224T092945584+0100_E20210224T095943687+0100___t01006s__conf0.57.wav,Noise
S20210224T092945584+0100_E20210224T095943687+0100___t01012s__conf0.54.wav,Noise
S20210224T092945584+0100_E20210224T095943687+0100___t01062s__conf0.58.wav,Noise
S20210224T092945584+0100_E20210224T095943687+0100___t01071s__conf0.54.wav,Noise
S20210224T092945584+0100_E20210224T095943687+0100___t01187s__conf0.61.wav,Noise
S20210224T092945584+0100_E20210224T095943687+0100___t01234s__conf0.50.wav,Noise
S20210224T092945584+0100_E20210224T095943687+0100___t01702s__conf0.56.wav,Noise
S20210224T092945584+0100_E20210224T095943687+0100___t01720s__conf0.46.wav,Noise
S20210224T092945584+0100_E20210224T095943687+0100___t01729s__conf0.59.wav,Noise
S20210224T092945584+0100_E20210224T095943687+0100___t01730s__conf0.80.wav,Noise
S20210224T092945584+0100_E20210224T095943687+0100___t01740s__conf0.69.wav,Noise
S20210224T092945584+0100_E20210224T095943687+0100___t01758s__conf0.48.wav,Noise
S20210224T092945584+0100_E20210224T095943687+0100___t01779s__conf0.88.wav,Noise
S20210224T092945584+0100_E20210224T095943687+0100___t01780s__conf0.85.wav,Noise
S20210224T092945584+0100_E20210224T095943687+0100___t01781s__conf0.63.wav,Noise
S20210224T092945584+0100_E20210224T095943687+0100___t01782s__conf0.56.wav,Noise
S20210224T092954286+0100_E20210224T095951521+0100___t01314s__conf0.50.wav,Noise
S20210224T092957716+0100_E20210224T095959214+0100___t01130s__conf0.61.wav,Noise
S20210224T093013897+0100_E20210224T100008946+0100___t00839s__conf0.87.wav,Noise
S20210224T095945578+0100_E20210224T102943961+0100___t00001s__conf0.66.wav,Noise
S20210224T095945578+0100_E20210224T102943961+0100___t00009s__conf0.55.wav,Noise
S20210224T095945578+0100_E20210224T102943961+0100___t00024s__conf0.69.wav,Noise
S20210224T095945578+0100_E20210224T102943961+0100___t00052s__conf0.51.wav,Noise
S20210224T095945578+0100_E20210224T102943961+0100___t00124s__conf0.51.wav,Noise
S20210224T095945578+0100_E20210224T102943961+0100___t00284s__conf0.41.wav,Noise
S20210224T095954276+0100_E20210224T102951325+0100___t00944s__conf0.52.wav,Noise
S20210224T095954276+0100_E20210224T102951325+0100___t01567s__conf0.65.wav,Noise
S20210224T095954276+0100_E20210224T102951325+0100___t01568s__conf0.45.wav,Noise
S20210224T095954276+0100_E20210224T102951325+0100___t01598s__conf0.53.wav,Noise
S20210224T102945744+0100_E20210224T105944126+0100___t00314s__conf0.52.wav,Noise
S20210224T102953232+0100_E20210224T105951652+0100___t00536s__conf0.59.wav,Noise
S20210224T102959610+0100_E20210224T105956371+0100___t00339s__conf0.65.wav,Noise
S20210224T102959610+0100_E20210224T105956371+0100___t01106s__conf0.53.wav,Noise
S20210225T053000008+0100_E20210225T055955333+0100___t00069s__conf0.50.wav,Noise
S20210225T053000008+0100_E20210225T055955333+0100___t00285s__conf0.54.wav,Noise
S20210225T053000008+0100_E20210225T055955333+0100___t00485s__conf0.68.wav,Noise
S20210225T053000008+0100_E20210225T055955333+0100___t00540s__conf0.70.wav,Noise
S20210225T053000008+0100_E20210225T055955333+0100___t00579s__conf0.49.wav,Noise
S20210225T053000008+0100_E20210225T055955333+0100___t00583s__conf0.71.wav,Noise
S20210225T053000008+0100_E20210225T055955333+0100___t00669s__conf0.69.wav,Noise
S20210225T053000008+0100_E20210225T055955333+0100___t00725s__conf0.51.wav,Noise
S20210225T053000008+0100_E20210225T055955333+0100___t00817s__conf0.73.wav,Noise
S20210225T053000008+0100_E20210225T055955333+0100___t00854s__conf0.49.wav,Noise
S20210225T053000008+0100_E20210225T055955333+0100___t01108s__conf0.60.wav,Noise
S20210225T053000008+0100_E20210225T055955333+0100___t01188s__conf0.62.wav,Noise
S20210225T053000008+0100_E20210225T055955333+0100___t01189s__conf0.79.wav,Noise
S20210225T053000008+0100_E20210225T055955333+0100___t01351s__conf0.60.wav,Noise
S20210225T053000008+0100_E20210225T055955333+0100___t01489s__conf0.64.wav,Noise
S20210225T053000008+0100_E20210225T055955333+0100___t01490s__conf0.77.wav,Noise
S20210225T053000008+0100_E20210225T055955333+0100___t01648s__conf0.54.wav,Noise
S20210225T055956406+0100_E20210225T062958882+0100___t00076s__conf0.60.wav,Noise
S20210225T055956406+0100_E20210225T062958882+0100___t00080s__conf0.72.wav,Noise
S20210225T055956406+0100_E20210225T062958882+0100___t00082s__conf0.50.wav,Noise
S20210225T055956406+0100_E20210225T062958882+0100___t00083s__conf0.52.wav,Noise
S20210225T055956406+0100_E20210225T062958882+0100___t00084s__conf0.69.wav,Noise
S20210225T055956406+0100_E20210225T062958882+0100___t00095s__conf0.46.wav,Noise
S20210225T055956406+0100_E20210225T062958882+0100___t00303s__conf0.52.wav,Noise
S20210225T055956406+0100_E20210225T062958882+0100___t00304s__conf0.50.wav,Noise
S20210225T062952575+0100_E20210225T065949601+0100___t00693s__conf0.67.wav,Noise
S20210225T062953791+0100_E20210225T065941808+0100___t00342s__conf0.50.wav,Noise
S20210225T062953791+0100_E20210225T065941808+0100___t00859s__conf0.50.wav,Noise
S20210225T062953791+0100_E20210225T065941808+0100___t01179s__conf0.71.wav,Noise
S20210225T062953791+0100_E20210225T065941808+0100___t01181s__conf0.71.wav,Noise
S20210225T062953791+0100_E20210225T065941808+0100___t01362s__conf0.55.wav,Noise
S20210225T062953791+0100_E20210225T065941808+0100___t01442s__conf0.42.wav,Noise
S20210225T062953791+0100_E20210225T065941808+0100___t01582s__conf0.65.wav,Noise
S20210225T062953791+0100_E20210225T065941808+0100___t01584s__conf0.48.wav,Noise
S20210225T062958XXX+0100_E20210225T062958XXX+0100___t00041s__conf0.53.wav,Noise
S20210225T062958XXX+0100_E20210225T062958XXX+0100___t00114s__conf0.50.wav,Noise
S20210225T062958XXX+0100_E20210225T062958XXX+0100___t00403s__conf0.47.wav,Noise
S20210225T062958XXX+0100_E20210225T062958XXX+0100___t00407s__conf0.64.wav,Noise
S20210225T062958XXX+0100_E20210225T062958XXX+0100___t00450s__conf0.96.wav,Noise
S20210225T062958XXX+0100_E20210225T062958XXX+0100___t00745s__conf0.65.wav,Noise
S20210225T062958XXX+0100_E20210225T062958XXX+0100___t00933s__conf0.77.wav,Noise
S20210225T062958XXX+0100_E20210225T062958XXX+0100___t00969s__conf0.51.wav,Noise
S20210225T062958XXX+0100_E20210225T062958XXX+0100___t01551s__conf0.54.wav,Noise
S20210225T063000577+0100_E20210225T065953301+0100___t01421s__conf0.49.wav,Noise
S20210225T065950342+0100_E20210225T072948229+0100___t01416s__conf0.59.wav,Noise
S20210225T065950342+0100_E20210225T072948229+0100___t01433s__conf0.84.wav,Noise
S20210225T065950342+0100_E20210225T072948229+0100___t01434s__conf1.00.wav,Noise
S20210225T065950342+0100_E20210225T072948229+0100___t01447s__conf0.58.wav,Noise
S20210225T065950342+0100_E20210225T072948229+0100___t01448s__conf0.99.wav,Noise
S20210225T065950342+0100_E20210225T072948229+0100___t01459s__conf0.81.wav,Noise
S20210225T065950342+0100_E20210225T072948229+0100___t01469s__conf0.99.wav,Noise
S20210225T065950342+0100_E20210225T072948229+0100___t01470s__conf0.84.wav,Noise
S20210225T065950342+0100_E20210225T072948229+0100___t01472s__conf0.99.wav,Noise
S20210225T065950342+0100_E20210225T072948229+0100___t01477s__conf0.83.wav,Noise
S20210225T065950342+0100_E20210225T072948229+0100___t01486s__conf0.72.wav,Noise
S20210225T065950342+0100_E20210225T072948229+0100___t01490s__conf1.00.wav,Noise
S20210225T065950342+0100_E20210225T072948229+0100___t01491s__conf0.97.wav,Noise
S20210225T065950342+0100_E20210225T072948229+0100___t01504s__conf0.81.wav,Noise
S20210225T065950342+0100_E20210225T072948229+0100___t01513s__conf0.97.wav,Noise
S20210225T065950342+0100_E20210225T072948229+0100___t01514s__conf1.00.wav,Noise
S20210225T065950342+0100_E20210225T072948229+0100___t01515s__conf0.92.wav,Noise
S20210225T065950342+0100_E20210225T072948229+0100___t01519s__conf1.00.wav,Noise
S20210225T065950342+0100_E20210225T072948229+0100___t01520s__conf0.99.wav,Noise
S20210225T065950342+0100_E20210225T072948229+0100___t01523s__conf0.94.wav,Noise
S20210225T065950342+0100_E20210225T072948229+0100___t01524s__conf0.99.wav,Noise
S20210225T065950342+0100_E20210225T072948229+0100___t01531s__conf0.88.wav,Noise
S20210225T065950342+0100_E20210225T072948229+0100___t01532s__conf0.96.wav,Noise
S20210225T065950342+0100_E20210225T072948229+0100___t01533s__conf0.53.wav,Noise
S20210225T065950342+0100_E20210225T072948229+0100___t01540s__conf1.00.wav,Noise
S20210225T065950342+0100_E20210225T072948229+0100___t01541s__conf1.00.wav,Noise
S20210225T065950342+0100_E20210225T072948229+0100___t01542s__conf1.00.wav,Noise
S20210225T065950342+0100_E20210225T072948229+0100___t01544s__conf0.60.wav,Noise
S20210225T065950342+0100_E20210225T072948229+0100___t01545s__conf1.00.wav,Noise
S20210225T065950342+0100_E20210225T072948229+0100___t01546s__conf0.79.wav,Noise
S20210225T065950342+0100_E20210225T072948229+0100___t01547s__conf0.98.wav,Noise
S20210225T065950342+0100_E20210225T072948229+0100___t01548s__conf1.00.wav,Noise
S20210225T065950342+0100_E20210225T072948229+0100___t01549s__conf0.82.wav,Noise
S20210225T065950342+0100_E20210225T072948229+0100___t01551s__conf1.00.wav,Noise
S20210225T065950342+0100_E20210225T072948229+0100___t01552s__conf1.00.wav,Noise
S20210225T065950342+0100_E20210225T072948229+0100___t01554s__conf0.81.wav,Noise
S20210225T065950342+0100_E20210225T072948229+0100___t01570s__conf0.50.wav,Noise
S20210225T065950342+0100_E20210225T072948229+0100___t01571s__conf0.96.wav,Noise
S20210225T065950342+0100_E20210225T072948229+0100___t01575s__conf0.67.wav,Noise
S20210225T065950342+0100_E20210225T072948229+0100___t01576s__conf1.00.wav,Noise
S20210225T065950342+0100_E20210225T072948229+0100___t01578s__conf0.83.wav,Noise
S20210225T065950342+0100_E20210225T072948229+0100___t01580s__conf1.00.wav,Noise
S20210225T065950342+0100_E20210225T072948229+0100___t01581s__conf0.75.wav,Noise
S20210225T065950342+0100_E20210225T072948229+0100___t01586s__conf0.86.wav,Noise
S20210225T065950342+0100_E20210225T072948229+0100___t01587s__conf0.87.wav,Noise
S20210225T065950342+0100_E20210225T072948229+0100___t01588s__conf1.00.wav,Noise
S20210225T065950342+0100_E20210225T072948229+0100___t01589s__conf0.99.wav,Noise
S20210225T065950342+0100_E20210225T072948229+0100___t01595s__conf1.00.wav,Noise
S20210225T065950342+0100_E20210225T072948229+0100___t01596s__conf1.00.wav,Noise
S20210225T065950342+0100_E20210225T072948229+0100___t01597s__conf0.95.wav,Noise
S20210225T065950342+0100_E20210225T072948229+0100___t01625s__conf0.72.wav,Noise
S20210225T065950342+0100_E20210225T072948229+0100___t01626s__conf1.00.wav,Noise
S20210225T065950342+0100_E20210225T072948229+0100___t01630s__conf1.00.wav,Noise
S20210225T065950342+0100_E20210225T072948229+0100___t01633s__conf1.00.wav,Noise
S20210225T065950342+0100_E20210225T072948229+0100___t01639s__conf1.00.wav,Noise
S20210225T065950342+0100_E20210225T072948229+0100___t01640s__conf1.00.wav,Noise
S20210225T065950342+0100_E20210225T072948229+0100___t01641s__conf1.00.wav,Noise
S20210225T065950342+0100_E20210225T072948229+0100___t01642s__conf1.00.wav,Noise
S20210225T065950342+0100_E20210225T072948229+0100___t01643s__conf1.00.wav,Noise
S20210225T065950342+0100_E20210225T072948229+0100___t01644s__conf0.98.wav,Noise
S20210225T065950342+0100_E20210225T072948229+0100___t01645s__conf0.58.wav,Noise
S20210225T065950342+0100_E20210225T072948229+0100___t01650s__conf1.00.wav,Noise
S20210225T065950342+0100_E20210225T072948229+0100___t01655s__conf0.85.wav,Noise
S20210225T065950342+0100_E20210225T072948229+0100___t01663s__conf0.96.wav,Noise
S20210225T065950342+0100_E20210225T072948229+0100___t01665s__conf0.99.wav,Noise
S20210225T065950342+0100_E20210225T072948229+0100___t01666s__conf0.93.wav,Noise
S20210225T065950342+0100_E20210225T072948229+0100___t01675s__conf1.00.wav,Noise
S20210225T065950342+0100_E20210225T072948229+0100___t01677s__conf1.00.wav,Noise
S20210225T065950342+0100_E20210225T072948229+0100___t01678s__conf1.00.wav,Noise
S20210225T065950342+0100_E20210225T072948229+0100___t01679s__conf0.98.wav,Noise
S20210225T065950342+0100_E20210225T072948229+0100___t01690s__conf1.00.wav,Noise
S20210225T065950342+0100_E20210225T072948229+0100___t01694s__conf0.98.wav,Noise
S20210225T065950342+0100_E20210225T072948229+0100___t01695s__conf1.00.wav,Noise
S20210225T065950342+0100_E20210225T072948229+0100___t01696s__conf0.95.wav,Noise
S20210225T065950342+0100_E20210225T072948229+0100___t01697s__conf0.99.wav,Noise
S20210225T065950342+0100_E20210225T072948229+0100___t01702s__conf0.99.wav,Noise
S20210225T065950342+0100_E20210225T072948229+0100___t01703s__conf1.00.wav,Noise
S20210225T065950342+0100_E20210225T072948229+0100___t01704s__conf0.99.wav,Noise
S20210225T065950342+0100_E20210225T072948229+0100___t01705s__conf0.99.wav,Noise
S20210225T065950342+0100_E20210225T072948229+0100___t01706s__conf0.73.wav,Noise
S20210225T065950342+0100_E20210225T072948229+0100___t01708s__conf1.00.wav,Noise
S20210225T065950342+0100_E20210225T072948229+0100___t01709s__conf1.00.wav,Noise
S20210225T065950342+0100_E20210225T072948229+0100___t01710s__conf1.00.wav,Noise
S20210225T065950342+0100_E20210225T072948229+0100___t01711s__conf1.00.wav,Noise
S20210225T065950342+0100_E20210225T072948229+0100___t01712s__conf0.98.wav,Noise
S20210225T065950342+0100_E20210225T072948229+0100___t01713s__conf1.00.wav,Noise
S20210225T065950342+0100_E20210225T072948229+0100___t01714s__conf1.00.wav,Noise
S20210225T065950342+0100_E20210225T072948229+0100___t01716s__conf0.60.wav,Noise
S20210225T065950342+0100_E20210225T072948229+0100___t01720s__conf1.00.wav,Noise
S20210225T065950342+0100_E20210225T072948229+0100___t01724s__conf0.63.wav,Noise
S20210225T065950342+0100_E20210225T072948229+0100___t01726s__conf0.96.wav,Noise
S20210225T065950342+0100_E20210225T072948229+0100___t01738s__conf1.00.wav,Noise
S20210225T065950342+0100_E20210225T072948229+0100___t01753s__conf1.00.wav,Noise
S20210225T065950342+0100_E20210225T072948229+0100___t01754s__conf1.00.wav,Noise
S20210225T065950342+0100_E20210225T072948229+0100___t01758s__conf1.00.wav,Noise
S20210225T065950342+0100_E20210225T072948229+0100___t01761s__conf1.00.wav,Noise
S20210225T065950342+0100_E20210225T072948229+0100___t01762s__conf1.00.wav,Noise
S20210225T065950342+0100_E20210225T072948229+0100___t01765s__conf0.87.wav,Noise
S20210225T065950342+0100_E20210225T072948229+0100___t01766s__conf0.75.wav,Noise
S20210225T065950342+0100_E20210225T072948229+0100___t01767s__conf1.00.wav,Noise
S20210225T065950342+0100_E20210225T072948229+0100___t01768s__conf1.00.wav,Noise
S20210225T065950342+0100_E20210225T072948229+0100___t01769s__conf1.00.wav,Noise
S20210225T065950342+0100_E20210225T072948229+0100___t01770s__conf1.00.wav,Noise
S20210225T065950342+0100_E20210225T072948229+0100___t01771s__conf1.00.wav,Noise
S20210225T065950342+0100_E20210225T072948229+0100___t01772s__conf1.00.wav,Noise
S20210225T065950342+0100_E20210225T072948229+0100___t01773s__conf0.90.wav,Noise
S20210225T065950342+0100_E20210225T072948229+0100___t01774s__conf1.00.wav,Noise
S20210225T065950342+0100_E20210225T072948229+0100___t01775s__conf1.00.wav,Noise
S20210225T065952372+0100_E20210225T072949885+0100___t01583s__conf0.47.wav,Noise
S20210225T065954059+0100_E20210225T072941026+0100___t00141s__conf0.51.wav,Noise
S20210225T065954059+0100_E20210225T072941026+0100___t00311s__conf0.72.wav,Noise
S20210225T065954059+0100_E20210225T072941026+0100___t00389s__conf0.70.wav,Noise
S20210225T065954059+0100_E20210225T072941026+0100___t00425s__conf0.89.wav,Noise
S20210225T065954059+0100_E20210225T072941026+0100___t00426s__conf0.94.wav,Noise
S20210225T065954059+0100_E20210225T072941026+0100___t00432s__conf0.84.wav,Noise
S20210225T065954059+0100_E20210225T072941026+0100___t00433s__conf0.79.wav,Noise
S20210225T065954059+0100_E20210225T072941026+0100___t00595s__conf0.46.wav,Noise
S20210225T065954059+0100_E20210225T072941026+0100___t00596s__conf0.50.wav,Noise
S20210225T065954059+0100_E20210225T072941026+0100___t00598s__conf0.69.wav,Noise
S20210225T065954059+0100_E20210225T072941026+0100___t00601s__conf0.56.wav,Noise
S20210225T065954059+0100_E20210225T072941026+0100___t00602s__conf0.78.wav,Noise
S20210225T065954059+0100_E20210225T072941026+0100___t00661s__conf0.47.wav,Noise
S20210225T065954059+0100_E20210225T072941026+0100___t00840s__conf0.65.wav,Noise
S20210225T065954059+0100_E20210225T072941026+0100___t01084s__conf0.53.wav,Noise
S20210225T065954059+0100_E20210225T072941026+0100___t01089s__conf0.65.wav,Noise
S20210225T065954059+0100_E20210225T072941026+0100___t01098s__conf0.76.wav,Noise
S20210225T065954059+0100_E20210225T072941026+0100___t01099s__conf0.67.wav,Noise
S20210225T065954059+0100_E20210225T072941026+0100___t01102s__conf0.64.wav,Noise
S20210225T065954059+0100_E20210225T072941026+0100___t01115s__conf0.64.wav,Noise
S20210225T065954059+0100_E20210225T072941026+0100___t01136s__conf0.75.wav,Noise
S20210225T065954059+0100_E20210225T072941026+0100___t01172s__conf0.47.wav,Noise
S20210225T065954059+0100_E20210225T072941026+0100___t01196s__conf0.50.wav,Noise
S20210225T065954059+0100_E20210225T072941026+0100___t01303s__conf0.62.wav,Noise
S20210225T065954059+0100_E20210225T072941026+0100___t01324s__conf0.77.wav,Noise
S20210225T065954059+0100_E20210225T072941026+0100___t01330s__conf0.51.wav,Noise
S20210225T065954059+0100_E20210225T072941026+0100___t01332s__conf0.69.wav,Noise
S20210225T065954059+0100_E20210225T072941026+0100___t01357s__conf0.73.wav,Noise
S20210225T065954059+0100_E20210225T072941026+0100___t01367s__conf0.50.wav,Noise
S20210225T065954059+0100_E20210225T072941026+0100___t01424s__conf0.58.wav,Noise
S20210225T065954059+0100_E20210225T072941026+0100___t01425s__conf0.48.wav,Noise
S20210225T065954059+0100_E20210225T072941026+0100___t01428s__conf0.82.wav,Noise
S20210225T065954059+0100_E20210225T072941026+0100___t01432s__conf0.47.wav,Noise
S20210225T065954059+0100_E20210225T072941026+0100___t01445s__conf0.82.wav,Noise
S20210225T065954059+0100_E20210225T072941026+0100___t01446s__conf0.52.wav,Noise
S20210225T065954059+0100_E20210225T072941026+0100___t01456s__conf0.90.wav,Noise
S20210225T065954059+0100_E20210225T072941026+0100___t01458s__conf0.46.wav,Noise
S20210225T065954059+0100_E20210225T072941026+0100___t01460s__conf0.92.wav,Noise
S20210225T065954059+0100_E20210225T072941026+0100___t01461s__conf0.60.wav,Noise
S20210225T065954059+0100_E20210225T072941026+0100___t01475s__conf0.61.wav,Noise
S20210225T065954059+0100_E20210225T072941026+0100___t01505s__conf0.83.wav,Noise
S20210225T065954059+0100_E20210225T072941026+0100___t01526s__conf0.55.wav,Noise
S20210225T065954059+0100_E20210225T072941026+0100___t01529s__conf0.53.wav,Noise
S20210225T065959XXX+0100_E20210225T065959XXX+0100___t00165s__conf0.58.wav,Noise
S20210225T065959XXX+0100_E20210225T065959XXX+0100___t00588s__conf0.81.wav,Noise
S20210225T065959XXX+0100_E20210225T065959XXX+0100___t00643s__conf0.55.wav,Noise
S20210225T072942283+0100_E20210225T075941365+0100___t00411s__conf0.54.wav,Noise
S20210225T072942283+0100_E20210225T075941365+0100___t00435s__conf0.52.wav,Noise
S20210225T072949859+0100_E20210225T075949067+0100___t00003s__conf1.00.wav,Noise
S20210225T072949859+0100_E20210225T075949067+0100___t00007s__conf1.00.wav,Noise
S20210225T072949859+0100_E20210225T075949067+0100___t00008s__conf1.00.wav,Noise
S20210225T072949859+0100_E20210225T075949067+0100___t00010s__conf1.00.wav,Noise
S20210225T072949859+0100_E20210225T075949067+0100___t00013s__conf0.51.wav,Noise
S20210225T072949859+0100_E20210225T075949067+0100___t00014s__conf1.00.wav,Noise
S20210225T072949859+0100_E20210225T075949067+0100___t00022s__conf0.73.wav,Noise
S20210225T072949859+0100_E20210225T075949067+0100___t00023s__conf1.00.wav,Noise
S20210225T072949859+0100_E20210225T075949067+0100___t00024s__conf1.00.wav,Noise
S20210225T072949859+0100_E20210225T075949067+0100___t00033s__conf0.81.wav,Noise
S20210225T072949859+0100_E20210225T075949067+0100___t00036s__conf1.00.wav,Noise
S20210225T072949859+0100_E20210225T075949067+0100___t00037s__conf0.98.wav,Noise
S20210225T072949859+0100_E20210225T075949067+0100___t00040s__conf0.52.wav,Noise
S20210225T072949859+0100_E20210225T075949067+0100___t00041s__conf0.86.wav,Noise
S20210225T072949859+0100_E20210225T075949067+0100___t00043s__conf0.88.wav,Noise
S20210225T072949859+0100_E20210225T075949067+0100___t00044s__conf0.99.wav,Noise
S20210225T072949859+0100_E20210225T075949067+0100___t00045s__conf1.00.wav,Noise
S20210225T072949859+0100_E20210225T075949067+0100___t00048s__conf0.57.wav,Noise
S20210225T072949859+0100_E20210225T075949067+0100___t00049s__conf1.00.wav,Noise
S20210225T072949859+0100_E20210225T075949067+0100___t00052s__conf1.00.wav,Noise
S20210225T072949859+0100_E20210225T075949067+0100___t00064s__conf1.00.wav,Noise
S20210225T072949859+0100_E20210225T075949067+0100___t00065s__conf0.94.wav,Noise
S20210225T072949859+0100_E20210225T075949067+0100___t00066s__conf0.83.wav,Noise
S20210225T072949859+0100_E20210225T075949067+0100___t00084s__conf0.96.wav,Noise
S20210225T072949859+0100_E20210225T075949067+0100___t00085s__conf0.85.wav,Noise
S20210225T072949859+0100_E20210225T075949067+0100___t00092s__conf1.00.wav,Noise
S20210225T072949859+0100_E20210225T075949067+0100___t00093s__conf1.00.wav,Noise
S20210225T072949859+0100_E20210225T075949067+0100___t00094s__conf0.93.wav,Noise
S20210225T072949859+0100_E20210225T075949067+0100___t00101s__conf0.78.wav,Noise
S20210225T072949859+0100_E20210225T075949067+0100___t00113s__conf0.93.wav,Noise
S20210225T072949859+0100_E20210225T075949067+0100___t00114s__conf0.76.wav,Noise
S20210225T072949859+0100_E20210225T075949067+0100___t00123s__conf0.96.wav,Noise
S20210225T072949859+0100_E20210225T075949067+0100___t00125s__conf0.76.wav,Noise
S20210225T072949859+0100_E20210225T075949067+0100___t00127s__conf0.59.wav,Noise
S20210225T072949859+0100_E20210225T075949067+0100___t00139s__conf0.77.wav,Noise
S20210225T072949859+0100_E20210225T075949067+0100___t00143s__conf0.80.wav,Noise
S20210225T072949859+0100_E20210225T075949067+0100___t00210s__conf0.93.wav,Noise
S20210225T072949859+0100_E20210225T075949067+0100___t00393s__conf0.99.wav,Noise
S20210225T072949859+0100_E20210225T075949067+0100___t00400s__conf0.98.wav,Noise
S20210225T072949859+0100_E20210225T075949067+0100___t00412s__conf0.75.wav,Noise
S20210225T072949859+0100_E20210225T075949067+0100___t00413s__conf0.79.wav,Noise
S20210225T072949859+0100_E20210225T075949067+0100___t00421s__conf0.93.wav,Noise
S20210225T072949859+0100_E20210225T075949067+0100___t00432s__conf0.65.wav,Noise
S20210225T072949859+0100_E20210225T075949067+0100___t00435s__conf0.73.wav,Noise
S20210225T072949859+0100_E20210225T075949067+0100___t00436s__conf1.00.wav,Noise
S20210225T072949859+0100_E20210225T075949067+0100___t00442s__conf0.78.wav,Noise
S20210225T072949859+0100_E20210225T075949067+0100___t00455s__conf1.00.wav,Noise
S20210225T072949859+0100_E20210225T075949067+0100___t00459s__conf0.66.wav,Noise
S20210225T072949859+0100_E20210225T075949067+0100___t00460s__conf0.95.wav,Noise
S20210225T072949859+0100_E20210225T075949067+0100___t00461s__conf1.00.wav,Noise
S20210225T072949859+0100_E20210225T075949067+0100___t00464s__conf0.98.wav,Noise
S20210225T072949859+0100_E20210225T075949067+0100___t00465s__conf0.96.wav,Noise
S20210225T072949859+0100_E20210225T075949067+0100___t00468s__conf0.91.wav,Noise
S20210225T072949859+0100_E20210225T075949067+0100___t00469s__conf0.51.wav,Noise
S20210225T072949859+0100_E20210225T075949067+0100___t00471s__conf0.99.wav,Noise
S20210225T072949859+0100_E20210225T075949067+0100___t00472s__conf1.00.wav,Noise
S20210225T072949859+0100_E20210225T075949067+0100___t00479s__conf1.00.wav,Noise
S20210225T072949859+0100_E20210225T075949067+0100___t00486s__conf1.00.wav,Noise
S20210225T072949859+0100_E20210225T075949067+0100___t00487s__conf0.85.wav,Noise
S20210225T072949859+0100_E20210225T075949067+0100___t00490s__conf1.00.wav,Noise
S20210225T072949859+0100_E20210225T075949067+0100___t00491s__conf1.00.wav,Noise
S20210225T072949859+0100_E20210225T075949067+0100___t00492s__conf1.00.wav,Noise
S20210225T072949859+0100_E20210225T075949067+0100___t00493s__conf0.75.wav,Noise
S20210225T072949859+0100_E20210225T075949067+0100___t00496s__conf1.00.wav,Noise
S20210225T072949859+0100_E20210225T075949067+0100___t00497s__conf1.00.wav,Noise
S20210225T072949859+0100_E20210225T075949067+0100___t00498s__conf0.60.wav,Noise
S20210225T072949859+0100_E20210225T075949067+0100___t00500s__conf0.84.wav,Noise
S20210225T072949859+0100_E20210225T075949067+0100___t00502s__conf0.71.wav,Noise
S20210225T072949859+0100_E20210225T075949067+0100___t00503s__conf1.00.wav,Noise
S20210225T072949859+0100_E20210225T075949067+0100___t00504s__conf1.00.wav,Noise
S20210225T072949859+0100_E20210225T075949067+0100___t00505s__conf1.00.wav,Noise
S20210225T072949859+0100_E20210225T075949067+0100___t00506s__conf0.74.wav,Noise
S20210225T072949859+0100_E20210225T075949067+0100___t00508s__conf0.58.wav,Noise
S20210225T072949859+0100_E20210225T075949067+0100___t00510s__conf0.61.wav,Noise
S20210225T072949859+0100_E20210225T075949067+0100___t00511s__conf0.98.wav,Noise
S20210225T072949859+0100_E20210225T075949067+0100___t00516s__conf0.85.wav,Noise
S20210225T072949859+0100_E20210225T075949067+0100___t00517s__conf0.72.wav,Noise
S20210225T072949859+0100_E20210225T075949067+0100___t00518s__conf0.67.wav,Noise
S20210225T072949859+0100_E20210225T075949067+0100___t00519s__conf0.97.wav,Noise
S20210225T072949859+0100_E20210225T075949067+0100___t00521s__conf1.00.wav,Noise
S20210225T072949859+0100_E20210225T075949067+0100___t00522s__conf1.00.wav,Noise
S20210225T072949859+0100_E20210225T075949067+0100___t00523s__conf0.99.wav,Noise
S20210225T072949859+0100_E20210225T075949067+0100___t00526s__conf0.88.wav,Noise
S20210225T072949859+0100_E20210225T075949067+0100___t00529s__conf0.99.wav,Noise
S20210225T072949859+0100_E20210225T075949067+0100___t00536s__conf0.90.wav,Noise
S20210225T072949859+0100_E20210225T075949067+0100___t00545s__conf0.56.wav,Noise
S20210225T072949859+0100_E20210225T075949067+0100___t00546s__conf1.00.wav,Noise
S20210225T072949859+0100_E20210225T075949067+0100___t00547s__conf1.00.wav,Noise
S20210225T072949859+0100_E20210225T075949067+0100___t00557s__conf0.99.wav,Noise
S20210225T072949859+0100_E20210225T075949067+0100___t00558s__conf1.00.wav,Noise
S20210225T072949859+0100_E20210225T075949067+0100___t00576s__conf0.95.wav,Noise
S20210225T072949859+0100_E20210225T075949067+0100___t00625s__conf0.98.wav,Noise
S20210225T072949859+0100_E20210225T075949067+0100___t00756s__conf0.99.wav,Noise
S20210225T072949859+0100_E20210225T075949067+0100___t00819s__conf0.78.wav,Noise
S20210225T072951686+0100_E20210225T075949734+0100___t01023s__conf0.64.wav,Noise
S20210225T072951686+0100_E20210225T075949734+0100___t01238s__conf0.61.wav,Noise
S20210225T072957XXX+0100_E20210225T072957XXX+0100___t00286s__conf0.59.wav,Noise
S20210225T072957XXX+0100_E20210225T072957XXX+0100___t01674s__conf0.46.wav,Noise
S20210225T072957XXX+0100_E20210225T072957XXX+0100___t01716s__conf0.52.wav,Noise
S20210225T073007253+0100_E20210225T080006579+0100___t00275s__conf0.80.wav,Noise
S20210225T073007253+0100_E20210225T080006579+0100___t00276s__conf0.63.wav,Noise
S20210225T073007253+0100_E20210225T080006579+0100___t00633s__conf0.84.wav,Noise
S20210225T073007253+0100_E20210225T080006579+0100___t01602s__conf0.90.wav,Noise
S20210225T073007253+0100_E20210225T080006579+0100___t01604s__conf1.00.wav,Noise
S20210225T073007253+0100_E20210225T080006579+0100___t01651s__conf0.52.wav,Noise
S20210225T073007253+0100_E20210225T080006579+0100___t01652s__conf0.87.wav,Noise
S20210225T073007253+0100_E20210225T080006579+0100___t01690s__conf0.99.wav,Noise
S20210225T075942779+0100_E20210225T082942419+0100___t00342s__conf0.57.wav,Noise
S20210225T075942779+0100_E20210225T082942419+0100___t00454s__conf0.60.wav,Noise
S20210225T075942779+0100_E20210225T082942419+0100___t00455s__conf0.74.wav,Noise
S20210225T075942779+0100_E20210225T082942419+0100___t00459s__conf0.62.wav,Noise
S20210225T075942779+0100_E20210225T082942419+0100___t00471s__conf0.64.wav,Noise
S20210225T075942779+0100_E20210225T082942419+0100___t00472s__conf0.82.wav,Noise
S20210225T075942779+0100_E20210225T082942419+0100___t00506s__conf0.75.wav,Noise
S20210225T075942779+0100_E20210225T082942419+0100___t00576s__conf0.48.wav,Noise
S20210225T075954290+0100_E20210225T082949617+0100___t00224s__conf0.53.wav,Noise
S20210225T075954290+0100_E20210225T082949617+0100___t00232s__conf0.64.wav,Noise
S20210225T075954290+0100_E20210225T082949617+0100___t00243s__conf0.91.wav,Noise
S20210225T075954290+0100_E20210225T082949617+0100___t00246s__conf0.57.wav,Noise
S20210225T075954290+0100_E20210225T082949617+0100___t00251s__conf0.62.wav,Noise
S20210225T075954290+0100_E20210225T082949617+0100___t00252s__conf0.57.wav,Noise
S20210225T075954290+0100_E20210225T082949617+0100___t00254s__conf0.52.wav,Noise
S20210225T075954290+0100_E20210225T082949617+0100___t00259s__conf0.64.wav,Noise
S20210225T075954290+0100_E20210225T082949617+0100___t00261s__conf0.92.wav,Noise
S20210225T075954290+0100_E20210225T082949617+0100___t00263s__conf0.54.wav,Noise
S20210225T075954290+0100_E20210225T082949617+0100___t00267s__conf0.56.wav,Noise
S20210225T075954290+0100_E20210225T082949617+0100___t00271s__conf0.52.wav,Noise
S20210225T075954290+0100_E20210225T082949617+0100___t00273s__conf0.77.wav,Noise
S20210225T075954290+0100_E20210225T082949617+0100___t00283s__conf0.52.wav,Noise
S20210225T075954290+0100_E20210225T082949617+0100___t00291s__conf0.65.wav,Noise
S20210225T075954290+0100_E20210225T082949617+0100___t00292s__conf0.76.wav,Noise
S20210225T075954290+0100_E20210225T082949617+0100___t00295s__conf0.54.wav,Noise
S20210225T075954290+0100_E20210225T082949617+0100___t00296s__conf0.68.wav,Noise
S20210225T075954290+0100_E20210225T082949617+0100___t00302s__conf0.50.wav,Noise
S20210225T075954290+0100_E20210225T082949617+0100___t00303s__conf0.92.wav,Noise
S20210225T075954290+0100_E20210225T082949617+0100___t00635s__conf0.63.wav,Noise
S20210225T075954290+0100_E20210225T082949617+0100___t00953s__conf0.51.wav,Noise
S20210225T075954290+0100_E20210225T082949617+0100___t00972s__conf0.70.wav,Noise
S20210225T075954290+0100_E20210225T082949617+0100___t01184s__conf0.54.wav,Noise
S20210225T075954290+0100_E20210225T082949617+0100___t01185s__conf0.65.wav,Noise
S20210225T080008590+0100_E20210225T083007102+0100___t00279s__conf0.71.wav,Noise
S20210225T080008590+0100_E20210225T083007102+0100___t00329s__conf0.73.wav,Noise
S20210225T080008590+0100_E20210225T083007102+0100___t00452s__conf0.51.wav,Noise
S20210225T080008590+0100_E20210225T083007102+0100___t00547s__conf0.56.wav,Noise
S20210225T080008590+0100_E20210225T083007102+0100___t00585s__conf0.92.wav,Noise
S20210225T080008590+0100_E20210225T083007102+0100___t00625s__conf0.97.wav,Noise
S20210225T080008590+0100_E20210225T083007102+0100___t00626s__conf0.91.wav,Noise
S20210225T080008590+0100_E20210225T083007102+0100___t00720s__conf0.59.wav,Noise
S20210225T080008590+0100_E20210225T083007102+0100___t00721s__conf1.00.wav,Noise
S20210225T080008590+0100_E20210225T083007102+0100___t00896s__conf0.93.wav,Noise
S20210225T080008590+0100_E20210225T083007102+0100___t00917s__conf0.85.wav,Noise
S20210225T080008590+0100_E20210225T083007102+0100___t00919s__conf0.96.wav,Noise
S20210225T080008590+0100_E20210225T083007102+0100___t00959s__conf0.72.wav,Noise
S20210225T080008590+0100_E20210225T083007102+0100___t00970s__conf0.96.wav,Noise
S20210225T080008590+0100_E20210225T083007102+0100___t01079s__conf0.98.wav,Noise
S20210225T080008590+0100_E20210225T083007102+0100___t01101s__conf0.89.wav,Noise
S20210225T080008590+0100_E20210225T083007102+0100___t01105s__conf0.60.wav,Noise
S20210225T080008590+0100_E20210225T083007102+0100___t01152s__conf0.50.wav,Noise
S20210225T080008590+0100_E20210225T083007102+0100___t01156s__conf0.57.wav,Noise
S20210225T080008590+0100_E20210225T083007102+0100___t01159s__conf0.97.wav,Noise
S20210225T080008590+0100_E20210225T083007102+0100___t01160s__conf0.52.wav,Noise
S20210225T080008590+0100_E20210225T083007102+0100___t01219s__conf0.89.wav,Noise
S20210225T080008590+0100_E20210225T083007102+0100___t01222s__conf0.98.wav,Noise
S20210225T080008590+0100_E20210225T083007102+0100___t01265s__conf0.70.wav,Noise
S20210225T080008590+0100_E20210225T083007102+0100___t01266s__conf0.74.wav,Noise
S20210225T080008590+0100_E20210225T083007102+0100___t01269s__conf0.96.wav,Noise
S20210225T080008590+0100_E20210225T083007102+0100___t01271s__conf0.72.wav,Noise
S20210225T080008590+0100_E20210225T083007102+0100___t01318s__conf0.90.wav,Noise
S20210225T080008590+0100_E20210225T083007102+0100___t01348s__conf1.00.wav,Noise
S20210225T080008590+0100_E20210225T083007102+0100___t01349s__conf0.94.wav,Noise
S20210225T080008590+0100_E20210225T083007102+0100___t01380s__conf0.96.wav,Noise
S20210225T080008590+0100_E20210225T083007102+0100___t01395s__conf0.66.wav,Noise
S20210225T080008590+0100_E20210225T083007102+0100___t01405s__conf0.96.wav,Noise
S20210225T080008590+0100_E20210225T083007102+0100___t01426s__conf0.86.wav,Noise
S20210225T080008590+0100_E20210225T083007102+0100___t01501s__conf0.98.wav,Noise
S20210225T080008590+0100_E20210225T083007102+0100___t01502s__conf0.99.wav,Noise
S20210225T082951452+0100_E20210225T085949779+0100___t00941s__conf0.54.wav,Noise
S20210225T082951452+0100_E20210225T085949779+0100___t00942s__conf0.63.wav,Noise
S20210225T083003588+0100_E20210225T085952656+0100___t01100s__conf0.47.wav,Noise
S20210225T083008190+0100_E20210225T090006309+0100___t00441s__conf0.72.wav,Noise
S20210225T083008190+0100_E20210225T090006309+0100___t00621s__conf0.91.wav,Noise
S20210225T083008190+0100_E20210225T090006309+0100___t00706s__conf0.66.wav,Noise
S20210225T083008190+0100_E20210225T090006309+0100___t00734s__conf0.95.wav,Noise
S20210225T083008190+0100_E20210225T090006309+0100___t00802s__conf0.51.wav,Noise
S20210225T083008190+0100_E20210225T090006309+0100___t01057s__conf0.82.wav,Noise
S20210225T083008190+0100_E20210225T090006309+0100___t01103s__conf0.99.wav,Noise
S20210225T083008190+0100_E20210225T090006309+0100___t01218s__conf0.62.wav,Noise
S20210225T083008190+0100_E20210225T090006309+0100___t01231s__conf0.91.wav,Noise
S20210225T083008190+0100_E20210225T090006309+0100___t01232s__conf0.99.wav,Noise
S20210225T083008190+0100_E20210225T090006309+0100___t01241s__conf0.95.wav,Noise
S20210225T083008190+0100_E20210225T090006309+0100___t01260s__conf1.00.wav,Noise
S20210225T083008190+0100_E20210225T090006309+0100___t01314s__conf0.98.wav,Noise
S20210225T083008190+0100_E20210225T090006309+0100___t01330s__conf0.94.wav,Noise
S20210225T083008190+0100_E20210225T090006309+0100___t01370s__conf1.00.wav,Noise
S20210225T083008190+0100_E20210225T090006309+0100___t01387s__conf0.96.wav,Noise
S20210225T083008190+0100_E20210225T090006309+0100___t01400s__conf0.70.wav,Noise
S20210225T085951488+0100_E20210225T092949536+0100___t00496s__conf0.52.wav,Noise
S20210225T085953899+0100_E20210225T092956818+0100___t00763s__conf0.50.wav,Noise
S20210225T092951156+0100_E20210225T095949483+0100___t01691s__conf0.82.wav,Noise
S20210225T092951156+0100_E20210225T095949483+0100___t01692s__conf0.58.wav,Noise
S20210225T095942316+0100_E20210225T102941770+0100___t00555s__conf0.70.wav,Noise
S20210225T095942316+0100_E20210225T102941770+0100___t00556s__conf0.83.wav,Noise
S20210225T095942316+0100_E20210225T102941770+0100___t00557s__conf0.72.wav,Noise
S20210225T095942316+0100_E20210225T102941770+0100___t00605s__conf0.50.wav,Noise
S20210225T095942316+0100_E20210225T102941770+0100___t01112s__conf0.54.wav,Noise
S20210225T095956777+0100_E20210225T102956374+0100___t00193s__conf0.79.wav,Noise
S20210225T095956777+0100_E20210225T102956374+0100___t01088s__conf0.71.wav,Noise
S20210225T102943298+0100_E20210225T105943588+0100___t00829s__conf0.65.wav,Noise
S20210225T102943298+0100_E20210225T105943588+0100___t00845s__conf0.68.wav,Noise
S20210225T102957932+0100_E20210225T105955486+0100___t01324s__conf0.52.wav,Noise
