file,timestamp,start_s
Cernic__20210222T053000+0100_Short-term_Makokou__01540s__conf0.980.wav,20210222T053000,1540
Cernic__20210222T060000+0100_Short-term_Makokou__01490s__conf0.735.wav,20210222T060000,1490
Cernic__20210222T060000+0100_Short-term_Makokou__01546s__conf0.786.wav,20210222T060000,1546
Cernic__20210222T060000+0100_Short-term_Makokou__01547s__conf1.000.wav,20210222T060000,1547
Cernic__20210222T060000+0100_Short-term_Makokou__01548s__conf0.987.wav,20210222T060000,1548
Cernic__20210222T063000+0100_Short-term_Makokou__00668s__conf0.708.wav,20210222T063000,668
Cernic__20210222T080000+0100_Short-term_Makokou__00819s__conf0.971.wav,20210222T080000,819
Cernic__20210222T080000+0100_Short-term_Makokou__00821s__conf0.898.wav,20210222T080000,821
Cernic__20210222T080000+0100_Short-term_Makokou__00822s__conf0.730.wav,20210222T080000,822
Cernic__20210222T080000+0100_Short-term_Makokou__00824s__conf0.775.wav,20210222T080000,824
Cernic__20210222T080000+0100_Short-term_Makokou__00850s__conf1.000.wav,20210222T080000,850
Cernic__20210222T080000+0100_Short-term_Makokou__00851s__conf0.983.wav,20210222T080000,851
Cernic__20210222T080000+0100_Short-term_Makokou__00853s__conf0.954.wav,20210222T080000,853
Cernic__20210222T080000+0100_Short-term_Makokou__00854s__conf0.985.wav,20210222T080000,854
Cernic__20210222T080000+0100_Short-term_Makokou__00873s__conf0.999.wav,20210222T080000,873
Cernic__20210222T080000+0100_Short-term_Makokou__00874s__conf0.999.wav,20210222T080000,874
Cernic__20210222T100000+0100_Short-term_Makokou__00694s__conf0.797.wav,20210222T100000,694
Cernic__20210222T100000+0100_Short-term_Makokou__00695s__conf0.536.wav,20210222T100000,695
Cernic__20210222T100000+0100_Short-term_Makokou__00700s__conf0.906.wav,20210222T100000,700
Cernic__20210222T160000+0100_Short-term_Makokou__01705s__conf0.870.wav,20210222T160000,1705
Cernic__20210222T160000+0100_Short-term_Makokou__01707s__conf0.913.wav,20210222T160000,1707
Cernic__20210222T160000+0100_Short-term_Makokou__01708s__conf0.999.wav,20210222T160000,1708
Cernic__20210222T170000+0100_Short-term_Makokou__01590s__conf0.912.wav,20210222T170000,1590
Cernic__20210222T170000+0100_Short-term_Makokou__01591s__conf0.510.wav,20210222T170000,1591
Cernic__20210222T180000+0100_Short-term_Makokou__01227s__conf0.568.wav,20210222T180000,1227
Cernic__20210222T183000+0100_Short-term_Makokou__00300s__conf1.000.wav,20210222T183000,300
Cernic__20210223T020000+0100_Short-term_Makokou__00297s__conf0.996.wav,20210223T020000,297
Cernic__20210223T020000+0100_Short-term_Makokou__00298s__conf0.999.wav,20210223T020000,298
Cernic__20210223T053000+0100_Short-term_Makokou__00780s__conf0.643.wav,20210223T053000,780
Cernic__20210223T053000+0100_Short-term_Makokou__00781s__conf0.927.wav,20210223T053000,781
Cernic__20210223T053000+0100_Short-term_Makokou__00872s__conf0.951.wav,20210223T053000,872
Cernic__20210223T053000+0100_Short-term_Makokou__01508s__conf1.000.wav,20210223T053000,1508
Cernic__20210223T053000+0100_Short-term_Makokou__01509s__conf1.000.wav,20210223T053000,1509
Cernic__20210223T053000+0100_Short-term_Makokou__01510s__conf0.999.wav,20210223T053000,1510
Cernic__20210223T053000+0100_Short-term_Makokou__01511s__conf0.998.wav,20210223T053000,1511
Cernic__20210223T053000+0100_Short-term_Makokou__01512s__conf0.997.wav,20210223T053000,1512
Cernic__20210223T053000+0100_Short-term_Makokou__01513s__conf0.904.wav,20210223T053000,1513
Cernic__20210223T053000+0100_Short-term_Makokou__01514s__conf0.992.wav,20210223T053000,1514
Cernic__20210223T053000+0100_Short-term_Makokou__01515s__conf0.911.wav,20210223T053000,1515
Cernic__20210223T053000+0100_Short-term_Makokou__01516s__conf1.000.wav,20210223T053000,1516
Cernic__20210223T053000+0100_Short-term_Makokou__01517s__conf0.999.wav,20210223T053000,1517
Cernic__20210223T053000+0100_Short-term_Makokou__01518s__conf0.988.wav,20210223T053000,1518
Cernic__20210223T053000+0100_Short-term_Makokou__01539s__conf1.000.wav,20210223T053000,1539
Cernic__20210223T053000+0100_Short-term_Makokou__01540s__conf1.000.wav,20210223T053000,1540
Cernic__20210223T053000+0100_Short-term_Makokou__01541s__conf1.000.wav,20210223T053000,1541
Cernic__20210223T053000+0100_Short-term_Makokou__01542s__conf1.000.wav,20210223T053000,1542
Cernic__20210223T060000+0100_Short-term_Makokou__00880s__conf0.658.wav,20210223T060000,880
Cernic__20210223T073000+0100_Short-term_Makokou__00133s__conf0.980.wav,20210223T073000,133
Cernic__20210223T073000+0100_Short-term_Makokou__01120s__conf0.911.wav,20210223T073000,1120
Cernic__20210223T083000+0100_Short-term_Makokou__01028s__conf0.995.wav,20210223T083000,1028
Cernic__20210223T120000+0100_Short-term_Makokou__00220s__conf0.977.wav,20210223T120000,220
Cernic__20210223T120000+0100_Short-term_Makokou__00221s__conf1.000.wav,20210223T120000,221
Cernic__20210223T120000+0100_Short-term_Makokou__00222s__conf0.985.wav,20210223T120000,222
Cernic__20210223T120000+0100_Short-term_Makokou__00223s__conf0.981.wav,20210223T120000,223
Cernic__20210223T120000+0100_Short-term_Makokou__00226s__conf0.998.wav,20210223T120000,226
Cernic__20210223T120000+0100_Short-term_Makokou__00227s__conf1.000.wav,20210223T120000,227
Cernic__20210223T120000+0100_Short-term_Makokou__00228s__conf0.744.wav,20210223T120000,228
Cernic__20210223T120000+0100_Short-term_Makokou__00249s__conf0.998.wav,20210223T120000,249
Cernic__20210223T120000+0100_Short-term_Makokou__00250s__conf0.978.wav,20210223T120000,250
Cernic__20210223T120000+0100_Short-term_Makokou__00257s__conf1.000.wav,20210223T120000,257
Cernic__20210223T120000+0100_Short-term_Makokou__00258s__conf1.000.wav,20210223T120000,258
Cernic__20210223T120000+0100_Short-term_Makokou__00259s__conf0.957.wav,20210223T120000,259
Cernic__20210223T120000+0100_Short-term_Makokou__00277s__conf0.897.wav,20210223T120000,277
Cernic__20210223T120000+0100_Short-term_Makokou__00278s__conf0.999.wav,20210223T120000,278
Cernic__20210223T120000+0100_Short-term_Makokou__00279s__conf0.998.wav,20210223T120000,279
Cernic__20210223T120000+0100_Short-term_Makokou__00280s__conf0.893.wav,20210223T120000,280
Cernic__20210223T120000+0100_Short-term_Makokou__00299s__conf0.991.wav,20210223T120000,299
Cernic__20210223T183000+0100_Short-term_Makokou__01342s__conf1.000.wav,20210223T183000,1342
Cernic__20210223T183000+0100_Short-term_Makokou__01343s__conf0.999.wav,20210223T183000,1343
Cernic__20210223T183000+0100_Short-term_Makokou__01626s__conf0.743.wav,20210223T183000,1626
Cernic__20210223T183000+0100_Short-term_Makokou__01627s__conf0.656.wav,20210223T183000,1627
Cernic__20210223T183000+0100_Short-term_Makokou__01628s__conf0.991.wav,20210223T183000,1628
Cernic__20210223T183000+0100_Short-term_Makokou__01629s__conf0.976.wav,20210223T183000,1629
Cernic__20210223T183000+0100_Short-term_Makokou__01630s__conf0.736.wav,20210223T183000,1630
Cernic__20210223T183000+0100_Short-term_Makokou__01633s__conf0.547.wav,20210223T183000,1633
Cernic__20210223T183000+0100_Short-term_Makokou__01660s__conf0.797.wav,20210223T183000,1660
Cernic__20210223T183000+0100_Short-term_Makokou__01661s__conf0.623.wav,20210223T183000,1661
Cernic__20210223T193000+0100_Short-term_Makokou__00892s__conf0.981.wav,20210223T193000,892
Cernic__20210223T193000+0100_Short-term_Makokou__00896s__conf0.586.wav,20210223T193000,896
Cernic__20210223T210000+0100_Short-term_Makokou__01087s__conf0.500.wav,20210223T210000,1087
Cernic__20210223T220000+0100_Short-term_Makokou__00231s__conf0.967.wav,20210223T220000,231
Cernic__20210223T220000+0100_Short-term_Makokou__00232s__conf0.883.wav,20210223T220000,232
Cernic__20210223T220000+0100_Short-term_Makokou__00731s__conf0.539.wav,20210223T220000,731
Cernic__20210223T223000+0100_Short-term_Makokou__01237s__conf0.674.wav,20210223T223000,1237
Cernic__20210224T020000+0100_Short-term_Makokou__00653s__conf0.543.wav,20210224T020000,653
Cernic__20210224T020000+0100_Short-term_Makokou__01162s__conf0.782.wav,20210224T020000,1162
Cernic__20210224T033000+0100_Short-term_Makokou__01092s__conf0.543.wav,20210224T033000,1092
Cernic__20210224T033000+0100_Short-term_Makokou__01455s__conf0.992.wav,20210224T033000,1455
Cernic__20210224T040000+0100_Short-term_Makokou__01047s__conf0.910.wav,20210224T040000,1047
Cernic__20210224T050000+0100_Short-term_Makokou__00804s__conf0.964.wav,20210224T050000,804
Cernic__20210224T050000+0100_Short-term_Makokou__00805s__conf0.992.wav,20210224T050000,805
Cernic__20210224T070000+0100_Short-term_Makokou__00935s__conf0.993.wav,20210224T070000,935
Cernic__20210224T070000+0100_Short-term_Makokou__00936s__conf0.999.wav,20210224T070000,936
Cernic__20210224T070000+0100_Short-term_Makokou__01575s__conf0.969.wav,20210224T070000,1575
Cernic__20210224T070000+0100_Short-term_Makokou__01623s__conf0.508.wav,20210224T070000,1623
Cernic__20210224T073000+0100_Short-term_Makokou__00023s__conf0.969.wav,20210224T073000,23
Cernic__20210224T073000+0100_Short-term_Makokou__00398s__conf0.999.wav,20210224T073000,398
Cernic__20210224T080000+0100_Short-term_Makokou__00027s__conf0.723.wav,20210224T080000,27
Cernic__20210224T080000+0100_Short-term_Makokou__00056s__conf0.986.wav,20210224T080000,56
Cernic__20210224T080000+0100_Short-term_Makokou__00057s__conf0.990.wav,20210224T080000,57
Cernic__20210224T080000+0100_Short-term_Makokou__00140s__conf0.999.wav,20210224T080000,140
Cernic__20210224T080000+0100_Short-term_Makokou__00736s__conf0.643.wav,20210224T080000,736
Cernic__20210224T080000+0100_Short-term_Makokou__00850s__conf0.990.wav,20210224T080000,850
Cernic__20210224T080000+0100_Short-term_Makokou__00981s__conf0.895.wav,20210224T080000,981
Cernic__20210224T083000+0100_Short-term_Makokou__00045s__conf0.933.wav,20210224T083000,45
Cernic__20210224T083000+0100_Short-term_Makokou__00730s__conf0.537.wav,20210224T083000,730
Cernic__20210224T083000+0100_Short-term_Makokou__00813s__conf0.934.wav,20210224T083000,813
Cernic__20210224T083000+0100_Short-term_Makokou__00938s__conf0.999.wav,20210224T083000,938
Cernic__20210224T083000+0100_Short-term_Makokou__00939s__conf0.817.wav,20210224T083000,939
Cernic__20210224T090000+0100_Short-term_Makokou__00731s__conf0.843.wav,20210224T090000,731
Cernic__20210224T093000+0100_Short-term_Makokou__00047s__conf0.967.wav,20210224T093000,47
Cernic__20210224T093000+0100_Short-term_Makokou__00502s__conf0.947.wav,20210224T093000,502
Cernic__20210224T100000+0100_Short-term_Makokou__00280s__conf0.996.wav,20210224T100000,280
Cernic__20210224T100000+0100_Short-term_Makokou__01201s__conf0.710.wav,20210224T100000,1201
Cernic__20210224T100000+0100_Short-term_Makokou__01539s__conf0.780.wav,20210224T100000,1539
Cernic__20210224T110000+0100_Short-term_Makokou__00699s__conf0.999.wav,20210224T110000,699
Cernic__20210224T110000+0100_Short-term_Makokou__01404s__conf0.874.wav,20210224T110000,1404
Cernic__20210224T113000+0100_Short-term_Makokou__00792s__conf1.000.wav,20210224T113000,792
Cernic__20210224T113000+0100_Short-term_Makokou__00793s__conf1.000.wav,20210224T113000,793
Cernic__20210224T120000+0100_Short-term_Makokou__00530s__conf0.999.wav,20210224T120000,530
Cernic__20210224T120000+0100_Short-term_Makokou__00531s__conf0.911.wav,20210224T120000,531
Cernic__20210224T123000+0100_Short-term_Makokou__00234s__conf0.920.wav,20210224T123000,234
Cernic__20210224T123000+0100_Short-term_Makokou__00989s__conf0.641.wav,20210224T123000,989
Cernic__20210224T123000+0100_Short-term_Makokou__01044s__conf0.978.wav,20210224T123000,1044
Cernic__20210224T123000+0100_Short-term_Makokou__01045s__conf0.901.wav,20210224T123000,1045
Cernic__20210224T123000+0100_Short-term_Makokou__01559s__conf0.854.wav,20210224T123000,1559
Cernic__20210224T130000+0100_Short-term_Makokou__00791s__conf0.815.wav,20210224T130000,791
Cernic__20210224T130000+0100_Short-term_Makokou__00852s__conf0.722.wav,20210224T130000,852
Cernic__20210224T130000+0100_Short-term_Makokou__01771s__conf0.981.wav,20210224T130000,1771
Cernic__20210224T130000+0100_Short-term_Makokou__01772s__conf0.974.wav,20210224T130000,1772
Cernic__20210224T133000+0100_Short-term_Makokou__00023s__conf0.721.wav,20210224T133000,23
Cernic__20210224T133000+0100_Short-term_Makokou__00077s__conf0.558.wav,20210224T133000,77
Cernic__20210224T133000+0100_Short-term_Makokou__00152s__conf0.998.wav,20210224T133000,152
Cernic__20210224T133000+0100_Short-term_Makokou__00160s__conf0.637.wav,20210224T133000,160
Cernic__20210224T133000+0100_Short-term_Makokou__00161s__conf0.627.wav,20210224T133000,161
Cernic__20210224T133000+0100_Short-term_Makokou__00187s__conf0.652.wav,20210224T133000,187
Cernic__20210224T133000+0100_Short-term_Makokou__00203s__conf0.637.wav,20210224T133000,203
Cernic__20210224T133000+0100_Short-term_Makokou__00287s__conf0.553.wav,20210224T133000,287
Cernic__20210224T133000+0100_Short-term_Makokou__00288s__conf0.983.wav,20210224T133000,288
Cernic__20210224T133000+0100_Short-term_Makokou__00434s__conf1.000.wav,20210224T133000,434
Cernic__20210224T133000+0100_Short-term_Makokou__00435s__conf1.000.wav,20210224T133000,435
Cernic__20210224T133000+0100_Short-term_Makokou__01625s__conf1.000.wav,20210224T133000,1625
Cernic__20210224T140000+0100_Short-term_Makokou__01525s__conf0.991.wav,20210224T140000,1525
Cernic__20210224T143000+0100_Short-term_Makokou__00176s__conf0.985.wav,20210224T143000,176
Cernic__20210224T143000+0100_Short-term_Makokou__00874s__conf0.977.wav,20210224T143000,874
Cernic__20210224T153000+0100_Short-term_Makokou__01622s__conf0.784.wav,20210224T153000,1622
Cernic__20210224T160000+0100_Short-term_Makokou__01567s__conf0.650.wav,20210224T160000,1567
Cernic__20210224T163000+0100_Short-term_Makokou__00201s__conf0.640.wav,20210224T163000,201
Cernic__20210224T163000+0100_Short-term_Makokou__01375s__conf0.900.wav,20210224T163000,1375
Cernic__20210224T170000+0100_Short-term_Makokou__00124s__conf0.723.wav,20210224T170000,124
Cernic__20210224T170000+0100_Short-term_Makokou__00132s__conf0.889.wav,20210224T170000,132
Cernic__20210224T170000+0100_Short-term_Makokou__00596s__conf0.843.wav,20210224T170000,596
Cernic__20210224T170000+0100_Short-term_Makokou__00630s__conf0.591.wav,20210224T170000,630
Cernic__20210224T173000+0100_Short-term_Makokou__00097s__conf0.935.wav,20210224T173000,97
Cernic__20210224T173000+0100_Short-term_Makokou__00620s__conf0.898.wav,20210224T173000,620
Cernic__20210224T173000+0100_Short-term_Makokou__00661s__conf0.814.wav,20210224T173000,661
Cernic__20210224T173000+0100_Short-term_Makokou__00662s__conf0.884.wav,20210224T173000,662
Cernic__20210224T173000+0100_Short-term_Makokou__00846s__conf0.648.wav,20210224T173000,846
Cernic__20210224T173000+0100_Short-term_Makokou__00855s__conf0.999.wav,20210224T173000,855
Cernic__20210224T173000+0100_Short-term_Makokou__00916s__conf0.939.wav,20210224T173000,916
Cernic__20210224T173000+0100_Short-term_Makokou__01005s__conf0.995.wav,20210224T173000,1005
Cernic__20210224T173000+0100_Short-term_Makokou__01119s__conf1.000.wav,20210224T173000,1119
Cernic__20210224T173000+0100_Short-term_Makokou__01120s__conf1.000.wav,20210224T173000,1120
Cernic__20210224T173000+0100_Short-term_Makokou__01421s__conf0.931.wav,20210224T173000,1421
Cernic__20210224T173000+0100_Short-term_Makokou__01422s__conf0.519.wav,20210224T173000,1422
Cernic__20210224T173000+0100_Short-term_Makokou__01601s__conf0.989.wav,20210224T173000,1601
Cernic__20210224T173000+0100_Short-term_Makokou__01602s__conf0.995.wav,20210224T173000,1602
Cernic__20210224T180000+0100_Short-term_Makokou__00947s__conf0.998.wav,20210224T180000,947
Cernic__20210224T180000+0100_Short-term_Makokou__01163s__conf0.976.wav,20210224T180000,1163
Cernic__20210224T180000+0100_Short-term_Makokou__01164s__conf0.907.wav,20210224T180000,1164
Cernic__20210224T180000+0100_Short-term_Makokou__01180s__conf0.623.wav,20210224T180000,1180
Cernic__20210224T180000+0100_Short-term_Makokou__01189s__conf0.534.wav,20210224T180000,1189
Cernic__20210224T180000+0100_Short-term_Makokou__01358s__conf0.995.wav,20210224T180000,1358
Cernic__20210224T180000+0100_Short-term_Makokou__01666s__conf0.917.wav,20210224T180000,1666
Cernic__20210224T183000+0100_Short-term_Makokou__00217s__conf0.579.wav,20210224T183000,217
Cernic__20210224T183000+0100_Short-term_Makokou__01704s__conf0.618.wav,20210224T183000,1704
Cernic__20210224T190000+0100_Short-term_Makokou__00052s__conf0.641.wav,20210224T190000,52
Cernic__20210224T190000+0100_Short-term_Makokou__00510s__conf1.000.wav,20210224T190000,510
Cernic__20210224T190000+0100_Short-term_Makokou__00511s__conf0.999.wav,20210224T190000,511
Cernic__20210224T190000+0100_Short-term_Makokou__00955s__conf0.549.wav,20210224T190000,955
Cernic__20210224T190000+0100_Short-term_Makokou__01325s__conf0.813.wav,20210224T190000,1325
Cernic__20210224T190000+0100_Short-term_Makokou__01494s__conf0.866.wav,20210224T190000,1494
Cernic__20210224T203000+0100_Short-term_Makokou__00012s__conf0.591.wav,20210224T203000,12
Cernic__20210224T203000+0100_Short-term_Makokou__00013s__conf1.000.wav,20210224T203000,13
Cernic__20210224T203000+0100_Short-term_Makokou__00662s__conf0.830.wav,20210224T203000,662
Cernic__20210224T210000+0100_Short-term_Makokou__00113s__conf0.916.wav,20210224T210000,113
Cernic__20210224T210000+0100_Short-term_Makokou__00209s__conf0.802.wav,20210224T210000,209
Cernic__20210224T210000+0100_Short-term_Makokou__00653s__conf0.999.wav,20210224T210000,653
Cernic__20210224T213000+0100_Short-term_Makokou__00221s__conf0.979.wav,20210224T213000,221
Cernic__20210224T213000+0100_Short-term_Makokou__00694s__conf0.669.wav,20210224T213000,694
Cernic__20210224T223000+0100_Short-term_Makokou__01557s__conf0.990.wav,20210224T223000,1557
Cernic__20210224T230000+0100_Short-term_Makokou__00419s__conf0.996.wav,20210224T230000,419
Cernic__20210225T010000+0100_Short-term_Makokou__00026s__conf0.615.wav,20210225T010000,26
Cernic__20210225T020000+0100_Short-term_Makokou__01160s__conf0.932.wav,20210225T020000,1160
Cernic__20210225T023000+0100_Short-term_Makokou__00574s__conf0.804.wav,20210225T023000,574
Cernic__20210225T030000+0100_Short-term_Makokou__00370s__conf0.968.wav,20210225T030000,370
Cernic__20210225T030000+0100_Short-term_Makokou__00371s__conf0.926.wav,20210225T030000,371
Cernic__20210225T033000+0100_Short-term_Makokou__01151s__conf0.993.wav,20210225T033000,1151
Cernic__20210225T033000+0100_Short-term_Makokou__01535s__conf0.958.wav,20210225T033000,1535
Cernic__20210225T033000+0100_Short-term_Makokou__01536s__conf0.774.wav,20210225T033000,1536
Cernic__20210225T053000+0100_Short-term_Makokou__00418s__conf1.000.wav,20210225T053000,418
Cernic__20210225T053000+0100_Short-term_Makokou__00419s__conf1.000.wav,20210225T053000,419
Cernic__20210225T060000+0100_Short-term_Makokou__00114s__conf0.967.wav,20210225T060000,114
Cernic__20210225T060000+0100_Short-term_Makokou__00115s__conf0.906.wav,20210225T060000,115
Cernic__20210225T060000+0100_Short-term_Makokou__00218s__conf0.519.wav,20210225T060000,218
Cernic__20210225T060000+0100_Short-term_Makokou__00219s__conf0.999.wav,20210225T060000,219
Cernic__20210225T060000+0100_Short-term_Makokou__00220s__conf0.933.wav,20210225T060000,220
Cernic__20210225T060000+0100_Short-term_Makokou__00221s__conf0.993.wav,20210225T060000,221
Cernic__20210225T060000+0100_Short-term_Makokou__00222s__conf0.976.wav,20210225T060000,222
Cernic__20210225T060000+0100_Short-term_Makokou__00223s__conf1.000.wav,20210225T060000,223
Cernic__20210225T060000+0100_Short-term_Makokou__00224s__conf1.000.wav,20210225T060000,224
Cernic__20210225T060000+0100_Short-term_Makokou__00258s__conf0.997.wav,20210225T060000,258
Cernic__20210225T060000+0100_Short-term_Makokou__00259s__conf0.970.wav,20210225T060000,259
Cernic__20210225T060000+0100_Short-term_Makokou__00275s__conf0.785.wav,20210225T060000,275
Cernic__20210225T060000+0100_Short-term_Makokou__00276s__conf1.000.wav,20210225T060000,276
Cernic__20210225T060000+0100_Short-term_Makokou__00277s__conf0.997.wav,20210225T060000,277
Cernic__20210225T060000+0100_Short-term_Makokou__00278s__conf0.917.wav,20210225T060000,278
Cernic__20210225T063000+0100_Short-term_Makokou__00760s__conf1.000.wav,20210225T063000,760
Cernic__20210225T063000+0100_Short-term_Makokou__00761s__conf0.956.wav,20210225T063000,761
Cernic__20210225T070000+0100_Short-term_Makokou__00112s__conf0.874.wav,20210225T070000,112
Cernic__20210225T073000+0100_Short-term_Makokou__00102s__conf0.978.wav,20210225T073000,102
Cernic__20210225T073000+0100_Short-term_Makokou__00103s__conf0.997.wav,20210225T073000,103
Cernic__20210225T073000+0100_Short-term_Makokou__00169s__conf0.735.wav,20210225T073000,169
Cernic__20210225T073000+0100_Short-term_Makokou__00356s__conf0.840.wav,20210225T073000,356
Cernic__20210225T080000+0100_Short-term_Makokou__00404s__conf1.000.wav,20210225T080000,404
Cernic__20210225T080000+0100_Short-term_Makokou__00604s__conf1.000.wav,20210225T080000,604
Cernic__20210225T080000+0100_Short-term_Makokou__00605s__conf1.000.wav,20210225T080000,605
Cernic__20210225T080000+0100_Short-term_Makokou__00733s__conf0.896.wav,20210225T080000,733
Cernic__20210225T080000+0100_Short-term_Makokou__00990s__conf0.999.wav,20210225T080000,990
Cernic__20210225T080000+0100_Short-term_Makokou__00992s__conf0.756.wav,20210225T080000,992
Cernic__20210225T080000+0100_Short-term_Makokou__01228s__conf0.988.wav,20210225T080000,1228
Cernic__20210225T080000+0100_Short-term_Makokou__01231s__conf0.657.wav,20210225T080000,1231
Cernic__20210225T080000+0100_Short-term_Makokou__01291s__conf0.984.wav,20210225T080000,1291
Cernic__20210225T080000+0100_Short-term_Makokou__01478s__conf1.000.wav,20210225T080000,1478
Cernic__20210225T080000+0100_Short-term_Makokou__01479s__conf1.000.wav,20210225T080000,1479
Cernic__20210225T080000+0100_Short-term_Makokou__01596s__conf1.000.wav,20210225T080000,1596
Cernic__20210225T080000+0100_Short-term_Makokou__01597s__conf0.999.wav,20210225T080000,1597
Cernic__20210225T083000+0100_Short-term_Makokou__00262s__conf0.933.wav,20210225T083000,262
Cernic__20210225T090000+0100_Short-term_Makokou__00673s__conf0.913.wav,20210225T090000,673
Cernic__20210225T090000+0100_Short-term_Makokou__00674s__conf0.992.wav,20210225T090000,674
Cernic__20210225T100000+0100_Short-term_Makokou__00512s__conf1.000.wav,20210225T100000,512
Cernic__20210225T100000+0100_Short-term_Makokou__00513s__conf1.000.wav,20210225T100000,513
Cernic__20210225T100000+0100_Short-term_Makokou__00514s__conf1.000.wav,20210225T100000,514
Cernic__20210225T100000+0100_Short-term_Makokou__00515s__conf1.000.wav,20210225T100000,515
Cernic__20210225T100000+0100_Short-term_Makokou__00516s__conf0.999.wav,20210225T100000,516
Cernic__20210225T100000+0100_Short-term_Makokou__00538s__conf0.998.wav,20210225T100000,538
Cernic__20210225T100000+0100_Short-term_Makokou__00539s__conf1.000.wav,20210225T100000,539
Cernic__20210225T100000+0100_Short-term_Makokou__00540s__conf1.000.wav,20210225T100000,540
Cernic__20210225T100000+0100_Short-term_Makokou__00541s__conf1.000.wav,20210225T100000,541
Cernic__20210225T100000+0100_Short-term_Makokou__00542s__conf1.000.wav,20210225T100000,542
Cernic__20210225T100000+0100_Short-term_Makokou__00543s__conf1.000.wav,20210225T100000,543
Cernic__20210225T100000+0100_Short-term_Makokou__00544s__conf1.000.wav,20210225T100000,544
Cernic__20210225T100000+0100_Short-term_Makokou__00564s__conf1.000.wav,20210225T100000,564
Cernic__20210225T100000+0100_Short-term_Makokou__00565s__conf1.000.wav,20210225T100000,565
Cernic__20210225T100000+0100_Short-term_Makokou__00566s__conf1.000.wav,20210225T100000,566
Cernic__20210225T100000+0100_Short-term_Makokou__00568s__conf0.979.wav,20210225T100000,568
Cernic__20210225T100000+0100_Short-term_Makokou__00569s__conf1.000.wav,20210225T100000,569
Cernic__20210225T100000+0100_Short-term_Makokou__00572s__conf1.000.wav,20210225T100000,572
Cernic__20210225T100000+0100_Short-term_Makokou__00573s__conf1.000.wav,20210225T100000,573
Cernic__20210225T110000+0100_Short-term_Makokou__01067s__conf0.696.wav,20210225T110000,1067
Cernic__20210225T110000+0100_Short-term_Makokou__01244s__conf1.000.wav,20210225T110000,1244
Cernic__20210225T110000+0100_Short-term_Makokou__01245s__conf0.999.wav,20210225T110000,1245
Cernic__20210225T110000+0100_Short-term_Makokou__01689s__conf0.525.wav,20210225T110000,1689
Cernic__20210225T113000+0100_Short-term_Makokou__00509s__conf1.000.wav,20210225T113000,509
Cernic__20210225T120000+0100_Short-term_Makokou__00661s__conf0.997.wav,20210225T120000,661
Cernic__20210225T120000+0100_Short-term_Makokou__00898s__conf0.987.wav,20210225T120000,898
Cernic__20210225T120000+0100_Short-term_Makokou__00899s__conf0.944.wav,20210225T120000,899
Cernic__20210225T123000+0100_Short-term_Makokou__00039s__conf0.906.wav,20210225T123000,39
Cernic__20210225T123000+0100_Short-term_Makokou__00040s__conf1.000.wav,20210225T123000,40
Cernic__20210225T123000+0100_Short-term_Makokou__00041s__conf1.000.wav,20210225T123000,41
Cernic__20210225T123000+0100_Short-term_Makokou__00042s__conf1.000.wav,20210225T123000,42
Cernic__20210225T123000+0100_Short-term_Makokou__00049s__conf0.914.wav,20210225T123000,49
Cernic__20210225T133000+0100_Short-term_Makokou__00632s__conf0.985.wav,20210225T133000,632
Cernic__20210225T133000+0100_Short-term_Makokou__00974s__conf0.646.wav,20210225T133000,974
Cernic__20210225T133000+0100_Short-term_Makokou__01447s__conf0.507.wav,20210225T133000,1447
Cernic__20210225T140000+0100_Short-term_Makokou__00254s__conf0.924.wav,20210225T140000,254
Cernic__20210225T140000+0100_Short-term_Makokou__00255s__conf0.673.wav,20210225T140000,255
Cernic__20210225T140000+0100_Short-term_Makokou__00804s__conf0.997.wav,20210225T140000,804
Cernic__20210225T140000+0100_Short-term_Makokou__00805s__conf0.897.wav,20210225T140000,805
Cernic__20210225T140000+0100_Short-term_Makokou__01199s__conf0.758.wav,20210225T140000,1199
Cernic__20210225T143000+0100_Short-term_Makokou__00188s__conf0.558.wav,20210225T143000,188
Cernic__20210225T150000+0100_Short-term_Makokou__00384s__conf1.000.wav,20210225T150000,384
Cernic__20210225T150000+0100_Short-term_Makokou__00428s__conf0.984.wav,20210225T150000,428
Cernic__20210225T150000+0100_Short-term_Makokou__00429s__conf0.958.wav,20210225T150000,429
Cernic__20210225T153000+0100_Short-term_Makokou__00979s__conf0.566.wav,20210225T153000,979
Cernic__20210225T153000+0100_Short-term_Makokou__01017s__conf0.978.wav,20210225T153000,1017
Cernic__20210225T160000+0100_Short-term_Makokou__01341s__conf0.906.wav,20210225T160000,1341
Cernic__20210225T163000+0100_Short-term_Makokou__00311s__conf0.696.wav,20210225T163000,311
Cernic__20210225T170000+0100_Short-term_Makokou__00800s__conf0.973.wav,20210225T170000,800
Cernic__20210225T170000+0100_Short-term_Makokou__00801s__conf0.977.wav,20210225T170000,801
Cernic__20210225T170000+0100_Short-term_Makokou__01152s__conf0.996.wav,20210225T170000,1152
Cernic__20210225T170000+0100_Short-term_Makokou__01153s__conf0.999.wav,20210225T170000,1153
Cernic__20210225T170000+0100_Short-term_Makokou__01170s__conf0.727.wav,20210225T170000,1170
Cernic__20210225T173000+0100_Short-term_Makokou__00051s__conf0.710.wav,20210225T173000,51
Cernic__20210225T173000+0100_Short-term_Makokou__00108s__conf0.710.wav,20210225T173000,108
Cernic__20210225T173000+0100_Short-term_Makokou__01392s__conf0.955.wav,20210225T173000,1392
Cernic__20210225T180000+0100_Short-term_Makokou__01017s__conf1.000.wav,20210225T180000,1017
Cernic__20210225T180000+0100_Short-term_Makokou__01018s__conf0.977.wav,20210225T180000,1018
Cernic__20210225T180000+0100_Short-term_Makokou__01417s__conf0.948.wav,20210225T180000,1417
Cernic__20210225T180000+0100_Short-term_Makokou__01445s__conf0.999.wav,20210225T180000,1445
Cernic__20210225T180000+0100_Short-term_Makokou__01446s__conf0.992.wav,20210225T180000,1446
Cernic__20210225T180000+0100_Short-term_Makokou__01447s__conf0.948.wav,20210225T180000,1447
Cernic__20210225T180000+0100_Short-term_Makokou__01448s__conf0.999.wav,20210225T180000,1448
Cernic__20210225T180000+0100_Short-term_Makokou__01449s__conf0.783.wav,20210225T180000,1449
Cernic__20210225T180000+0100_Short-term_Makokou__01450s__conf0.998.wav,20210225T180000,1450
Cernic__20210225T180000+0100_Short-term_Makokou__01451s__conf0.941.wav,20210225T180000,1451
Cernic__20210225T180000+0100_Short-term_Makokou__01467s__conf1.000.wav,20210225T180000,1467
Cernic__20210225T180000+0100_Short-term_Makokou__01468s__conf1.000.wav,20210225T180000,1468
Cernic__20210225T180000+0100_Short-term_Makokou__01469s__conf1.000.wav,20210225T180000,1469
Cernic__20210225T180000+0100_Short-term_Makokou__01470s__conf1.000.wav,20210225T180000,1470
Cernic__20210225T180000+0100_Short-term_Makokou__01481s__conf1.000.wav,20210225T180000,1481
Cernic__20210225T180000+0100_Short-term_Makokou__01482s__conf1.000.wav,20210225T180000,1482
Cernic__20210225T183000+0100_Short-term_Makokou__00052s__conf0.859.wav,20210225T183000,52
Cernic__20210225T183000+0100_Short-term_Makokou__01234s__conf0.851.wav,20210225T183000,1234
Cernic__20210225T183000+0100_Short-term_Makokou__01531s__conf0.783.wav,20210225T183000,1531
Cernic__20210225T193000+0100_Short-term_Makokou__00011s__conf0.999.wav,20210225T193000,11
Cernic__20210225T193000+0100_Short-term_Makokou__00177s__conf0.573.wav,20210225T193000,177
Cernic__20210225T203000+0100_Short-term_Makokou__00852s__conf0.816.wav,20210225T203000,852
Cernic__20210225T203000+0100_Short-term_Makokou__01322s__conf1.000.wav,20210225T203000,1322
Cernic__20210225T203000+0100_Short-term_Makokou__01323s__conf0.999.wav,20210225T203000,1323
Cernic__20210225T210000+0100_Short-term_Makokou__00627s__conf0.984.wav,20210225T210000,627
Cernic__20210225T220000+0100_Short-term_Makokou__00487s__conf0.706.wav,20210225T220000,487
Cernic__20210225T220000+0100_Short-term_Makokou__00488s__conf0.996.wav,20210225T220000,488
Cernic__20210225T220000+0100_Short-term_Makokou__00685s__conf0.951.wav,20210225T220000,685
Cernic__20210225T223000+0100_Short-term_Makokou__00150s__conf0.916.wav,20210225T223000,150
Cernic__20210225T223000+0100_Short-term_Makokou__00151s__conf0.987.wav,20210225T223000,151
Cernic__20210225T230000+0100_Short-term_Makokou__00731s__conf0.960.wav,20210225T230000,731
Cernic__20210225T230000+0100_Short-term_Makokou__01228s__conf0.998.wav,20210225T230000,1228
Cernic__20210225T233000+0100_Short-term_Makokou__00354s__conf0.579.wav,20210225T233000,354
Cernic__20210225T233000+0100_Short-term_Makokou__00355s__conf0.995.wav,20210225T233000,355
Cernic__20210225T233000+0100_Short-term_Makokou__01471s__conf0.817.wav,20210225T233000,1471
Cernic__S20210222T102950083+0100_E20210222T105950245+0100___00208s__conf0.995.wav,20210222T102950,208
Cernic__S20210222T102950083+0100_E20210222T105950245+0100___00209s__conf0.993.wav,20210222T102950,209
Cernic__S20210222T102950083+0100_E20210222T105950245+0100___00602s__conf0.956.wav,20210222T102950,602
Cernic__S20210222T102950083+0100_E20210222T105950245+0100___00603s__conf0.652.wav,20210222T102950,603
Cernic__S20210222T102950083+0100_E20210222T105950245+0100___00651s__conf0.796.wav,20210222T102950,651
Cernic__S20210222T102950083+0100_E20210222T105950245+0100___00719s__conf0.551.wav,20210222T102950,719
Cernic__S20210222T115950629+0100_E20210222T122948677+0100___01217s__conf0.756.wav,20210222T115950,1217
Cernic__S20210222T115950629+0100_E20210222T122948677+0100___01218s__conf0.982.wav,20210222T115950,1218
Cernic__S20210222T115950629+0100_E20210222T122948677+0100___01221s__conf0.892.wav,20210222T115950,1221
Cernic__S20210222T115950629+0100_E20210222T122948677+0100___01222s__conf0.979.wav,20210222T115950,1222
Cernic__S20210222T115950629+0100_E20210222T122948677+0100___01223s__conf0.989.wav,20210222T115950,1223
Cernic__S20210222T115950629+0100_E20210222T122948677+0100___01224s__conf0.748.wav,20210222T115950,1224
Cernic__S20210222T115950629+0100_E20210222T122948677+0100___01225s__conf0.998.wav,20210222T115950,1225
Cernic__S20210222T115950629+0100_E20210222T122948677+0100___01226s__conf0.998.wav,20210222T115950,1226
Cernic__S20210222T115950629+0100_E20210222T122948677+0100___01227s__conf1.000.wav,20210222T115950,1227
Cernic__S20210222T115950629+0100_E20210222T122948677+0100___01228s__conf1.000.wav,20210222T115950,1228
Cernic__S20210222T115950629+0100_E20210222T122948677+0100___01229s__conf0.995.wav,20210222T115950,1229
Cernic__S20210222T115950629+0100_E20210222T122948677+0100___01232s__conf0.999.wav,20210222T115950,1232
Cernic__S20210222T115950629+0100_E20210222T122948677+0100___01233s__conf1.000.wav,20210222T115950,1233
Cernic__S20210222T115950629+0100_E20210222T122948677+0100___01237s__conf0.649.wav,20210222T115950,1237
Cernic__S20210222T115950629+0100_E20210222T122948677+0100___01238s__conf0.995.wav,20210222T115950,1238
Cernic__S20210222T115950629+0100_E20210222T122948677+0100___01240s__conf0.995.wav,20210222T115950,1240
Cernic__S20210222T115950629+0100_E20210222T122948677+0100___01241s__conf0.958.wav,20210222T115950,1241
Cernic__S20210222T115950629+0100_E20210222T122948677+0100___01255s__conf1.000.wav,20210222T115950,1255
Cernic__S20210222T115950629+0100_E20210222T122948677+0100___01256s__conf0.997.wav,20210222T115950,1256
Cernic__S20210222T115950629+0100_E20210222T122948677+0100___01281s__conf1.000.wav,20210222T115950,1281
Cernic__S20210222T115950629+0100_E20210222T122948677+0100___01291s__conf0.990.wav,20210222T115950,1291
Cernic__S20210222T115950629+0100_E20210222T122948677+0100___01322s__conf1.000.wav,20210222T115950,1322
Cernic__S20210222T115950629+0100_E20210222T122948677+0100___01323s__conf1.000.wav,20210222T115950,1323
Cernic__S20210222T115950629+0100_E20210222T122948677+0100___01404s__conf0.946.wav,20210222T115950,1404
Cernic__S20210222T115950629+0100_E20210222T122948677+0100___01405s__conf0.975.wav,20210222T115950,1405
Cernic__S20210222T182952661+0100_E20210222T185947710+0100___00466s__conf1.000.wav,20210222T182952,466
Cernic__S20210222T182952661+0100_E20210222T185947710+0100___00467s__conf0.999.wav,20210222T182952,467
Cernic__S20210222T182952661+0100_E20210222T185947710+0100___00468s__conf0.992.wav,20210222T182952,468
Cernic__S20210222T182952661+0100_E20210222T185947710+0100___00470s__conf0.995.wav,20210222T182952,470
Cernic__S20210222T182952661+0100_E20210222T185947710+0100___00471s__conf0.996.wav,20210222T182952,471
Cernic__S20210222T182952661+0100_E20210222T185947710+0100___00472s__conf0.994.wav,20210222T182952,472
Cernic__S20210222T182952661+0100_E20210222T185947710+0100___00493s__conf0.959.wav,20210222T182952,493
Cernic__S20210222T182952661+0100_E20210222T185947710+0100___00494s__conf0.973.wav,20210222T182952,494
Cernic__S20210223T055948343+0100_E20210223T062947019+0100___00469s__conf0.917.wav,20210223T055948,469
Cernic__S20210223T055948343+0100_E20210223T062947019+0100___00470s__conf0.918.wav,20210223T055948,470
Cernic__S20210223T055948343+0100_E20210223T062947019+0100___00497s__conf0.948.wav,20210223T055948,497
Cernic__S20210223T055948343+0100_E20210223T062947019+0100___00511s__conf1.000.wav,20210223T055948,511
Cernic__S20210223T055948343+0100_E20210223T062947019+0100___00512s__conf1.000.wav,20210223T055948,512
Cernic__S20210223T055948343+0100_E20210223T062947019+0100___00513s__conf0.705.wav,20210223T055948,513
Cernic__S20210223T055948343+0100_E20210223T062947019+0100___00530s__conf0.566.wav,20210223T055948,530
Cernic__S20210223T055948343+0100_E20210223T062947019+0100___00532s__conf0.951.wav,20210223T055948,532
Cernic__S20210223T055948343+0100_E20210223T062947019+0100___00533s__conf0.994.wav,20210223T055948,533
Cernic__S20210223T065947997+0100_E20210223T072947045+0100___01478s__conf0.940.wav,20210223T065947,1478
Cernic__S20210223T065947997+0100_E20210223T072947045+0100___01479s__conf0.984.wav,20210223T065947,1479
Cernic__S20210223T065947997+0100_E20210223T072947045+0100___01480s__conf0.662.wav,20210223T065947,1480
Cernic__S20210223T065947997+0100_E20210223T072947045+0100___01481s__conf0.677.wav,20210223T065947,1481
Cernic__S20210223T065947997+0100_E20210223T072947045+0100___01485s__conf0.946.wav,20210223T065947,1485
Cernic__S20210223T065947997+0100_E20210223T072947045+0100___01490s__conf0.782.wav,20210223T065947,1490
Cernic__S20210223T065947997+0100_E20210223T072947045+0100___01499s__conf0.953.wav,20210223T065947,1499
Cernic__S20210223T065947997+0100_E20210223T072947045+0100___01500s__conf0.996.wav,20210223T065947,1500
Cernic__S20210223T065947997+0100_E20210223T072947045+0100___01507s__conf0.633.wav,20210223T065947,1507
Cernic__S20210223T065947997+0100_E20210223T072947045+0100___01509s__conf0.727.wav,20210223T065947,1509
Cernic__S20210223T065947997+0100_E20210223T072947045+0100___01517s__conf0.997.wav,20210223T065947,1517
Cernic__S20210223T065947997+0100_E20210223T072947045+0100___01518s__conf0.998.wav,20210223T065947,1518
Cernic__S20210223T065947997+0100_E20210223T072947045+0100___01519s__conf0.758.wav,20210223T065947,1519
Cernic__S20210223T065947997+0100_E20210223T072947045+0100___01520s__conf0.962.wav,20210223T065947,1520
Cernic__S20210223T065947997+0100_E20210223T072947045+0100___01522s__conf0.954.wav,20210223T065947,1522
Cernic__S20210223T065947997+0100_E20210223T072947045+0100___01529s__conf0.764.wav,20210223T065947,1529
Cernic__S20210223T065947997+0100_E20210223T072947045+0100___01530s__conf0.682.wav,20210223T065947,1530
Cernic__S20210223T065947997+0100_E20210223T072947045+0100___01544s__conf1.000.wav,20210223T065947,1544
Cernic__S20210223T065947997+0100_E20210223T072947045+0100___01545s__conf1.000.wav,20210223T065947,1545
Cernic__S20210223T065947997+0100_E20210223T072947045+0100___01554s__conf0.999.wav,20210223T065947,1554
Cernic__S20210223T065947997+0100_E20210223T072947045+0100___01555s__conf1.000.wav,20210223T065947,1555
Cernic__S20210223T065947997+0100_E20210223T072947045+0100___01584s__conf0.908.wav,20210223T065947,1584
Cernic__S20210223T065947997+0100_E20210223T072947045+0100___01597s__conf0.997.wav,20210223T065947,1597
Cernic__S20210223T065947997+0100_E20210223T072947045+0100___01598s__conf0.994.wav,20210223T065947,1598
Cernic__S20210223T095948018+0100_E20210223T102946044+0100___00411s__conf0.582.wav,20210223T095948,411
Cernic__S20210223T115951706+0100_E20210223T122945918+0100___01155s__conf0.720.wav,20210223T115951,1155
Cernic__S20210223T115951706+0100_E20210223T122945918+0100___01156s__conf0.900.wav,20210223T115951,1156
Cernic__S20210223T122947474+0100_E20210223T125947080+0100___01591s__conf0.600.wav,20210223T122947,1591
Cernic__S20210223T142948700+0100_E20210223T145946007+0100___01521s__conf0.841.wav,20210223T142948,1521
Cernic__S20210223T142948700+0100_E20210223T145946007+0100___01522s__conf0.643.wav,20210223T142948,1522
Cernic__S20210223T155947688+0100_E20210223T162946552+0100___00783s__conf0.792.wav,20210223T155947,783
Cernic__S20210223T155947688+0100_E20210223T162946552+0100___00785s__conf0.985.wav,20210223T155947,785
Cernic__S20210223T155947688+0100_E20210223T162946552+0100___00786s__conf0.714.wav,20210223T155947,786
Cernic__S20210223T182947915+0100_E20210223T185944920+0100___00201s__conf1.000.wav,20210223T182947,201
Cernic__S20210224T075956XXX+0100_E20210224T075956XXX+0100___01217s__conf0.944.wav,20210224T075956,1217
Cernic__S20210224T075956XXX+0100_E20210224T075956XXX+0100___01218s__conf0.977.wav,20210224T075956,1218
Cernic__S20210224T075956XXX+0100_E20210224T075956XXX+0100___01220s__conf0.997.wav,20210224T075956,1220
Cernic__S20210224T075956XXX+0100_E20210224T075956XXX+0100___01221s__conf0.626.wav,20210224T075956,1221
Cernic__S20210224T075956XXX+0100_E20210224T075956XXX+0100___01274s__conf0.924.wav,20210224T075956,1274
Cernic__S20210224T085945869+0100_E20210224T092943880+0100___01155s__conf0.540.wav,20210224T085945,1155
Cernic__S20210224T085945869+0100_E20210224T092943880+0100___01156s__conf0.984.wav,20210224T085945,1156
Cernic__S20210224T085945869+0100_E20210224T092943880+0100___01157s__conf0.842.wav,20210224T085945,1157
Cernic__S20210224T085945869+0100_E20210224T092943880+0100___01158s__conf1.000.wav,20210224T085945,1158
Cernic__S20210224T085945869+0100_E20210224T092943880+0100___01159s__conf0.992.wav,20210224T085945,1159
Cernic__S20210224T085945869+0100_E20210224T092943880+0100___01160s__conf0.995.wav,20210224T085945,1160
Cernic__S20210224T085945869+0100_E20210224T092943880+0100___01161s__conf1.000.wav,20210224T085945,1161
Cernic__S20210224T085945869+0100_E20210224T092943880+0100___01162s__conf0.994.wav,20210224T085945,1162
Cernic__S20210224T085945869+0100_E20210224T092943880+0100___01165s__conf0.802.wav,20210224T085945,1165
Cernic__S20210224T085945869+0100_E20210224T092943880+0100___01184s__conf0.996.wav,20210224T085945,1184
Cernic__S20210224T085945869+0100_E20210224T092943880+0100___01185s__conf0.998.wav,20210224T085945,1185
Cernic__S20210224T085945869+0100_E20210224T092943880+0100___01196s__conf0.982.wav,20210224T085945,1196
Cernic__S20210224T085945869+0100_E20210224T092943880+0100___01200s__conf0.994.wav,20210224T085945,1200
Cernic__S20210224T085945869+0100_E20210224T092943880+0100___01201s__conf1.000.wav,20210224T085945,1201
Cernic__S20210224T085945869+0100_E20210224T092943880+0100___01217s__conf0.998.wav,20210224T085945,1217
Cernic__S20210224T085945869+0100_E20210224T092943880+0100___01218s__conf1.000.wav,20210224T085945,1218
Cernic__S20210224T085945869+0100_E20210224T092943880+0100___01219s__conf0.999.wav,20210224T085945,1219
Cernic__S20210224T085945869+0100_E20210224T092943880+0100___01220s__conf0.999.wav,20210224T085945,1220
Cernic__S20210224T085945869+0100_E20210224T092943880+0100___01254s__conf0.788.wav,20210224T085945,1254
Cernic__S20210224T155954964+0100_E20210224T162942955+0100___00989s__conf0.999.wav,20210224T155954,989
Cernic__S20210224T155954964+0100_E20210224T162942955+0100___00990s__conf0.998.wav,20210224T155954,990
Cernic__S20210225T072942283+0100_E20210225T075941365+0100___01640s__conf0.856.wav,20210225T072942,1640
Cernic__S20210225T072942283+0100_E20210225T075941365+0100___01706s__conf0.722.wav,20210225T072942,1706
Cernic__S20210225T072942283+0100_E20210225T075941365+0100___01707s__conf0.930.wav,20210225T072942,1707
Cernic__S20210225T072942283+0100_E20210225T075941365+0100___01754s__conf0.691.wav,20210225T072942,1754
Cernic__S20210225T072942283+0100_E20210225T075941365+0100___01755s__conf0.516.wav,20210225T072942,1755
Cernic__S20210225T135941957+0100_E20210225T142940833+0100___01118s__conf0.522.wav,20210225T135941,1118
Cernic__S20210225T135941957+0100_E20210225T142940833+0100___01198s__conf0.934.wav,20210225T135941,1198
Cernic__S20210225T172942174+0100_E20210225T175940864+0100___00186s__conf0.928.wav,20210225T172942,186
Cernic__S20210222T100734232+0100_E20210222T102955649+0100___00481s__conf0.989.wav,20210222T100734,481
Cernic__S20210222T100734232+0100_E20210222T102955649+0100___00482s__conf0.989.wav,20210222T100734,482
Cernic__S20210222T123002626+0100_E20210222T130000797+0100___00822s__conf0.744.wav,20210222T123002,822
Cernic__S20210222T183000250+0100_E20210222T185955219+0100___01663s__conf0.845.wav,20210222T183000,1663
Cernic__S20210222T183000250+0100_E20210222T185955219+0100___01664s__conf0.994.wav,20210222T183000,1664
Cernic__S20210222T190000330+0100_E20210222T193000080+0100___00326s__conf0.986.wav,20210222T190000,326
Cernic__S20210222T190000330+0100_E20210222T193000080+0100___00381s__conf0.986.wav,20210222T190000,381
Cernic__S20210222T190000330+0100_E20210222T193000080+0100___00658s__conf0.671.wav,20210222T190000,658
Cernic__S20210222T190000330+0100_E20210222T193000080+0100___00701s__conf0.629.wav,20210222T190000,701
Cernic__S20210222T190000330+0100_E20210222T193000080+0100___00711s__conf0.955.wav,20210222T190000,711
Cernic__S20210222T190000330+0100_E20210222T193000080+0100___00727s__conf0.696.wav,20210222T190000,727
Cernic__S20210222T190000330+0100_E20210222T193000080+0100___00732s__conf0.748.wav,20210222T190000,732
Cernic__S20210222T190000330+0100_E20210222T193000080+0100___00823s__conf0.984.wav,20210222T190000,823
Cernic__S20210222T190000330+0100_E20210222T193000080+0100___00930s__conf0.556.wav,20210222T190000,930
Cernic__S20210222T190000330+0100_E20210222T193000080+0100___00970s__conf0.965.wav,20210222T190000,970
Cernic__S20210222T190000330+0100_E20210222T193000080+0100___00971s__conf0.994.wav,20210222T190000,971
Cernic__S20210222T190000330+0100_E20210222T193000080+0100___00996s__conf0.515.wav,20210222T190000,996
Cernic__S20210222T190000330+0100_E20210222T193000080+0100___01046s__conf0.564.wav,20210222T190000,1046
Cernic__S20210222T190000330+0100_E20210222T193000080+0100___01212s__conf0.649.wav,20210222T190000,1212
Cernic__S20210222T190000330+0100_E20210222T193000080+0100___01252s__conf0.900.wav,20210222T190000,1252
Cernic__S20210222T190000330+0100_E20210222T193000080+0100___01497s__conf0.997.wav,20210222T190000,1497
Cernic__S20210222T190000330+0100_E20210222T193000080+0100___01536s__conf0.952.wav,20210222T190000,1536
Cernic__S20210222T190000330+0100_E20210222T193000080+0100___01538s__conf0.998.wav,20210222T190000,1538
Cernic__S20210222T190000330+0100_E20210222T193000080+0100___01546s__conf0.959.wav,20210222T190000,1546
Cernic__S20210222T190000330+0100_E20210222T193000080+0100___01547s__conf0.807.wav,20210222T190000,1547
Cernic__S20210222T193003629+0100_E20210222T195959292+0100___00124s__conf0.784.wav,20210222T193003,124
Cernic__S20210222T193003629+0100_E20210222T195959292+0100___00185s__conf0.701.wav,20210222T193003,185
Cernic__S20210222T193003629+0100_E20210222T195959292+0100___00226s__conf0.551.wav,20210222T193003,226
Cernic__S20210222T193003629+0100_E20210222T195959292+0100___00244s__conf0.999.wav,20210222T193003,244
Cernic__S20210222T193003629+0100_E20210222T195959292+0100___00268s__conf0.838.wav,20210222T193003,268
Cernic__S20210223T070006049+0100_E20210223T072955302+0100___00682s__conf0.823.wav,20210223T070006,682
Cernic__S20210223T070006049+0100_E20210223T072955302+0100___00683s__conf0.881.wav,20210223T070006,683
Cernic__S20210223T070006049+0100_E20210223T072955302+0100___00974s__conf0.820.wav,20210223T070006,974
Cernic__S20210223T120000344+0100_E20210223T123000843+0100___00859s__conf0.699.wav,20210223T120000,859
Cernic__S20210223T150000682+0100_E20210223T153000996+0100___01259s__conf0.874.wav,20210223T150000,1259
Cernic__S20210223T182957486+0100_E20210223T185958728+0100___01290s__conf0.696.wav,20210223T182957,1290
Cernic__S20210223T182957486+0100_E20210223T185958728+0100___01357s__conf0.988.wav,20210223T182957,1357
Cernic__S20210223T182957486+0100_E20210223T185958728+0100___01358s__conf0.649.wav,20210223T182957,1358
Cernic__S20210223T182957486+0100_E20210223T185958728+0100___01453s__conf0.936.wav,20210223T182957,1453
Cernic__S20210223T182957486+0100_E20210223T185958728+0100___01454s__conf0.881.wav,20210223T182957,1454
Cernic__S20210223T182957486+0100_E20210223T185958728+0100___01665s__conf0.977.wav,20210223T182957,1665
Cernic__S20210223T182957486+0100_E20210223T185958728+0100___01769s__conf0.758.wav,20210223T182957,1769
Cernic__S20210223T190000145+0100_E20210223T192957835+0100___00020s__conf0.895.wav,20210223T190000,20
Cernic__S20210223T190000145+0100_E20210223T192957835+0100___00094s__conf0.781.wav,20210223T190000,94
Cernic__S20210223T190000145+0100_E20210223T192957835+0100___00108s__conf0.587.wav,20210223T190000,108
Cernic__S20210223T190000145+0100_E20210223T192957835+0100___00238s__conf0.549.wav,20210223T190000,238
Cernic__S20210223T190000145+0100_E20210223T192957835+0100___00260s__conf0.511.wav,20210223T190000,260
Cernic__S20210223T190000145+0100_E20210223T192957835+0100___00261s__conf0.719.wav,20210223T190000,261
Cernic__S20210223T190000145+0100_E20210223T192957835+0100___00332s__conf0.827.wav,20210223T190000,332
Cernic__S20210223T190000145+0100_E20210223T192957835+0100___00453s__conf0.839.wav,20210223T190000,453
Cernic__S20210223T190000145+0100_E20210223T192957835+0100___00510s__conf0.985.wav,20210223T190000,510
Cernic__S20210223T190000145+0100_E20210223T192957835+0100___00701s__conf0.900.wav,20210223T190000,701
Cernic__S20210223T190000145+0100_E20210223T192957835+0100___01741s__conf0.822.wav,20210223T190000,1741
Cernic__S20210223T192959314+0100_E20210223T195958048+0100___00051s__conf0.998.wav,20210223T192959,51
Cernic__S20210223T192959314+0100_E20210223T195958048+0100___00362s__conf0.922.wav,20210223T192959,362
Cernic__S20210223T192959314+0100_E20210223T195958048+0100___00378s__conf0.783.wav,20210223T192959,378
Cernic__S20210223T192959314+0100_E20210223T195958048+0100___00388s__conf0.605.wav,20210223T192959,388
Cernic__S20210223T192959314+0100_E20210223T195958048+0100___00393s__conf0.808.wav,20210223T192959,393
Cernic__S20210223T192959314+0100_E20210223T195958048+0100___00405s__conf0.982.wav,20210223T192959,405
Cernic__S20210223T192959314+0100_E20210223T195958048+0100___00437s__conf0.819.wav,20210223T192959,437
Cernic__S20210223T192959314+0100_E20210223T195958048+0100___00438s__conf0.614.wav,20210223T192959,438
Cernic__S20210223T192959314+0100_E20210223T195958048+0100___00443s__conf1.000.wav,20210223T192959,443
Cernic__S20210223T192959314+0100_E20210223T195958048+0100___00468s__conf0.753.wav,20210223T192959,468
Cernic__S20210223T192959314+0100_E20210223T195958048+0100___00469s__conf0.975.wav,20210223T192959,469
Cernic__S20210223T192959314+0100_E20210223T195958048+0100___00471s__conf0.979.wav,20210223T192959,471
Cernic__S20210223T192959314+0100_E20210223T195958048+0100___00472s__conf0.974.wav,20210223T192959,472
Cernic__S20210223T192959314+0100_E20210223T195958048+0100___00473s__conf0.965.wav,20210223T192959,473
Cernic__S20210223T192959314+0100_E20210223T195958048+0100___00474s__conf0.736.wav,20210223T192959,474
Cernic__S20210223T192959314+0100_E20210223T195958048+0100___00478s__conf0.994.wav,20210223T192959,478
Cernic__S20210223T192959314+0100_E20210223T195958048+0100___00479s__conf1.000.wav,20210223T192959,479
Cernic__S20210223T192959314+0100_E20210223T195958048+0100___00480s__conf0.801.wav,20210223T192959,480
Cernic__S20210223T192959314+0100_E20210223T195958048+0100___00481s__conf0.996.wav,20210223T192959,481
Cernic__S20210223T192959314+0100_E20210223T195958048+0100___00482s__conf0.953.wav,20210223T192959,482
Cernic__S20210223T192959314+0100_E20210223T195958048+0100___00486s__conf0.966.wav,20210223T192959,486
Cernic__S20210223T192959314+0100_E20210223T195958048+0100___00501s__conf0.997.wav,20210223T192959,501
Cernic__S20210223T192959314+0100_E20210223T195958048+0100___00502s__conf0.991.wav,20210223T192959,502
Cernic__S20210223T192959314+0100_E20210223T195958048+0100___00503s__conf0.977.wav,20210223T192959,503
Cernic__S20210223T192959314+0100_E20210223T195958048+0100___00510s__conf0.790.wav,20210223T192959,510
Cernic__S20210223T192959314+0100_E20210223T195958048+0100___00511s__conf0.872.wav,20210223T192959,511
Cernic__S20210223T192959314+0100_E20210223T195958048+0100___00513s__conf0.960.wav,20210223T192959,513
Cernic__S20210223T192959314+0100_E20210223T195958048+0100___00514s__conf0.816.wav,20210223T192959,514
Cernic__S20210223T192959314+0100_E20210223T195958048+0100___00515s__conf0.896.wav,20210223T192959,515
Cernic__S20210223T192959314+0100_E20210223T195958048+0100___00518s__conf0.995.wav,20210223T192959,518
Cernic__S20210223T192959314+0100_E20210223T195958048+0100___00524s__conf0.506.wav,20210223T192959,524
Cernic__S20210223T192959314+0100_E20210223T195958048+0100___00525s__conf1.000.wav,20210223T192959,525
Cernic__S20210223T192959314+0100_E20210223T195958048+0100___00532s__conf0.980.wav,20210223T192959,532
Cernic__S20210223T192959314+0100_E20210223T195958048+0100___00533s__conf0.999.wav,20210223T192959,533
Cernic__S20210223T192959314+0100_E20210223T195958048+0100___00537s__conf0.820.wav,20210223T192959,537
Cernic__S20210223T192959314+0100_E20210223T195958048+0100___00545s__conf0.960.wav,20210223T192959,545
Cernic__S20210223T192959314+0100_E20210223T195958048+0100___00546s__conf0.990.wav,20210223T192959,546
Cernic__S20210223T192959314+0100_E20210223T195958048+0100___00553s__conf0.617.wav,20210223T192959,553
Cernic__S20210223T192959314+0100_E20210223T195958048+0100___00554s__conf0.956.wav,20210223T192959,554
Cernic__S20210223T192959314+0100_E20210223T195958048+0100___00555s__conf0.998.wav,20210223T192959,555
Cernic__S20210223T192959314+0100_E20210223T195958048+0100___00557s__conf0.991.wav,20210223T192959,557
Cernic__S20210223T192959314+0100_E20210223T195958048+0100___00564s__conf0.764.wav,20210223T192959,564
Cernic__S20210223T192959314+0100_E20210223T195958048+0100___00568s__conf0.965.wav,20210223T192959,568
Cernic__S20210223T192959314+0100_E20210223T195958048+0100___00573s__conf0.961.wav,20210223T192959,573
Cernic__S20210224T012958634+0100_E20210224T015956346+0100___00565s__conf0.638.wav,20210224T012958,565
Cernic__S20210224T012958634+0100_E20210224T015956346+0100___00570s__conf0.570.wav,20210224T012958,570
Cernic__S20210224T012958634+0100_E20210224T015956346+0100___00576s__conf0.991.wav,20210224T012958,576
Cernic__S20210224T012958634+0100_E20210224T015956346+0100___00579s__conf0.980.wav,20210224T012958,579
Cernic__S20210224T012958634+0100_E20210224T015956346+0100___00580s__conf1.000.wav,20210224T012958,580
Cernic__S20210224T012958634+0100_E20210224T015956346+0100___00581s__conf1.000.wav,20210224T012958,581
Cernic__S20210224T012958634+0100_E20210224T015956346+0100___00582s__conf0.877.wav,20210224T012958,582
Cernic__S20210224T012958634+0100_E20210224T015956346+0100___00594s__conf0.995.wav,20210224T012958,594
Cernic__S20210224T012958634+0100_E20210224T015956346+0100___00595s__conf0.995.wav,20210224T012958,595
Cernic__S20210224T012958634+0100_E20210224T015956346+0100___00596s__conf0.990.wav,20210224T012958,596
Cernic__S20210224T012958634+0100_E20210224T015956346+0100___00602s__conf0.648.wav,20210224T012958,602
Cernic__S20210224T012958634+0100_E20210224T015956346+0100___00604s__conf0.965.wav,20210224T012958,604
Cernic__S20210224T012958634+0100_E20210224T015956346+0100___00606s__conf0.970.wav,20210224T012958,606
Cernic__S20210224T012958634+0100_E20210224T015956346+0100___00607s__conf0.781.wav,20210224T012958,607
Cernic__S20210224T012958634+0100_E20210224T015956346+0100___00610s__conf0.965.wav,20210224T012958,610
Cernic__S20210224T012958634+0100_E20210224T015956346+0100___00612s__conf0.933.wav,20210224T012958,612
Cernic__S20210224T012958634+0100_E20210224T015956346+0100___00621s__conf0.994.wav,20210224T012958,621
Cernic__S20210224T045957946+0100_E20210224T053003252+0100___01045s__conf0.810.wav,20210224T045957,1045
Cernic__S20210224T045957946+0100_E20210224T053003252+0100___01046s__conf0.993.wav,20210224T045957,1046
Cernic__S20210224T045957946+0100_E20210224T053003252+0100___01055s__conf0.621.wav,20210224T045957,1055
Cernic__S20210224T045957946+0100_E20210224T053003252+0100___01056s__conf0.527.wav,20210224T045957,1056
Cernic__S20210224T045957946+0100_E20210224T053003252+0100___01057s__conf0.856.wav,20210224T045957,1057
Cernic__S20210224T045957946+0100_E20210224T053003252+0100___01058s__conf0.797.wav,20210224T045957,1058
Cernic__S20210224T070001471+0100_E20210224T072956281+0100___00697s__conf0.835.wav,20210224T070001,697
Cernic__S20210224T070001471+0100_E20210224T072956281+0100___00698s__conf0.996.wav,20210224T070001,698
Cernic__S20210224T070001471+0100_E20210224T072956281+0100___00981s__conf0.630.wav,20210224T070001,981
Cernic__S20210224T072957826+0100_E20210224T075958581+0100___01623s__conf0.779.wav,20210224T072957,1623
Cernic__S20210224T072957826+0100_E20210224T075958581+0100___01624s__conf0.975.wav,20210224T072957,1624
Cernic__S20210224T080000082+0100_E20210224T082957215+0100___00850s__conf0.547.wav,20210224T080000,850
Cernic__S20210224T080000082+0100_E20210224T082957215+0100___00851s__conf0.813.wav,20210224T080000,851
Cernic__S20210224T082958855+0100_E20210224T085953851+0100___00257s__conf0.911.wav,20210224T082958,257
Cernic__S20210224T102959610+0100_E20210224T105956371+0100___00291s__conf0.978.wav,20210224T102959,291
Cernic__S20210224T112959289+0100_E20210224T115957073+0100___00180s__conf0.857.wav,20210224T112959,180
Cernic__S20210224T112959289+0100_E20210224T115957073+0100___00183s__conf0.904.wav,20210224T112959,183
Cernic__S20210224T112959289+0100_E20210224T115957073+0100___00184s__conf0.937.wav,20210224T112959,184
Cernic__S20210224T112959289+0100_E20210224T115957073+0100___00185s__conf0.886.wav,20210224T112959,185
Cernic__S20210224T112959289+0100_E20210224T115957073+0100___00219s__conf0.999.wav,20210224T112959,219
Cernic__S20210224T112959289+0100_E20210224T115957073+0100___00220s__conf1.000.wav,20210224T112959,220
Cernic__S20210224T112959289+0100_E20210224T115957073+0100___00247s__conf0.753.wav,20210224T112959,247
Cernic__S20210224T160001677+0100_E20210224T162958718+0100___00242s__conf0.963.wav,20210224T160001,242
Cernic__S20210224T175957188+0100_E20210224T182952814+0100___00276s__conf0.918.wav,20210224T175957,276
Cernic__S20210224T175957188+0100_E20210224T182952814+0100___00277s__conf0.850.wav,20210224T175957,277
Cernic__S20210224T175957188+0100_E20210224T182952814+0100___00303s__conf0.995.wav,20210224T175957,303
Cernic__S20210224T175957188+0100_E20210224T182952814+0100___01131s__conf0.673.wav,20210224T175957,1131
Cernic__S20210224T212957633+0100_E20210224T215956717+0100___00891s__conf0.654.wav,20210224T212957,891
Cernic__S20210225T092957938+0100_E20210225T095955006+0100___00204s__conf1.000.wav,20210225T092957,204
Cernic__S20210225T092957938+0100_E20210225T095955006+0100___00205s__conf1.000.wav,20210225T092957,205
Cernic__S20210225T092957938+0100_E20210225T095955006+0100___00206s__conf1.000.wav,20210225T092957,206
Cernic__S20210225T092957938+0100_E20210225T095955006+0100___00207s__conf1.000.wav,20210225T092957,207
Cernic__S20210225T092957938+0100_E20210225T095955006+0100___00208s__conf1.000.wav,20210225T092957,208
Cernic__S20210225T092957938+0100_E20210225T095955006+0100___00209s__conf1.000.wav,20210225T092957,209
Cernic__S20210225T092957938+0100_E20210225T095955006+0100___00210s__conf1.000.wav,20210225T092957,210
Cernic__S20210225T092957938+0100_E20210225T095955006+0100___00211s__conf0.927.wav,20210225T092957,211
Cernic__S20210225T092957938+0100_E20210225T095955006+0100___00212s__conf0.983.wav,20210225T092957,212
Cernic__S20210225T092957938+0100_E20210225T095955006+0100___00213s__conf1.000.wav,20210225T092957,213
Cernic__S20210225T092957938+0100_E20210225T095955006+0100___01335s__conf1.000.wav,20210225T092957,1335
Cernic__S20210225T092957938+0100_E20210225T095955006+0100___01336s__conf1.000.wav,20210225T092957,1336
Cernic__S20210225T092957938+0100_E20210225T095955006+0100___01337s__conf0.986.wav,20210225T092957,1337
Cernic__S20210225T092957938+0100_E20210225T095955006+0100___01338s__conf1.000.wav,20210225T092957,1338
Cernic__S20210225T092957938+0100_E20210225T095955006+0100___01339s__conf1.000.wav,20210225T092957,1339
Cernic__S20210225T092957938+0100_E20210225T095955006+0100___01340s__conf1.000.wav,20210225T092957,1340
Cernic__S20210225T092957938+0100_E20210225T095955006+0100___01341s__conf0.999.wav,20210225T092957,1341
Cernic__S20210225T092957938+0100_E20210225T095955006+0100___01343s__conf0.998.wav,20210225T092957,1343
Cernic__S20210225T092957938+0100_E20210225T095955006+0100___01358s__conf1.000.wav,20210225T092957,1358
Cernic__S20210225T092957938+0100_E20210225T095955006+0100___01359s__conf1.000.wav,20210225T092957,1359
Cernic__S20210225T092957938+0100_E20210225T095955006+0100___01360s__conf0.993.wav,20210225T092957,1360
Cernic__S20210225T092957938+0100_E20210225T095955006+0100___01379s__conf0.999.wav,20210225T092957,1379
Cernic__S20210225T092957938+0100_E20210225T095955006+0100___01382s__conf0.629.wav,20210225T092957,1382
Cernic__S20210225T120003476+0100_E20210225T122956272+0100___01395s__conf0.983.wav,20210225T120003,1395
Cernic__S20210225T120003476+0100_E20210225T122956272+0100___01396s__conf1.000.wav,20210225T120003,1396
Cernic__S20210225T120003476+0100_E20210225T122956272+0100___01397s__conf1.000.wav,20210225T120003,1397
Cernic__S20210225T120003476+0100_E20210225T122956272+0100___01398s__conf0.844.wav,20210225T120003,1398
Cernic__S20210225T120003476+0100_E20210225T122956272+0100___01399s__conf0.548.wav,20210225T120003,1399
Cernic__S20210225T120003476+0100_E20210225T122956272+0100___01400s__conf0.941.wav,20210225T120003,1400
Cernic__S20210225T120003476+0100_E20210225T122956272+0100___01402s__conf0.997.wav,20210225T120003,1402
Cernic__S20210225T120003476+0100_E20210225T122956272+0100___01403s__conf0.972.wav,20210225T120003,1403
Cernic__S20210225T120003476+0100_E20210225T122956272+0100___01404s__conf0.702.wav,20210225T120003,1404
Cernic__S20210225T120003476+0100_E20210225T122956272+0100___01422s__conf0.750.wav,20210225T120003,1422
Cernic__S20210225T120003476+0100_E20210225T122956272+0100___01440s__conf1.000.wav,20210225T120003,1440
Cernic__S20210225T120003476+0100_E20210225T122956272+0100___01441s__conf1.000.wav,20210225T120003,1441
Cernic__S20210225T172956271+0100_E20210225T175953433+0100___00585s__conf0.978.wav,20210225T172956,585
Cernic__S20210225T172956271+0100_E20210225T175953433+0100___00586s__conf1.000.wav,20210225T172956,586
Cernic__S20210225T172956271+0100_E20210225T175953433+0100___00775s__conf0.558.wav,20210225T172956,775
Cernic__S20210225T172956271+0100_E20210225T175953433+0100___00776s__conf0.879.wav,20210225T172956,776
Cernic__S20210225T172956271+0100_E20210225T175953433+0100___01113s__conf1.000.wav,20210225T172956,1113
Cernic__S20210225T172956271+0100_E20210225T175953433+0100___01148s__conf0.913.wav,20210225T172956,1148
Cernic__S20210225T182950372+0100_E20210225T185954871+0100___01159s__conf0.948.wav,20210225T182950,1159
Cernic__S20210225T182950372+0100_E20210225T185954871+0100___01166s__conf0.920.wav,20210225T182950,1166
Cernic__S20210225T182950372+0100_E20210225T185954871+0100___01167s__conf0.998.wav,20210225T182950,1167
Cernic__S20210225T182950372+0100_E20210225T185954871+0100___01168s__conf1.000.wav,20210225T182950,1168
Cernic__S20210225T182950372+0100_E20210225T185954871+0100___01172s__conf0.954.wav,20210225T182950,1172
Cernic__S20210225T182950372+0100_E20210225T185954871+0100___01173s__conf0.871.wav,20210225T182950,1173
Cernic__S20210225T182950372+0100_E20210225T185954871+0100___01185s__conf0.674.wav,20210225T182950,1185
Cernic__S20210225T182950372+0100_E20210225T185954871+0100___01673s__conf0.672.wav,20210225T182950,1673
Cernic__S20210225T185956729+0100_E20210225T192953612+0100___00200s__conf0.962.wav,20210225T185956,200
Cernic__S20210225T185956729+0100_E20210225T192953612+0100___00246s__conf0.946.wav,20210225T185956,246
Cernic__S20210225T185956729+0100_E20210225T192953612+0100___00262s__conf0.998.wav,20210225T185956,262
Cernic__S20210225T185956729+0100_E20210225T192953612+0100___00339s__conf0.972.wav,20210225T185956,339
Cernic__S20210225T185956729+0100_E20210225T192953612+0100___00340s__conf0.795.wav,20210225T185956,340
Cernic__S20210225T185956729+0100_E20210225T192953612+0100___00353s__conf0.967.wav,20210225T185956,353
Cernic__S20210225T185956729+0100_E20210225T192953612+0100___00381s__conf0.930.wav,20210225T185956,381
Cernic__S20210225T185956729+0100_E20210225T192953612+0100___00450s__conf0.650.wav,20210225T185956,450
Cernic__S20210225T185956729+0100_E20210225T192953612+0100___00454s__conf0.920.wav,20210225T185956,454
Cernic__S20210225T185956729+0100_E20210225T192953612+0100___00648s__conf0.895.wav,20210225T185956,648
Cernic__S20210225T185956729+0100_E20210225T192953612+0100___00758s__conf0.512.wav,20210225T185956,758
Cernic__S20210225T225950216+0100_E20210225T232948243+0100___00137s__conf0.925.wav,20210225T225950,137
Cernic__S20210225T222951218+0100_E20210225T225948595+0100___00780s__conf0.849.wav,20210225T222951,780
Cernic__S20210225T222951218+0100_E20210225T225948595+0100___00779s__conf0.991.wav,20210225T222951,779
Cernic__S20210225T215950696+0100_E20210225T222949581+0100___00766s__conf0.509.wav,20210225T215950,766
Cernic__S20210225T215950696+0100_E20210225T222949581+0100___00762s__conf0.628.wav,20210225T215950,762
Cernic__S20210225T215950696+0100_E20210225T222949581+0100___00647s__conf0.516.wav,20210225T215950,647
Cernic__S20210225T215950696+0100_E20210225T222949581+0100___00538s__conf0.785.wav,20210225T215950,538
Cernic__S20210225T215950696+0100_E20210225T222949581+0100___00527s__conf0.951.wav,20210225T215950,527
Cernic__S20210225T215950696+0100_E20210225T222949581+0100___00526s__conf0.841.wav,20210225T215950,526
Cernic__S20210225T215950696+0100_E20210225T222949581+0100___00162s__conf0.980.wav,20210225T215950,162
Cernic__S20210225T202949910+0100_E20210225T205949238+0100___01284s__conf0.900.wav,20210225T202949,1284
Cernic__S20210225T202949910+0100_E20210225T205949238+0100___01281s__conf0.929.wav,20210225T202949,1281
Cernic__S20210225T202949910+0100_E20210225T205949238+0100___01280s__conf0.899.wav,20210225T202949,1280
Cernic__S20210225T202949910+0100_E20210225T205949238+0100___01276s__conf0.554.wav,20210225T202949,1276
Cernic__S20210225T202949910+0100_E20210225T205949238+0100___01275s__conf0.834.wav,20210225T202949,1275
Cernic__S20210225T202949910+0100_E20210225T205949238+0100___01273s__conf0.643.wav,20210225T202949,1273
Cernic__S20210225T202949910+0100_E20210225T205949238+0100___01268s__conf0.998.wav,20210225T202949,1268
Cernic__S20210225T202949910+0100_E20210225T205949238+0100___01267s__conf0.922.wav,20210225T202949,1267
Cernic__S20210225T202949910+0100_E20210225T205949238+0100___01266s__conf0.897.wav,20210225T202949,1266
Cernic__S20210225T202949910+0100_E20210225T205949238+0100___01260s__conf0.950.wav,20210225T202949,1260
Cernic__S20210225T202949910+0100_E20210225T205949238+0100___01251s__conf0.735.wav,20210225T202949,1251
Cernic__S20210225T202949910+0100_E20210225T205949238+0100___01227s__conf0.989.wav,20210225T202949,1227
Cernic__S20210225T202949910+0100_E20210225T205949238+0100___01226s__conf0.979.wav,20210225T202949,1226
Cernic__S20210225T202949910+0100_E20210225T205949238+0100___01222s__conf0.789.wav,20210225T202949,1222
Cernic__S20210225T202949910+0100_E20210225T205949238+0100___01217s__conf0.955.wav,20210225T202949,1217
Cernic__S20210225T202949910+0100_E20210225T205949238+0100___01214s__conf0.973.wav,20210225T202949,1214
Cernic__S20210225T202949910+0100_E20210225T205949238+0100___01211s__conf0.590.wav,20210225T202949,1211
Cernic__S20210225T202949910+0100_E20210225T205949238+0100___01210s__conf0.969.wav,20210225T202949,1210
Cernic__S20210225T202949910+0100_E20210225T205949238+0100___01197s__conf0.813.wav,20210225T202949,1197
Cernic__S20210225T202949910+0100_E20210225T205949238+0100___01185s__conf0.725.wav,20210225T202949,1185
Cernic__S20210225T182950256+0100_E20210225T185948284+0100___01371s__conf0.920.wav,20210225T182950,1371
Cernic__S20210225T182950256+0100_E20210225T185948284+0100___01311s__conf0.693.wav,20210225T182950,1311
Cernic__S20210225T182950256+0100_E20210225T185948284+0100___01309s__conf0.993.wav,20210225T182950,1309
Cernic__S20210225T182950256+0100_E20210225T185948284+0100___01308s__conf0.988.wav,20210225T182950,1308
Cernic__S20210225T182950256+0100_E20210225T185948284+0100___01301s__conf0.958.wav,20210225T182950,1301
Cernic__S20210225T182950256+0100_E20210225T185948284+0100___01300s__conf0.835.wav,20210225T182950,1300
Cernic__S20210225T182950256+0100_E20210225T185948284+0100___01299s__conf0.831.wav,20210225T182950,1299
Cernic__S20210225T182950256+0100_E20210225T185948284+0100___01298s__conf0.987.wav,20210225T182950,1298
Cernic__S20210225T182950256+0100_E20210225T185948284+0100___01297s__conf0.860.wav,20210225T182950,1297
Cernic__S20210225T182950256+0100_E20210225T185948284+0100___01296s__conf0.998.wav,20210225T182950,1296
Cernic__S20210225T182950256+0100_E20210225T185948284+0100___01295s__conf0.999.wav,20210225T182950,1295
Cernic__S20210225T182950256+0100_E20210225T185948284+0100___01079s__conf0.687.wav,20210225T182950,1079
Cernic__S20210225T182950256+0100_E20210225T185948284+0100___01078s__conf0.879.wav,20210225T182950,1078
Cernic__S20210225T182950256+0100_E20210225T185948284+0100___01075s__conf0.991.wav,20210225T182950,1075
Cernic__S20210225T182950256+0100_E20210225T185948284+0100___01074s__conf0.997.wav,20210225T182950,1074
Cernic__S20210225T182950256+0100_E20210225T185948284+0100___01072s__conf0.707.wav,20210225T182950,1072
Cernic__S20210225T175950155+0100_E20210225T182949204+0100___00424s__conf0.980.wav,20210225T175950,424
Cernic__S20210225T175950155+0100_E20210225T182949204+0100___00423s__conf0.550.wav,20210225T175950,423
Cernic__S20210225T175950155+0100_E20210225T182949204+0100___00007s__conf0.524.wav,20210225T175950,7
Cernic__S20210225T172951714+0100_E20210225T175949021+0100___00920s__conf0.788.wav,20210225T172951,920
Cernic__S20210225T172951714+0100_E20210225T175949021+0100___00916s__conf0.983.wav,20210225T172951,916
Cernic__S20210225T172951714+0100_E20210225T175949021+0100___00915s__conf1.000.wav,20210225T172951,915
Cernic__S20210225T172951714+0100_E20210225T175949021+0100___00894s__conf0.914.wav,20210225T172951,894
Cernic__S20210225T172951714+0100_E20210225T175949021+0100___00890s__conf0.968.wav,20210225T172951,890
Cernic__S20210225T172951714+0100_E20210225T175949021+0100___00877s__conf0.989.wav,20210225T172951,877
Cernic__S20210225T172951714+0100_E20210225T175949021+0100___00876s__conf0.979.wav,20210225T172951,876
Cernic__S20210225T172951714+0100_E20210225T175949021+0100___00866s__conf0.996.wav,20210225T172951,866
Cernic__S20210225T172951714+0100_E20210225T175949021+0100___00865s__conf0.646.wav,20210225T172951,865
Cernic__S20210225T172951714+0100_E20210225T175949021+0100___00796s__conf0.769.wav,20210225T172951,796
Cernic__S20210225T172951714+0100_E20210225T175949021+0100___00795s__conf0.983.wav,20210225T172951,795
Cernic__S20210225T172951714+0100_E20210225T175949021+0100___00312s__conf0.846.wav,20210225T172951,312
Cernic__S20210225T172951714+0100_E20210225T175949021+0100___00311s__conf0.996.wav,20210225T172951,311
Cernic__S20210225T172951714+0100_E20210225T175949021+0100___00288s__conf0.992.wav,20210225T172951,288
Cernic__S20210225T172951714+0100_E20210225T175949021+0100___00282s__conf0.995.wav,20210225T172951,282
Cernic__S20210225T172951714+0100_E20210225T175949021+0100___00281s__conf1.000.wav,20210225T172951,281
Cernic__S20210225T172951714+0100_E20210225T175949021+0100___00280s__conf1.000.wav,20210225T172951,280
Cernic__S20210225T172951714+0100_E20210225T175949021+0100___00279s__conf0.999.wav,20210225T172951,279
Cernic__S20210225T172951714+0100_E20210225T175949021+0100___00213s__conf0.771.wav,20210225T172951,213
Cernic__S20210225T165950239+0100_E20210225T172949661+0100___01740s__conf0.503.wav,20210225T165950,1740
Cernic__S20210225T155951458+0100_E20210225T162949415+0100___00190s__conf0.663.wav,20210225T155951,190
Cernic__S20210225T122950460+0100_E20210225T125950717+0100___00383s__conf0.996.wav,20210225T122950,383
Cernic__S20210225T122950460+0100_E20210225T125950717+0100___00382s__conf0.984.wav,20210225T122950,382
Cernic__S20210225T115951201+0100_E20210225T122949343+0100___01071s__conf1.000.wav,20210225T115951,1071
Cernic__S20210225T115951201+0100_E20210225T122949343+0100___01070s__conf0.999.wav,20210225T115951,1070
Cernic__S20210225T115951201+0100_E20210225T122949343+0100___01061s__conf0.997.wav,20210225T115951,1061
Cernic__S20210225T115951201+0100_E20210225T122949343+0100___01060s__conf1.000.wav,20210225T115951,1060
Cernic__S20210225T115951201+0100_E20210225T122949343+0100___01059s__conf0.997.wav,20210225T115951,1059
Cernic__S20210225T115951201+0100_E20210225T122949343+0100___01058s__conf1.000.wav,20210225T115951,1058
Cernic__S20210225T115951201+0100_E20210225T122949343+0100___01057s__conf0.999.wav,20210225T115951,1057
Cernic__S20210225T062952575+0100_E20210225T065949601+0100___01305s__conf0.627.wav,20210225T062952,1305
Cernic__S20210225T052953166+0100_E20210225T055950171+0100___01239s__conf0.996.wav,20210225T052953,1239
Cernic__S20210225T052953166+0100_E20210225T055950171+0100___01238s__conf0.990.wav,20210225T052953,1238
Cernic__S20210225T052953166+0100_E20210225T055950171+0100___01214s__conf0.984.wav,20210225T052953,1214
Cernic__S20210225T052953166+0100_E20210225T055950171+0100___01213s__conf0.868.wav,20210225T052953,1213
Cernic__S20210225T052953166+0100_E20210225T055950171+0100___01199s__conf0.867.wav,20210225T052953,1199
Cernic__S20210225T052953166+0100_E20210225T055950171+0100___01173s__conf0.994.wav,20210225T052953,1173
Cernic__S20210225T052953166+0100_E20210225T055950171+0100___01172s__conf0.997.wav,20210225T052953,1172
Cernic__S20210225T052953166+0100_E20210225T055950171+0100___01160s__conf0.826.wav,20210225T052953,1160
Cernic__S20210225T052953166+0100_E20210225T055950171+0100___01159s__conf0.970.wav,20210225T052953,1159
Cernic__S20210225T052953166+0100_E20210225T055950171+0100___01158s__conf1.000.wav,20210225T052953,1158
Cernic__S20210225T052953166+0100_E20210225T055950171+0100___01157s__conf1.000.wav,20210225T052953,1157
Cernic__S20210225T025952835+0100_E20210225T032950141+0100___00781s__conf0.571.wav,20210225T025952,781
Cernic__S20210225T025952835+0100_E20210225T032950141+0100___00739s__conf0.759.wav,20210225T025952,739
Cernic__S20210225T025952835+0100_E20210225T032950141+0100___00672s__conf0.830.wav,20210225T025952,672
Cernic__S20210225T015951917+0100_E20210225T022950430+0100___01114s__conf0.915.wav,20210225T015951,1114
Cernic__S20210225T015951917+0100_E20210225T022950430+0100___00938s__conf0.804.wav,20210225T015951,938
Cernic__S20210225T015951917+0100_E20210225T022950430+0100___00597s__conf0.668.wav,20210225T015951,597
Cernic__S20210225T015951917+0100_E20210225T022950430+0100___00567s__conf0.714.wav,20210225T015951,567
Cernic__S20210225T015951917+0100_E20210225T022950430+0100___00125s__conf0.526.wav,20210225T015951,125
Cernic__S20210224T185952468+0100_E20210224T192950518+0100___00415s__conf0.642.wav,20210224T185952,415
Cernic__S20210224T185952468+0100_E20210224T192950518+0100___00414s__conf0.626.wav,20210224T185952,414
Cernic__S20210224T162952720+0100_E20210224T165951142+0100___01647s__conf0.531.wav,20210224T162952,1647
Cernic__S20210224T162952720+0100_E20210224T165951142+0100___01643s__conf0.995.wav,20210224T162952,1643
Cernic__S20210224T162952720+0100_E20210224T165951142+0100___01642s__conf0.998.wav,20210224T162952,1642
Cernic__S20210224T162952720+0100_E20210224T165951142+0100___01641s__conf0.950.wav,20210224T162952,1641
Cernic__S20210224T162952720+0100_E20210224T165951142+0100___00673s__conf0.994.wav,20210224T162952,673
Cernic__S20210224T162952720+0100_E20210224T165951142+0100___00672s__conf0.997.wav,20210224T162952,672
Cernic__S20210224T162952720+0100_E20210224T165951142+0100___00640s__conf0.974.wav,20210224T162952,640
Cernic__S20210224T162952720+0100_E20210224T165951142+0100___00639s__conf1.000.wav,20210224T162952,639
Cernic__S20210224T162952720+0100_E20210224T165951142+0100___00638s__conf1.000.wav,20210224T162952,638
Cernic__S20210224T162952720+0100_E20210224T165951142+0100___00631s__conf0.661.wav,20210224T162952,631
Cernic__S20210224T162952720+0100_E20210224T165951142+0100___00629s__conf0.953.wav,20210224T162952,629
Cernic__S20210224T162952720+0100_E20210224T165951142+0100___00628s__conf0.999.wav,20210224T162952,628
Cernic__S20210224T162952720+0100_E20210224T165951142+0100___00615s__conf0.904.wav,20210224T162952,615
Cernic__S20210224T162952720+0100_E20210224T165951142+0100___00614s__conf1.000.wav,20210224T162952,614
Cernic__S20210224T162952720+0100_E20210224T165951142+0100___00613s__conf0.999.wav,20210224T162952,613
Cernic__S20210224T142955895+0100_E20210224T145951503+0100___00446s__conf0.855.wav,20210224T142955,446
Cernic__S20210224T135954921+0100_E20210224T142951158+0100___01049s__conf0.529.wav,20210224T135954,1049
Cernic__S20210224T132953930+0100_E20210224T135951166+0100___01148s__conf0.847.wav,20210224T132953,1148
Cernic__S20210224T132953930+0100_E20210224T135951166+0100___01147s__conf0.520.wav,20210224T132953,1147
Cernic__S20210224T125953457+0100_E20210224T132951693+0100___00640s__conf0.912.wav,20210224T125953,640
Cernic__S20210224T125953457+0100_E20210224T132951693+0100___00639s__conf0.911.wav,20210224T125953,639
Cernic__S20210224T125953457+0100_E20210224T132951693+0100___00262s__conf0.962.wav,20210224T125953,262
Cernic__S20210224T112954107+0100_E20210224T115951529+0100___01651s__conf0.740.wav,20210224T112954,1651
Cernic__S20210224T082954386+0100_E20210224T085951528+0100___01530s__conf0.803.wav,20210224T082954,1530
Cernic__S20210224T082954386+0100_E20210224T085951528+0100___01529s__conf0.970.wav,20210224T082954,1529
Cernic__S20210224T082954386+0100_E20210224T085951528+0100___01504s__conf0.998.wav,20210224T082954,1504
Cernic__S20210224T082954386+0100_E20210224T085951528+0100___01503s__conf1.000.wav,20210224T082954,1503
Cernic__S20210224T082954386+0100_E20210224T085951528+0100___01474s__conf1.000.wav,20210224T082954,1474
Cernic__S20210224T082954386+0100_E20210224T085951528+0100___01473s__conf1.000.wav,20210224T082954,1473
Cernic__S20210224T082954386+0100_E20210224T085951528+0100___01472s__conf0.999.wav,20210224T082954,1472
Cernic__S20210224T082954386+0100_E20210224T085951528+0100___01471s__conf1.000.wav,20210224T082954,1471
Cernic__S20210224T082954386+0100_E20210224T085951528+0100___01456s__conf0.534.wav,20210224T082954,1456
Cernic__S20210224T082954386+0100_E20210224T085951528+0100___01455s__conf0.991.wav,20210224T082954,1455
Cernic__S20210224T082954386+0100_E20210224T085951528+0100___01454s__conf0.999.wav,20210224T082954,1454
Cernic__S20210224T082954386+0100_E20210224T085951528+0100___01453s__conf0.999.wav,20210224T082954,1453
Cernic__S20210224T082954386+0100_E20210224T085951528+0100___01452s__conf0.999.wav,20210224T082954,1452
Cernic__S20210224T055956597+0100_E20210224T062951924+0100___00013s__conf0.934.wav,20210224T055956,13
Cernic__S20210224T055956597+0100_E20210224T062951924+0100___00012s__conf0.988.wav,20210224T055956,12
Cernic__S20210224T052953688+0100_E20210224T055951923+0100___01587s__conf0.999.wav,20210224T052953,1587
Cernic__S20210224T052953688+0100_E20210224T055951923+0100___01560s__conf0.950.wav,20210224T052953,1560
Cernic__S20210224T052953688+0100_E20210224T055951923+0100___01559s__conf0.991.wav,20210224T052953,1559
Cernic__S20210224T052953688+0100_E20210224T055951923+0100___01558s__conf0.963.wav,20210224T052953,1558
Cernic__S20210224T052953688+0100_E20210224T055951923+0100___01557s__conf0.995.wav,20210224T052953,1557
Cernic__S20210224T052953688+0100_E20210224T055951923+0100___01556s__conf0.999.wav,20210224T052953,1556
Cernic__S20210224T052953688+0100_E20210224T055951923+0100___01555s__conf0.945.wav,20210224T052953,1555
Cernic__S20210223T195955489+0100_E20210223T202952724+0100___01138s__conf0.983.wav,20210223T195955,1138
Cernic__S20210223T185957579+0100_E20210223T192952908+0100___00093s__conf0.955.wav,20210223T185957,93
Cernic__S20210223T175957670+0100_E20210223T182952720+0100___01119s__conf0.948.wav,20210223T175957,1119
Cernic__S20210223T175957670+0100_E20210223T182952720+0100___01118s__conf0.839.wav,20210223T175957,1118
Cernic__S20210223T175957670+0100_E20210223T182952720+0100___01097s__conf0.999.wav,20210223T175957,1097
Cernic__S20210223T175957670+0100_E20210223T182952720+0100___01096s__conf1.000.wav,20210223T175957,1096
Cernic__S20210223T175957670+0100_E20210223T182952720+0100___01095s__conf0.968.wav,20210223T175957,1095
Cernic__S20210223T175957670+0100_E20210223T182952720+0100___01075s__conf0.944.wav,20210223T175957,1075
Cernic__S20210223T175957670+0100_E20210223T182952720+0100___01072s__conf0.516.wav,20210223T175957,1072
Cernic__S20210223T175957670+0100_E20210223T182952720+0100___01071s__conf1.000.wav,20210223T175957,1071
Cernic__S20210223T175957670+0100_E20210223T182952720+0100___01070s__conf1.000.wav,20210223T175957,1070
Cernic__S20210223T175957670+0100_E20210223T182952720+0100___01069s__conf1.000.wav,20210223T175957,1069
Cernic__S20210223T175957670+0100_E20210223T182952720+0100___01068s__conf0.999.wav,20210223T175957,1068
Cernic__S20210223T175957670+0100_E20210223T182952720+0100___01067s__conf1.000.wav,20210223T175957,1067
Cernic__S20210223T175957670+0100_E20210223T182952720+0100___01066s__conf1.000.wav,20210223T175957,1066
Cernic__S20210223T175957670+0100_E20210223T182952720+0100___01065s__conf1.000.wav,20210223T175957,1065
Cernic__S20210223T175957670+0100_E20210223T182952720+0100___01064s__conf1.000.wav,20210223T175957,1064
Cernic__S20210223T175957670+0100_E20210223T182952720+0100___01063s__conf1.000.wav,20210223T175957,1063
Cernic__S20210223T175957670+0100_E20210223T182952720+0100___01062s__conf1.000.wav,20210223T175957,1062
Cernic__S20210223T162955808+0100_E20210223T165953137+0100___01350s__conf0.805.wav,20210223T162955,1350
Cernic__S20210223T162955808+0100_E20210223T165953137+0100___01333s__conf1.000.wav,20210223T162955,1333
Cernic__S20210223T162955808+0100_E20210223T165953137+0100___01332s__conf1.000.wav,20210223T162955,1332
Cernic__S20210223T162955808+0100_E20210223T165953137+0100___01315s__conf1.000.wav,20210223T162955,1315
Cernic__S20210223T162955808+0100_E20210223T165953137+0100___01314s__conf1.000.wav,20210223T162955,1314
Cernic__S20210223T162955808+0100_E20210223T165953137+0100___01304s__conf0.999.wav,20210223T162955,1304
Cernic__S20210223T162955808+0100_E20210223T165953137+0100___01303s__conf0.995.wav,20210223T162955,1303
Cernic__S20210223T162955808+0100_E20210223T165953137+0100___01291s__conf0.939.wav,20210223T162955,1291
Cernic__S20210223T162955808+0100_E20210223T165953137+0100___01290s__conf0.993.wav,20210223T162955,1290
Cernic__S20210223T162955808+0100_E20210223T165953137+0100___01289s__conf1.000.wav,20210223T162955,1289
Cernic__S20210223T162955808+0100_E20210223T165953137+0100___01288s__conf0.997.wav,20210223T162955,1288
Cernic__S20210223T162955808+0100_E20210223T165953137+0100___01276s__conf0.896.wav,20210223T162955,1276
Cernic__S20210223T162955808+0100_E20210223T165953137+0100___01275s__conf0.995.wav,20210223T162955,1275
Cernic__S20210223T162955808+0100_E20210223T165953137+0100___01274s__conf0.998.wav,20210223T162955,1274
Cernic__S20210223T162955808+0100_E20210223T165953137+0100___01270s__conf0.930.wav,20210223T162955,1270
Cernic__S20210223T162955808+0100_E20210223T165953137+0100___01268s__conf0.682.wav,20210223T162955,1268
Cernic__S20210223T162955808+0100_E20210223T165953137+0100___01267s__conf0.991.wav,20210223T162955,1267
Cernic__S20210223T162955808+0100_E20210223T165953137+0100___01266s__conf0.965.wav,20210223T162955,1266
Cernic__S20210223T162955808+0100_E20210223T165953137+0100___01265s__conf0.894.wav,20210223T162955,1265
Cernic__S20210223T162955808+0100_E20210223T165953137+0100___01262s__conf0.995.wav,20210223T162955,1262
Cernic__S20210223T162955808+0100_E20210223T165953137+0100___01261s__conf1.000.wav,20210223T162955,1261
Cernic__S20210223T162955808+0100_E20210223T165953137+0100___01260s__conf0.934.wav,20210223T162955,1260
Cernic__S20210223T052956789+0100_E20210223T055954302+0100___01571s__conf0.961.wav,20210223T052956,1571
Cernic__S20210223T052956789+0100_E20210223T055954302+0100___01290s__conf0.999.wav,20210223T052956,1290
Cernic__S20210223T052956789+0100_E20210223T055954302+0100___01289s__conf0.997.wav,20210223T052956,1289
Cernic__S20210223T052956789+0100_E20210223T055954302+0100___01244s__conf0.616.wav,20210223T052956,1244
Cernic__S20210223T052956789+0100_E20210223T055954302+0100___01243s__conf0.996.wav,20210223T052956,1243
Cernic__S20210223T052956789+0100_E20210223T055954302+0100___01242s__conf0.970.wav,20210223T052956,1242
Cernic__S20210223T052956789+0100_E20210223T055954302+0100___01231s__conf0.984.wav,20210223T052956,1231
Cernic__S20210223T052956789+0100_E20210223T055954302+0100___01230s__conf0.986.wav,20210223T052956,1230
Cernic__S20210223T052956789+0100_E20210223T055954302+0100___01228s__conf0.866.wav,20210223T052956,1228
Cernic__S20210223T052956789+0100_E20210223T055954302+0100___01227s__conf0.888.wav,20210223T052956,1227
Cernic__S20210222T182959772+0100_E20210222T185954821+0100___01782s__conf0.993.wav,20210222T182959,1782
Cernic__S20210222T165957905+0100_E20210222T172954954+0100___01784s__conf0.516.wav,20210222T165957,1784
Cernic__S20210222T165957905+0100_E20210222T172954954+0100___01783s__conf1.000.wav,20210222T165957,1783
Cernic__S20210222T165957905+0100_E20210222T172954954+0100___01782s__conf1.000.wav,20210222T165957,1782
Cernic__S20210222T165957905+0100_E20210222T172954954+0100___01781s__conf1.000.wav,20210222T165957,1781
Cernic__S20210222T165957905+0100_E20210222T172954954+0100___01764s__conf1.000.wav,20210222T165957,1764
Cernic__S20210222T165957905+0100_E20210222T172954954+0100___01763s__conf1.000.wav,20210222T165957,1763
Cernic__S20210222T165957905+0100_E20210222T172954954+0100___01762s__conf1.000.wav,20210222T165957,1762
Cernic__S20210222T165957905+0100_E20210222T172954954+0100___01761s__conf1.000.wav,20210222T165957,1761
Cernic__S20210222T165957905+0100_E20210222T172954954+0100___01745s__conf1.000.wav,20210222T165957,1745
Cernic__S20210222T165957905+0100_E20210222T172954954+0100___01744s__conf0.997.wav,20210222T165957,1744
Cernic__S20210222T165957905+0100_E20210222T172954954+0100___01720s__conf0.822.wav,20210222T165957,1720
Cernic__S20210222T165957905+0100_E20210222T172954954+0100___01719s__conf0.929.wav,20210222T165957,1719
Cernic__S20210222T165957905+0100_E20210222T172954954+0100___01712s__conf0.557.wav,20210222T165957,1712
Cernic__S20210222T165957905+0100_E20210222T172954954+0100___01711s__conf1.000.wav,20210222T165957,1711
Cernic__S20210222T165957905+0100_E20210222T172954954+0100___01710s__conf1.000.wav,20210222T165957,1710
Cernic__S20210222T165957905+0100_E20210222T172954954+0100___01708s__conf0.639.wav,20210222T165957,1708
Cernic__S20210222T165957905+0100_E20210222T172954954+0100___01707s__conf0.994.wav,20210222T165957,1707
Cernic__S20210222T165957905+0100_E20210222T172954954+0100___01704s__conf0.999.wav,20210222T165957,1704
Cernic__S20210222T165957905+0100_E20210222T172954954+0100___01703s__conf0.993.wav,20210222T165957,1703
Cernic__S20210222T165957905+0100_E20210222T172954954+0100___01700s__conf1.000.wav,20210222T165957,1700
Cernic__S20210222T165957905+0100_E20210222T172954954+0100___01699s__conf1.000.wav,20210222T165957,1699
Cernic__S20210222T165957905+0100_E20210222T172954954+0100___01698s__conf1.000.wav,20210222T165957,1698
Cernic__S20210222T165957905+0100_E20210222T172954954+0100___01697s__conf1.000.wav,20210222T165957,1697
Cernic__S20210222T165957905+0100_E20210222T172954954+0100___01696s__conf0.938.wav,20210222T165957,1696
Cernic__S20210222T165957905+0100_E20210222T172954954+0100___01676s__conf0.998.wav,20210222T165957,1676
Cernic__S20210222T165957905+0100_E20210222T172954954+0100___01675s__conf0.999.wav,20210222T165957,1675
Cernic__S20210222T165957905+0100_E20210222T172954954+0100___01674s__conf1.000.wav,20210222T165957,1674
Cernic__S20210222T165957905+0100_E20210222T172954954+0100___01673s__conf0.999.wav,20210222T165957,1673
Cernic__S20210222T165957905+0100_E20210222T172954954+0100___01654s__conf0.999.wav,20210222T165957,1654
Cernic__S20210222T165957905+0100_E20210222T172954954+0100___01653s__conf0.980.wav,20210222T165957,1653
Cernic__S20210222T165957905+0100_E20210222T172954954+0100___01652s__conf0.778.wav,20210222T165957,1652
Cernic__S20210222T165957905+0100_E20210222T172954954+0100___01651s__conf0.987.wav,20210222T165957,1651
Cernic__S20210222T165957905+0100_E20210222T172954954+0100___01636s__conf0.532.wav,20210222T165957,1636
Cernic__S20210222T165957905+0100_E20210222T172954954+0100___01627s__conf0.992.wav,20210222T165957,1627
Cernic__S20210222T165957905+0100_E20210222T172954954+0100___01626s__conf0.999.wav,20210222T165957,1626
Cernic__S20210222T165957905+0100_E20210222T172954954+0100___01624s__conf0.999.wav,20210222T165957,1624
Cernic__S20210222T165957905+0100_E20210222T172954954+0100___01623s__conf0.999.wav,20210222T165957,1623
Cernic__S20210222T165957905+0100_E20210222T172954954+0100___01622s__conf0.999.wav,20210222T165957,1622
Cernic__S20210222T165957905+0100_E20210222T172954954+0100___01621s__conf0.951.wav,20210222T165957,1621
Cernic__S20210222T165957905+0100_E20210222T172954954+0100___01620s__conf0.605.wav,20210222T165957,1620
Cernic__S20210222T162958950+0100_E20210222T165955093+0100___00835s__conf0.945.wav,20210222T162958,835
Cernic__S20210222T162958950+0100_E20210222T165955093+0100___00834s__conf0.886.wav,20210222T162958,834
Cernic__S20210222T162958950+0100_E20210222T165955093+0100___00800s__conf0.981.wav,20210222T162958,800
Cernic__S20210222T162958950+0100_E20210222T165955093+0100___00799s__conf0.973.wav,20210222T162958,799
Cernic__S20210222T162958950+0100_E20210222T165955093+0100___00731s__conf0.865.wav,20210222T162958,731
Cernic__S20210222T132958220+0100_E20210222T135955269+0100___01688s__conf0.637.wav,20210222T132958,1688
Cernic__S20210222T130000270+0100_E20210222T132955320+0100___00855s__conf0.866.wav,20210222T130000,855
Cernic__S20210222T130000270+0100_E20210222T132955320+0100___00836s__conf0.918.wav,20210222T130000,836
Cernic__S20210222T120000353+0100_E20210222T122955402+0100___00196s__conf0.880.wav,20210222T120000,196
Cernic__S20210222T112959400+0100_E20210222T115955449+0100___01112s__conf1.000.wav,20210222T112959,1112
Cernic__S20210222T112959400+0100_E20210222T115955449+0100___01111s__conf1.000.wav,20210222T112959,1111
Cernic__S20210222T112959400+0100_E20210222T115955449+0100___01110s__conf1.000.wav,20210222T112959,1110
Cernic__S20210222T112959400+0100_E20210222T115955449+0100___01099s__conf0.994.wav,20210222T112959,1099
Cernic__S20210222T112959400+0100_E20210222T115955449+0100___01098s__conf0.967.wav,20210222T112959,1098
Cernic__S20210222T112959400+0100_E20210222T115955449+0100___01087s__conf0.921.wav,20210222T112959,1087
Cernic__S20210222T112959400+0100_E20210222T115955449+0100___01086s__conf0.956.wav,20210222T112959,1086
Cernic__S20210222T112959400+0100_E20210222T115955449+0100___01085s__conf0.999.wav,20210222T112959,1085
Cernic__S20210222T112959400+0100_E20210222T115955449+0100___01084s__conf0.998.wav,20210222T112959,1084
Cernic__S20210222T112959400+0100_E20210222T115955449+0100___01078s__conf0.641.wav,20210222T112959,1078
Cernic__S20210222T112959400+0100_E20210222T115955449+0100___01077s__conf0.531.wav,20210222T112959,1077
Cernic__S20210222T112959400+0100_E20210222T115955449+0100___01074s__conf0.930.wav,20210222T112959,1074
Cernic__S20210222T112959400+0100_E20210222T115955449+0100___01073s__conf0.988.wav,20210222T112959,1073
Cernic__S20210222T112959400+0100_E20210222T115955449+0100___01072s__conf0.922.wav,20210222T112959,1072
Cernic__S20210222T112959400+0100_E20210222T115955449+0100___01070s__conf1.000.wav,20210222T112959,1070
Cernic__S20210222T092959570+0100_E20210222T095955619+0100___01106s__conf0.869.wav,20210222T092959,1106
Cernic__S20210222T092959570+0100_E20210222T095955619+0100___01090s__conf0.956.wav,20210222T092959,1090
Cernic__S20210222T092959570+0100_E20210222T095955619+0100___01089s__conf0.677.wav,20210222T092959,1089
Cernic__S20210222T092959570+0100_E20210222T095955619+0100___01061s__conf1.000.wav,20210222T092959,1061
Cernic__S20210222T092959570+0100_E20210222T095955619+0100___01060s__conf0.984.wav,20210222T092959,1060
Cernic__S20210222T092959570+0100_E20210222T095955619+0100___01059s__conf1.000.wav,20210222T092959,1059
Cernic__S20210222T092959570+0100_E20210222T095955619+0100___01045s__conf0.965.wav,20210222T092959,1045
Cernic__S20210222T092959570+0100_E20210222T095955619+0100___01042s__conf0.886.wav,20210222T092959,1042
Cernic__S20210222T092959570+0100_E20210222T095955619+0100___01041s__conf0.686.wav,20210222T092959,1041
Cernic__S20210222T092959570+0100_E20210222T095955619+0100___01039s__conf1.000.wav,20210222T092959,1039
Cernic__S20210222T092959570+0100_E20210222T095955619+0100___01038s__conf0.999.wav,20210222T092959,1038
Cernic__S20210222T092959570+0100_E20210222T095955619+0100___01037s__conf1.000.wav,20210222T092959,1037
Cernic__S20210222T092959570+0100_E20210222T095955619+0100___01036s__conf1.000.wav,20210222T092959,1036
Cernic__S20210222T092959570+0100_E20210222T095955619+0100___01035s__conf1.000.wav,20210222T092959,1035
Cernic__S20210222T092955XXX+0100_E20210222T092955XXX+0100_+000.0000+000.0000__00083s__conf0.961.wav,20210222T092955,83
Cernic__S20210222T092955XXX+0100_E20210222T092955XXX+0100_+000.0000+000.0000__00082s__conf1.000.wav,20210222T092955,82
Cernic__S20210222T092955XXX+0100_E20210222T092955XXX+0100_+000.0000+000.0000__00011s__conf0.981.wav,20210222T092955,11
Cernic__S20210222T085959616+0100_E20210222T092955665+0100___01576s__conf0.975.wav,20210222T085959,1576
Cernic__S20210222T074833121+0100_E20210222T080014450+0100___00038s__conf0.511.wav,20210222T074833,38
Cernic__S20210222T074833121+0100_E20210222T080014450+0100___00064s__conf0.735.wav,20210222T074833,64
Cernic__S20210222T074833121+0100_E20210222T080014450+0100___00067s__conf0.925.wav,20210222T074833,67
Cernic__S20210222T090018679+0100_E20210222T093014727+0100___00736s__conf1.000.wav,20210222T090018,736
Cernic__S20210222T090018679+0100_E20210222T093014727+0100___00737s__conf1.000.wav,20210222T090018,737
Cernic__S20210222T110019441+0100_E20210222T113014489+0100___00788s__conf0.976.wav,20210222T110019,788
Cernic__S20210222T110019441+0100_E20210222T113014489+0100___00789s__conf0.707.wav,20210222T110019,789
Cernic__S20210222T120019376+0100_E20210222T123014517+0100___00587s__conf0.980.wav,20210222T120019,587
Cernic__S20210222T120019376+0100_E20210222T123014517+0100___00591s__conf1.000.wav,20210222T120019,591
Cernic__S20210222T120019376+0100_E20210222T123014517+0100___00592s__conf1.000.wav,20210222T120019,592
Cernic__S20210222T120019376+0100_E20210222T123014517+0100___00593s__conf1.000.wav,20210222T120019,593
Cernic__S20210222T120019376+0100_E20210222T123014517+0100___00594s__conf1.000.wav,20210222T120019,594
Cernic__S20210222T120019376+0100_E20210222T123014517+0100___00595s__conf1.000.wav,20210222T120019,595
Cernic__S20210222T120019376+0100_E20210222T123014517+0100___00596s__conf0.999.wav,20210222T120019,596
Cernic__S20210222T120019376+0100_E20210222T123014517+0100___00597s__conf0.995.wav,20210222T120019,597
Cernic__S20210222T120019376+0100_E20210222T123014517+0100___00598s__conf1.000.wav,20210222T120019,598
Cernic__S20210222T120019376+0100_E20210222T123014517+0100___00599s__conf0.980.wav,20210222T120019,599
Cernic__S20210222T120019376+0100_E20210222T123014517+0100___00600s__conf1.000.wav,20210222T120019,600
Cernic__S20210222T120019376+0100_E20210222T123014517+0100___00601s__conf0.994.wav,20210222T120019,601
Cernic__S20210222T120019376+0100_E20210222T123014517+0100___00602s__conf0.995.wav,20210222T120019,602
Cernic__S20210222T120019376+0100_E20210222T123014517+0100___00603s__conf0.969.wav,20210222T120019,603
Cernic__S20210222T120019376+0100_E20210222T123014517+0100___00604s__conf1.000.wav,20210222T120019,604
Cernic__S20210222T120019376+0100_E20210222T123014517+0100___00609s__conf1.000.wav,20210222T120019,609
Cernic__S20210222T120019376+0100_E20210222T123014517+0100___00610s__conf1.000.wav,20210222T120019,610
Cernic__S20210222T120019376+0100_E20210222T123014517+0100___00611s__conf1.000.wav,20210222T120019,611
Cernic__S20210222T120019376+0100_E20210222T123014517+0100___00618s__conf0.985.wav,20210222T120019,618
Cernic__S20210222T120019376+0100_E20210222T123014517+0100___00619s__conf1.000.wav,20210222T120019,619
Cernic__S20210222T120019376+0100_E20210222T123014517+0100___00620s__conf1.000.wav,20210222T120019,620
Cernic__S20210222T120019376+0100_E20210222T123014517+0100___00628s__conf0.995.wav,20210222T120019,628
Cernic__S20210222T120019376+0100_E20210222T123014517+0100___00629s__conf1.000.wav,20210222T120019,629
Cernic__S20210222T120019376+0100_E20210222T123014517+0100___00630s__conf1.000.wav,20210222T120019,630
Cernic__S20210222T120019376+0100_E20210222T123014517+0100___00631s__conf1.000.wav,20210222T120019,631
Cernic__S20210222T120019376+0100_E20210222T123014517+0100___00635s__conf1.000.wav,20210222T120019,635
Cernic__S20210222T120019376+0100_E20210222T123014517+0100___00636s__conf1.000.wav,20210222T120019,636
Cernic__S20210222T120019376+0100_E20210222T123014517+0100___00637s__conf1.000.wav,20210222T120019,637
Cernic__S20210222T120019376+0100_E20210222T123014517+0100___00638s__conf1.000.wav,20210222T120019,638
Cernic__S20210222T120019376+0100_E20210222T123014517+0100___00639s__conf1.000.wav,20210222T120019,639
Cernic__S20210222T120019376+0100_E20210222T123014517+0100___00653s__conf1.000.wav,20210222T120019,653
Cernic__S20210222T120019376+0100_E20210222T123014517+0100___00654s__conf1.000.wav,20210222T120019,654
Cernic__S20210222T120019376+0100_E20210222T123014517+0100___00655s__conf1.000.wav,20210222T120019,655
Cernic__S20210222T120019376+0100_E20210222T123014517+0100___00656s__conf1.000.wav,20210222T120019,656
Cernic__S20210222T120019376+0100_E20210222T123014517+0100___00657s__conf0.999.wav,20210222T120019,657
Cernic__S20210222T120019376+0100_E20210222T123014517+0100___00667s__conf0.996.wav,20210222T120019,667
Cernic__S20210222T120019376+0100_E20210222T123014517+0100___00668s__conf1.000.wav,20210222T120019,668
Cernic__S20210222T120019376+0100_E20210222T123014517+0100___00669s__conf1.000.wav,20210222T120019,669
Cernic__S20210222T120019376+0100_E20210222T123014517+0100___00670s__conf1.000.wav,20210222T120019,670
Cernic__S20210222T120019376+0100_E20210222T123014517+0100___00671s__conf1.000.wav,20210222T120019,671
Cernic__S20210222T120019376+0100_E20210222T123014517+0100___00685s__conf0.997.wav,20210222T120019,685
Cernic__S20210222T120019376+0100_E20210222T123014517+0100___00686s__conf0.996.wav,20210222T120019,686
Cernic__S20210222T120019376+0100_E20210222T123014517+0100___00687s__conf1.000.wav,20210222T120019,687
Cernic__S20210222T120019376+0100_E20210222T123014517+0100___00688s__conf1.000.wav,20210222T120019,688
Cernic__S20210222T120019376+0100_E20210222T123014517+0100___00689s__conf1.000.wav,20210222T120019,689
Cernic__S20210222T120019376+0100_E20210222T123014517+0100___00690s__conf0.769.wav,20210222T120019,690
Cernic__S20210222T120019376+0100_E20210222T123014517+0100___00700s__conf1.000.wav,20210222T120019,700
Cernic__S20210222T120019376+0100_E20210222T123014517+0100___00701s__conf1.000.wav,20210222T120019,701
Cernic__S20210222T120019376+0100_E20210222T123014517+0100___00702s__conf0.999.wav,20210222T120019,702
Cernic__S20210222T120019376+0100_E20210222T123014517+0100___00716s__conf0.912.wav,20210222T120019,716
Cernic__S20210222T120019376+0100_E20210222T123014517+0100___00938s__conf0.932.wav,20210222T120019,938
Cernic__S20210222T120019376+0100_E20210222T123014517+0100___00939s__conf0.991.wav,20210222T120019,939
Cernic__S20210222T120019376+0100_E20210222T123014517+0100___01006s__conf0.997.wav,20210222T120019,1006
Cernic__S20210222T120019376+0100_E20210222T123014517+0100___01051s__conf0.979.wav,20210222T120019,1051
Cernic__S20210222T120019376+0100_E20210222T123014517+0100___01052s__conf0.905.wav,20210222T120019,1052
Cernic__S20210222T120019376+0100_E20210222T123014517+0100___01073s__conf0.986.wav,20210222T120019,1073
Cernic__S20210222T123019257+0100_E20210222T130014305+0100___01171s__conf0.642.wav,20210222T123019,1171
Cernic__S20210222T130017199+0100_E20210222T133014340+0100___00658s__conf0.995.wav,20210222T130017,658
Cernic__S20210222T130017199+0100_E20210222T133014340+0100___00876s__conf0.533.wav,20210222T130017,876
Cernic__S20210222T130017199+0100_E20210222T133014340+0100___01068s__conf0.539.wav,20210222T130017,1068
Cernic__S20210222T133017136+0100_E20210222T140014185+0100___01083s__conf0.984.wav,20210222T133017,1083
Cernic__S20210222T133017136+0100_E20210222T140014185+0100___01084s__conf0.978.wav,20210222T133017,1084
Cernic__S20210222T140017079+0100_E20210222T143014406+0100___01001s__conf0.985.wav,20210222T140017,1001
Cernic__S20210222T150016956+0100_E20210222T153014005+0100___00231s__conf0.671.wav,20210222T150016,231
Cernic__S20210222T150016956+0100_E20210222T153014005+0100___00232s__conf0.822.wav,20210222T150016,232
Cernic__S20210222T150016956+0100_E20210222T153014005+0100___01186s__conf0.867.wav,20210222T150016,1186
Cernic__S20210222T150016956+0100_E20210222T153014005+0100___01231s__conf0.501.wav,20210222T150016,1231
Cernic__S20210222T153016898+0100_E20210222T160013947+0100___00181s__conf0.974.wav,20210222T153016,181
Cernic__S20210222T170017715+0100_E20210222T173013856+0100___00510s__conf1.000.wav,20210222T170017,510
Cernic__S20210222T170017715+0100_E20210222T173013856+0100___00511s__conf0.971.wav,20210222T170017,511
Cernic__S20210222T170017715+0100_E20210222T173013856+0100___00859s__conf0.823.wav,20210222T170017,859
Cernic__S20210222T170017715+0100_E20210222T173013856+0100___00877s__conf0.953.wav,20210222T170017,877
Cernic__S20210222T170017715+0100_E20210222T173013856+0100___01732s__conf0.995.wav,20210222T170017,1732
Cernic__S20210222T170017715+0100_E20210222T173013856+0100___01733s__conf1.000.wav,20210222T170017,1733
Cernic__S20210222T173018655+0100_E20210222T180013704+0100___00777s__conf0.935.wav,20210222T173018,777
Cernic__S20210222T180017587+0100_E20210222T183013728+0100___00295s__conf1.000.wav,20210222T180017,295
Cernic__S20210222T180017587+0100_E20210222T183013728+0100___00296s__conf1.000.wav,20210222T180017,296
Cernic__S20210222T180017587+0100_E20210222T183013728+0100___00297s__conf1.000.wav,20210222T180017,297
Cernic__S20210222T180017587+0100_E20210222T183013728+0100___00298s__conf0.999.wav,20210222T180017,298
Cernic__S20210222T180017587+0100_E20210222T183013728+0100___00299s__conf0.960.wav,20210222T180017,299
Cernic__S20210222T180017587+0100_E20210222T183013728+0100___00300s__conf0.989.wav,20210222T180017,300
Cernic__S20210222T180017587+0100_E20210222T183013728+0100___00301s__conf0.998.wav,20210222T180017,301
Cernic__S20210222T180017587+0100_E20210222T183013728+0100___00302s__conf0.999.wav,20210222T180017,302
Cernic__S20210222T180017587+0100_E20210222T183013728+0100___00303s__conf1.000.wav,20210222T180017,303
Cernic__S20210222T180017587+0100_E20210222T183013728+0100___00304s__conf0.830.wav,20210222T180017,304
Cernic__S20210222T180017587+0100_E20210222T183013728+0100___00305s__conf0.996.wav,20210222T180017,305
Cernic__S20210222T180017587+0100_E20210222T183013728+0100___00306s__conf0.999.wav,20210222T180017,306
Cernic__S20210222T180017587+0100_E20210222T183013728+0100___00316s__conf0.998.wav,20210222T180017,316
Cernic__S20210222T180017587+0100_E20210222T183013728+0100___00317s__conf0.959.wav,20210222T180017,317
Cernic__S20210222T180017587+0100_E20210222T183013728+0100___00324s__conf0.994.wav,20210222T180017,324
Cernic__S20210222T180017587+0100_E20210222T183013728+0100___00325s__conf0.992.wav,20210222T180017,325
Cernic__S20210222T233015929+0100_E20210223T000012977+0100___01504s__conf0.583.wav,20210222T233015,1504
Cernic__S20210223T053017204+0100_E20210223T060012438+0100___01370s__conf0.981.wav,20210223T053017,1370
Cernic__S20210223T053017204+0100_E20210223T060012438+0100___01371s__conf0.967.wav,20210223T053017,1371
Cernic__S20210223T053017204+0100_E20210223T060012438+0100___01372s__conf0.969.wav,20210223T053017,1372
Cernic__S20210223T053017204+0100_E20210223T060012438+0100___01391s__conf1.000.wav,20210223T053017,1391
Cernic__S20210223T053017204+0100_E20210223T060012438+0100___01392s__conf0.997.wav,20210223T053017,1392
Cernic__S20210223T063017098+0100_E20210223T070012703+0100___00962s__conf0.534.wav,20210223T063017,962
Cernic__S20210223T070015023+0100_E20210223T073012071+0100___00172s__conf0.821.wav,20210223T070015,172
Cernic__S20210223T070015023+0100_E20210223T073012071+0100___00173s__conf0.650.wav,20210223T070015,173
Cernic__S20210223T070015023+0100_E20210223T073012071+0100___00982s__conf0.784.wav,20210223T070015,982
Cernic__S20210223T100014666+0100_E20210223T103012179+0100___00160s__conf0.999.wav,20210223T100014,160
Cernic__S20210223T100014666+0100_E20210223T103012179+0100___00162s__conf0.615.wav,20210223T100014,162
Cernic__S20210223T120014422+0100_E20210223T123011656+0100___01684s__conf1.000.wav,20210223T120014,1684
Cernic__S20210223T120014422+0100_E20210223T123011656+0100___01685s__conf1.000.wav,20210223T120014,1685
Cernic__S20210223T120014422+0100_E20210223T123011656+0100___01686s__conf1.000.wav,20210223T120014,1686
Cernic__S20210223T120014422+0100_E20210223T123011656+0100___01687s__conf0.999.wav,20210223T120014,1687
Cernic__S20210223T120014422+0100_E20210223T123011656+0100___01688s__conf1.000.wav,20210223T120014,1688
Cernic__S20210223T120014422+0100_E20210223T123011656+0100___01689s__conf0.997.wav,20210223T120014,1689
Cernic__S20210223T120014422+0100_E20210223T123011656+0100___01690s__conf0.996.wav,20210223T120014,1690
Cernic__S20210223T120014422+0100_E20210223T123011656+0100___01691s__conf1.000.wav,20210223T120014,1691
Cernic__S20210223T120014422+0100_E20210223T123011656+0100___01692s__conf0.997.wav,20210223T120014,1692
Cernic__S20210223T120014422+0100_E20210223T123011656+0100___01694s__conf0.981.wav,20210223T120014,1694
Cernic__S20210223T120014422+0100_E20210223T123011656+0100___01695s__conf0.998.wav,20210223T120014,1695
Cernic__S20210223T120014422+0100_E20210223T123011656+0100___01696s__conf0.971.wav,20210223T120014,1696
Cernic__S20210223T120014422+0100_E20210223T123011656+0100___01697s__conf0.878.wav,20210223T120014,1697
Cernic__S20210223T120014422+0100_E20210223T123011656+0100___01704s__conf0.941.wav,20210223T120014,1704
Cernic__S20210223T120014422+0100_E20210223T123011656+0100___01705s__conf1.000.wav,20210223T120014,1705
Cernic__S20210223T120014422+0100_E20210223T123011656+0100___01706s__conf1.000.wav,20210223T120014,1706
Cernic__S20210223T120014422+0100_E20210223T123011656+0100___01707s__conf0.996.wav,20210223T120014,1707
Cernic__S20210223T120014422+0100_E20210223T123011656+0100___01728s__conf0.985.wav,20210223T120014,1728
Cernic__S20210223T120014422+0100_E20210223T123011656+0100___01729s__conf0.999.wav,20210223T120014,1729
Cernic__S20210223T120014422+0100_E20210223T123011656+0100___01730s__conf1.000.wav,20210223T120014,1730
Cernic__S20210223T120014422+0100_E20210223T123011656+0100___01731s__conf1.000.wav,20210223T120014,1731
Cernic__S20210223T120014422+0100_E20210223T123011656+0100___01767s__conf1.000.wav,20210223T120014,1767
Cernic__S20210223T120014422+0100_E20210223T123011656+0100___01768s__conf1.000.wav,20210223T120014,1768
Cernic__S20210223T120014422+0100_E20210223T123011656+0100___01769s__conf1.000.wav,20210223T120014,1769
Cernic__S20210223T140016208+0100_E20210223T143011443+0100___00269s__conf0.916.wav,20210223T140016,269
Cernic__S20210223T140016208+0100_E20210223T143011443+0100___00281s__conf0.996.wav,20210223T140016,281
Cernic__S20210223T140016208+0100_E20210223T143011443+0100___00282s__conf0.993.wav,20210223T140016,282
Cernic__S20210223T140016208+0100_E20210223T143011443+0100___00284s__conf0.999.wav,20210223T140016,284
Cernic__S20210223T140016208+0100_E20210223T143011443+0100___00285s__conf0.756.wav,20210223T140016,285
Cernic__S20210223T140016208+0100_E20210223T143011443+0100___00326s__conf0.831.wav,20210223T140016,326
Cernic__S20210223T140016208+0100_E20210223T143011443+0100___00707s__conf0.894.wav,20210223T140016,707
Cernic__S20210223T140016208+0100_E20210223T143011443+0100___01361s__conf0.999.wav,20210223T140016,1361
Cernic__S20210223T140016208+0100_E20210223T143011443+0100___01362s__conf0.988.wav,20210223T140016,1362
Cernic__S20210223T140016208+0100_E20210223T143011443+0100___01363s__conf0.990.wav,20210223T140016,1363
Cernic__S20210223T140016208+0100_E20210223T143011443+0100___01364s__conf0.580.wav,20210223T140016,1364
Cernic__S20210223T140016208+0100_E20210223T143011443+0100___01395s__conf0.986.wav,20210223T140016,1395
Cernic__S20210223T140016208+0100_E20210223T143011443+0100___01396s__conf0.995.wav,20210223T140016,1396
Cernic__S20210223T143016123+0100_E20210223T150011172+0100___01303s__conf0.999.wav,20210223T143016,1303
Cernic__S20210223T143016123+0100_E20210223T150011172+0100___01304s__conf1.000.wav,20210223T143016,1304
Cernic__S20210223T150014064+0100_E20210223T153011485+0100___00318s__conf0.872.wav,20210223T150014,318
Cernic__S20210223T153016007+0100_E20210223T160011242+0100___00401s__conf0.680.wav,20210223T153016,401
Cernic__S20210223T180013706+0100_E20210223T183010755+0100___00125s__conf0.985.wav,20210223T180013,125
Cernic__S20210223T180013706+0100_E20210223T183010755+0100___00164s__conf0.607.wav,20210223T180013,164
Cernic__S20210223T180013706+0100_E20210223T183010755+0100___00192s__conf0.966.wav,20210223T180013,192
Cernic__S20210223T180013706+0100_E20210223T183010755+0100___00220s__conf0.925.wav,20210223T180013,220
Cernic__S20210223T180013706+0100_E20210223T183010755+0100___00238s__conf0.996.wav,20210223T180013,238
Cernic__S20210223T193013529+0100_E20210223T200010949+0100___00104s__conf0.997.wav,20210223T193013,104
Cernic__S20210223T193013529+0100_E20210223T200010949+0100___01408s__conf0.901.wav,20210223T193013,1408
Cernic__S20210224T063011870+0100_E20210224T070010661+0100___01386s__conf0.883.wav,20210224T063011,1386
Cernic__S20210224T090010948+0100_E20210224T093008996+0100___01771s__conf0.669.wav,20210224T090010,1771
Cernic__S20210224T090010948+0100_E20210224T093008996+0100___01772s__conf0.977.wav,20210224T090010,1772
Cernic__S20210224T143013246+0100_E20210224T150008296+0100___01792s__conf0.738.wav,20210224T143013,1792
Cernic__S20210224T150013189+0100_E20210224T153008703+0100___01309s__conf1.000.wav,20210224T150013,1309
Cernic__S20210224T150013189+0100_E20210224T153008703+0100___01310s__conf1.000.wav,20210224T150013,1310
Cernic__S20210224T153010455+0100_E20210224T160008504+0100___00751s__conf1.000.wav,20210224T153010,751
Cernic__S20210224T163010017+0100_E20210224T170008903+0100___00944s__conf0.995.wav,20210224T163010,944
Cernic__S20210224T163010017+0100_E20210224T170008903+0100___00945s__conf0.842.wav,20210224T163010,945
Cernic__S20210224T170010894+0100_E20210224T173008107+0100___00514s__conf0.406.wav,20210224T170010,514
Cernic__S20210224T170010894+0100_E20210224T173008107+0100___00633s__conf0.672.wav,20210224T170010,633
Cernic__S20210224T170010894+0100_E20210224T173008107+0100___00637s__conf0.944.wav,20210224T170010,637
Cernic__S20210224T170010894+0100_E20210224T173008107+0100___00683s__conf0.946.wav,20210224T170010,683
Cernic__S20210224T173012896+0100_E20210224T180007946+0100___00064s__conf0.990.wav,20210224T173012,64
Cernic__S20210224T173012896+0100_E20210224T180007946+0100___00065s__conf0.999.wav,20210224T173012,65
Cernic__S20210224T173012896+0100_E20210224T180007946+0100___00066s__conf0.979.wav,20210224T173012,66
Cernic__S20210224T173012896+0100_E20210224T180007946+0100___00067s__conf1.000.wav,20210224T173012,67
Cernic__S20210224T173012896+0100_E20210224T180007946+0100___00068s__conf0.987.wav,20210224T173012,68
Cernic__S20210224T173012896+0100_E20210224T180007946+0100___00069s__conf0.988.wav,20210224T173012,69
Cernic__S20210224T173012896+0100_E20210224T180007946+0100___00081s__conf0.995.wav,20210224T173012,81
Cernic__S20210224T173012896+0100_E20210224T180007946+0100___00082s__conf1.000.wav,20210224T173012,82
Cernic__S20210224T173012896+0100_E20210224T180007946+0100___00083s__conf1.000.wav,20210224T173012,83
Cernic__S20210224T173012896+0100_E20210224T180007946+0100___00084s__conf0.988.wav,20210224T173012,84
Cernic__S20210224T173012896+0100_E20210224T180007946+0100___00096s__conf0.997.wav,20210224T173012,96
Cernic__S20210224T173012896+0100_E20210224T180007946+0100___00100s__conf0.999.wav,20210224T173012,100
Cernic__S20210224T173012896+0100_E20210224T180007946+0100___00101s__conf0.999.wav,20210224T173012,101
Cernic__S20210224T173012896+0100_E20210224T180007946+0100___00102s__conf0.999.wav,20210224T173012,102
Cernic__S20210224T173012896+0100_E20210224T180007946+0100___00520s__conf0.731.wav,20210224T173012,520
Cernic__S20210225T060011740+0100_E20210225T063006952+0100___01008s__conf0.511.wav,20210225T060011,1008
Cernic__S20210225T073007253+0100_E20210225T080006579+0100___00733s__conf0.998.wav,20210225T073007,733
Cernic__S20210225T073007253+0100_E20210225T080006579+0100___00734s__conf0.946.wav,20210225T073007,734
Cernic__S20210225T073007253+0100_E20210225T080006579+0100___00741s__conf0.672.wav,20210225T073007,741
Cernic__S20210225T073007253+0100_E20210225T080006579+0100___00742s__conf0.816.wav,20210225T073007,742
Cernic__S20210225T073007253+0100_E20210225T080006579+0100___00771s__conf1.000.wav,20210225T073007,771
Cernic__S20210225T073007253+0100_E20210225T080006579+0100___00772s__conf1.000.wav,20210225T073007,772
Cernic__S20210225T113008247+0100_E20210225T120007689+0100___01161s__conf0.876.wav,20210225T113008,1161
Cernic__S20210225T130007555+0100_E20210225T133006140+0100___00576s__conf0.975.wav,20210225T130007,576
Cernic__S20210225T130007555+0100_E20210225T133006140+0100___00577s__conf0.966.wav,20210225T130007,577
Cernic__S20210225T170008968+0100_E20210225T173004974+0100___00648s__conf0.999.wav,20210225T170008,648
Cernic__S20210225T170008968+0100_E20210225T173004974+0100___00649s__conf0.996.wav,20210225T170008,649
Cernic__S20210225T170008968+0100_E20210225T173004974+0100___00765s__conf0.542.wav,20210225T170008,765
Cernic__S20210225T170008968+0100_E20210225T173004974+0100___00943s__conf0.757.wav,20210225T170008,943
Cernic__S20210225T170008968+0100_E20210225T173004974+0100___00944s__conf0.843.wav,20210225T170008,944
Cernic__S20210225T170008968+0100_E20210225T173004974+0100___00978s__conf0.998.wav,20210225T170008,978
Cernic__S20210225T170008968+0100_E20210225T173004974+0100___00979s__conf0.996.wav,20210225T170008,979
Cernic__S20210225T170008968+0100_E20210225T173004974+0100___00980s__conf0.942.wav,20210225T170008,980
Cernic__S20210225T170008968+0100_E20210225T173004974+0100___00981s__conf0.601.wav,20210225T170008,981
Cernic__S20210225T170008968+0100_E20210225T173004974+0100___00982s__conf0.998.wav,20210225T170008,982
Cernic__S20210225T170008968+0100_E20210225T173004974+0100___00983s__conf0.884.wav,20210225T170008,983
Cernic__S20210225T170008968+0100_E20210225T173004974+0100___00985s__conf0.999.wav,20210225T170008,985
Cernic__S20210225T170008968+0100_E20210225T173004974+0100___00986s__conf0.674.wav,20210225T170008,986
Cernic__S20210225T170008968+0100_E20210225T173004974+0100___00991s__conf0.531.wav,20210225T170008,991
Cernic__S20210225T170008968+0100_E20210225T173004974+0100___01182s__conf0.727.wav,20210225T170008,1182
Cernic__S20210225T170008968+0100_E20210225T173004974+0100___01345s__conf0.455.wav,20210225T170008,1345
Cernic__S20210225T170008968+0100_E20210225T173004974+0100___01532s__conf0.736.wav,20210225T170008,1532
Cernic__S20210225T170008968+0100_E20210225T173004974+0100___01582s__conf0.647.wav,20210225T170008,1582
Cernic__S20210225T170008968+0100_E20210225T173004974+0100___01690s__conf0.899.wav,20210225T170008,1690
Cernic__S20210225T170008968+0100_E20210225T173004974+0100___01691s__conf1.000.wav,20210225T170008,1691
Cernic__S20210225T170008968+0100_E20210225T173004974+0100___01692s__conf1.000.wav,20210225T170008,1692
Cernic__S20210225T170008968+0100_E20210225T173004974+0100___01693s__conf1.000.wav,20210225T170008,1693
Cernic__S20210225T170008968+0100_E20210225T173004974+0100___01694s__conf1.000.wav,20210225T170008,1694
Cernic__S20210225T170008968+0100_E20210225T173004974+0100___01695s__conf0.781.wav,20210225T170008,1695
Cernic__S20210225T170008968+0100_E20210225T173004974+0100___01696s__conf1.000.wav,20210225T170008,1696
Cernic__S20210225T170008968+0100_E20210225T173004974+0100___01697s__conf0.904.wav,20210225T170008,1697
Cernic__S20210225T170008968+0100_E20210225T173004974+0100___01698s__conf0.737.wav,20210225T170008,1698
Cernic__S20210225T170008968+0100_E20210225T173004974+0100___01713s__conf0.966.wav,20210225T170008,1713
Cernic__S20210225T170008968+0100_E20210225T173004974+0100___01714s__conf1.000.wav,20210225T170008,1714
Cernic__S20210225T170008968+0100_E20210225T173004974+0100___01715s__conf1.000.wav,20210225T170008,1715
Cernic__S20210225T170008968+0100_E20210225T173004974+0100___01716s__conf1.000.wav,20210225T170008,1716
Cernic__S20210225T170008968+0100_E20210225T173004974+0100___01728s__conf1.000.wav,20210225T170008,1728
Cernic__S20210225T170008968+0100_E20210225T173004974+0100___01729s__conf1.000.wav,20210225T170008,1729
Cernic__S20210225T170008968+0100_E20210225T173004974+0100___01730s__conf1.000.wav,20210225T170008,1730
Cernic__S20210225T170008968+0100_E20210225T173004974+0100___01731s__conf1.000.wav,20210225T170008,1731
Cernic__S20210225T170008968+0100_E20210225T173004974+0100___01754s__conf1.000.wav,20210225T170008,1754
Cernic__S20210225T170008968+0100_E20210225T173004974+0100___01755s__conf0.997.wav,20210225T170008,1755
Cernic__S20210225T173007013+0100_E20210225T180005062+0100___00199s__conf0.744.wav,20210225T173007,199
Cernic__S20210225T173007013+0100_E20210225T180005062+0100___01225s__conf1.000.wav,20210225T173007,1225
Cernic__S20210225T173007013+0100_E20210225T180005062+0100___01226s__conf0.750.wav,20210225T173007,1226
Cernic__S20210225T173007013+0100_E20210225T180005062+0100___01368s__conf0.966.wav,20210225T173007,1368
Cernic__S20210225T173007013+0100_E20210225T180005062+0100___01369s__conf0.995.wav,20210225T173007,1369
Cernic__S20210225T180006278+0100_E20210225T183005327+0100___00405s__conf0.875.wav,20210225T180006,405
Cernic__S20210222T062958582+0100_E20210222T065954619+0100___00929s__conf0.937.wav,20210222T062958,929
Cernic__S20210222T062958582+0100_E20210222T065954619+0100___00930s__conf0.991.wav,20210222T062958,930
Cernic__S20210222T062958582+0100_E20210222T065954619+0100___00931s__conf0.989.wav,20210222T062958,931
Cernic__S20210222T062958582+0100_E20210222T065954619+0100___00955s__conf0.852.wav,20210222T062958,955
Cernic__S20210222T082958368+0100_E20210222T085954405+0100___00472s__conf0.680.wav,20210222T082958,472
Cernic__S20210222T082958368+0100_E20210222T085954405+0100___00476s__conf0.781.wav,20210222T082958,476
Cernic__S20210222T082958368+0100_E20210222T085954405+0100___00479s__conf0.778.wav,20210222T082958,479
Cernic__S20210222T082958368+0100_E20210222T085954405+0100___00532s__conf0.961.wav,20210222T082958,532
Cernic__S20210222T082958368+0100_E20210222T085954405+0100___00555s__conf0.980.wav,20210222T082958,555
Cernic__S20210222T082958368+0100_E20210222T085954405+0100___00556s__conf0.983.wav,20210222T082958,556
Cernic__S20210222T092957255+0100_E20210222T095954293+0100___00848s__conf0.986.wav,20210222T092957,848
Cernic__S20210222T092957255+0100_E20210222T095954293+0100___00849s__conf0.545.wav,20210222T092957,849
Cernic__S20210222T115956982+0100_E20210222T122954020+0100___00905s__conf0.509.wav,20210222T115956,905
Cernic__S20210222T115956982+0100_E20210222T122954020+0100___00907s__conf0.997.wav,20210222T115956,907
Cernic__S20210222T115956982+0100_E20210222T122954020+0100___00908s__conf1.000.wav,20210222T115956,908
Cernic__S20210222T115956982+0100_E20210222T122954020+0100___00909s__conf0.728.wav,20210222T115956,909
Cernic__S20210222T115956982+0100_E20210222T122954020+0100___00910s__conf0.754.wav,20210222T115956,910
Cernic__S20210222T115956982+0100_E20210222T122954020+0100___00911s__conf0.991.wav,20210222T115956,911
Cernic__S20210222T115956982+0100_E20210222T122954020+0100___00912s__conf0.622.wav,20210222T115956,912
Cernic__S20210222T115956982+0100_E20210222T122954020+0100___00913s__conf0.996.wav,20210222T115956,913
Cernic__S20210222T115956982+0100_E20210222T122954020+0100___00935s__conf1.000.wav,20210222T115956,935
Cernic__S20210222T115956982+0100_E20210222T122954020+0100___00936s__conf0.999.wav,20210222T115956,936
Cernic__S20210222T115956982+0100_E20210222T122954020+0100___00937s__conf0.920.wav,20210222T115956,937
Cernic__S20210222T115956982+0100_E20210222T122954020+0100___00950s__conf0.848.wav,20210222T115956,950
Cernic__S20210222T115956982+0100_E20210222T122954020+0100___00967s__conf0.552.wav,20210222T115956,967
Cernic__S20210222T115956982+0100_E20210222T122954020+0100___00968s__conf0.733.wav,20210222T115956,968
Cernic__S20210222T115956982+0100_E20210222T122954020+0100___00977s__conf0.663.wav,20210222T115956,977
Cernic__S20210222T115956982+0100_E20210222T122954020+0100___01015s__conf0.905.wav,20210222T115956,1015
Cernic__S20210222T115956982+0100_E20210222T122954020+0100___01016s__conf1.000.wav,20210222T115956,1016
Cernic__S20210222T125957873+0100_E20210222T132953911+0100___01771s__conf1.000.wav,20210222T125957,1771
Cernic__S20210222T125957873+0100_E20210222T132953911+0100___01772s__conf1.000.wav,20210222T125957,1772
Cernic__S20210222T125957873+0100_E20210222T132953911+0100___01773s__conf0.999.wav,20210222T125957,1773
Cernic__S20210222T125957873+0100_E20210222T132953911+0100___01774s__conf0.589.wav,20210222T125957,1774
Cernic__S20210222T125957873+0100_E20210222T132953911+0100___01775s__conf0.769.wav,20210222T125957,1775
Cernic__S20210222T125957873+0100_E20210222T132953911+0100___01776s__conf0.646.wav,20210222T125957,1776
Cernic__S20210222T125957873+0100_E20210222T132953911+0100___01780s__conf0.596.wav,20210222T125957,1780
Cernic__S20210222T132958823+0100_E20210222T135953861+0100___00000s__conf1.000.wav,20210222T132958,0
Cernic__S20210222T132958823+0100_E20210222T135953861+0100___00043s__conf0.944.wav,20210222T132958,43
Cernic__S20210222T132958823+0100_E20210222T135953861+0100___00044s__conf1.000.wav,20210222T132958,44
Cernic__S20210222T132958823+0100_E20210222T135953861+0100___00045s__conf1.000.wav,20210222T132958,45
Cernic__S20210222T132958823+0100_E20210222T135953861+0100___00046s__conf1.000.wav,20210222T132958,46
Cernic__S20210222T132958823+0100_E20210222T135953861+0100___00048s__conf0.999.wav,20210222T132958,48
Cernic__S20210222T132958823+0100_E20210222T135953861+0100___01479s__conf0.577.wav,20210222T132958,1479
Cernic__S20210222T132958823+0100_E20210222T135953861+0100___01480s__conf0.650.wav,20210222T132958,1480
Cernic__S20210223T052955060+0100_E20210223T055952098+0100___00949s__conf0.954.wav,20210223T052955,949
Cernic__S20210223T055955013+0100_E20210223T062952050+0100___00522s__conf0.592.wav,20210223T055955,522
Cernic__S20210223T055955013+0100_E20210223T062952050+0100___00566s__conf0.995.wav,20210223T055955,566
Cernic__S20210223T055955013+0100_E20210223T062952050+0100___00582s__conf0.857.wav,20210223T055955,582
Cernic__S20210223T055955013+0100_E20210223T062952050+0100___00597s__conf0.783.wav,20210223T055955,597
Cernic__S20210223T055955013+0100_E20210223T062952050+0100___00599s__conf0.991.wav,20210223T055955,599
Cernic__S20210223T125956276+0100_E20210223T132951315+0100___01277s__conf0.965.wav,20210223T125956,1277
Cernic__S20210223T125956276+0100_E20210223T132951315+0100___01278s__conf0.945.wav,20210223T125956,1278
Cernic__S20210223T132956182+0100_E20210223T135951221+0100___01141s__conf0.966.wav,20210223T132956,1141
Cernic__S20210223T132956182+0100_E20210223T135951221+0100___01142s__conf1.000.wav,20210223T132956,1142
Cernic__S20210223T132956182+0100_E20210223T135951221+0100___01143s__conf1.000.wav,20210223T132956,1143
Cernic__S20210223T132956182+0100_E20210223T135951221+0100___01157s__conf0.999.wav,20210223T132956,1157
Cernic__S20210223T132956182+0100_E20210223T135951221+0100___01158s__conf0.999.wav,20210223T132956,1158
Cernic__S20210223T132956182+0100_E20210223T135951221+0100___01159s__conf1.000.wav,20210223T132956,1159
Cernic__S20210223T132956182+0100_E20210223T135951221+0100___01160s__conf1.000.wav,20210223T132956,1160
Cernic__S20210223T132956182+0100_E20210223T135951221+0100___01163s__conf0.922.wav,20210223T132956,1163
Cernic__S20210223T132956182+0100_E20210223T135951221+0100___01164s__conf0.789.wav,20210223T132956,1164
Cernic__S20210223T132956182+0100_E20210223T135951221+0100___01200s__conf0.906.wav,20210223T132956,1200
Cernic__S20210223T132956182+0100_E20210223T135951221+0100___01201s__conf0.998.wav,20210223T132956,1201
Cernic__S20210223T132956182+0100_E20210223T135951221+0100___01205s__conf0.998.wav,20210223T132956,1205
Cernic__S20210223T132956182+0100_E20210223T135951221+0100___01221s__conf1.000.wav,20210223T132956,1221
Cernic__S20210223T132956182+0100_E20210223T135951221+0100___01222s__conf1.000.wav,20210223T132956,1222
Cernic__S20210223T132956182+0100_E20210223T135951221+0100___01223s__conf1.000.wav,20210223T132956,1223
Cernic__S20210223T132956182+0100_E20210223T135951221+0100___01237s__conf0.998.wav,20210223T132956,1237
Cernic__S20210223T132956182+0100_E20210223T135951221+0100___01238s__conf0.996.wav,20210223T132956,1238
Cernic__S20210223T132956182+0100_E20210223T135951221+0100___01246s__conf0.985.wav,20210223T132956,1246
Cernic__S20210223T132956182+0100_E20210223T135951221+0100___01247s__conf0.848.wav,20210223T132956,1247
Cernic__S20210223T132956182+0100_E20210223T135951221+0100___01248s__conf0.985.wav,20210223T132956,1248
Cernic__S20210223T132956182+0100_E20210223T135951221+0100___01249s__conf0.999.wav,20210223T132956,1249
Cernic__S20210223T132956182+0100_E20210223T135951221+0100___01255s__conf0.997.wav,20210223T132956,1255
Cernic__S20210223T132956182+0100_E20210223T135951221+0100___01256s__conf0.999.wav,20210223T132956,1256
Cernic__S20210223T132956182+0100_E20210223T135951221+0100___01266s__conf0.999.wav,20210223T132956,1266
Cernic__S20210223T132956182+0100_E20210223T135951221+0100___01267s__conf0.996.wav,20210223T132956,1267
Cernic__S20210223T132956182+0100_E20210223T135951221+0100___01268s__conf0.999.wav,20210223T132956,1268
Cernic__S20210223T132956182+0100_E20210223T135951221+0100___01283s__conf0.991.wav,20210223T132956,1283
Cernic__S20210223T132956182+0100_E20210223T135951221+0100___01284s__conf0.993.wav,20210223T132956,1284
Cernic__S20210223T132956182+0100_E20210223T135951221+0100___01285s__conf0.949.wav,20210223T132956,1285
Cernic__S20210223T132956182+0100_E20210223T135951221+0100___01308s__conf0.995.wav,20210223T132956,1308
Cernic__S20210223T132956182+0100_E20210223T135951221+0100___01309s__conf0.853.wav,20210223T132956,1309
Cernic__S20210223T132956182+0100_E20210223T135951221+0100___01337s__conf1.000.wav,20210223T132956,1337
Cernic__S20210223T132956182+0100_E20210223T135951221+0100___01338s__conf0.996.wav,20210223T132956,1338
Cernic__S20210223T152953971+0100_E20210223T155951010+0100___01142s__conf0.638.wav,20210223T152953,1142
Cernic__S20210223T152953971+0100_E20210223T155951010+0100___01676s__conf0.971.wav,20210223T152953,1676
Cernic__S20210223T152953971+0100_E20210223T155951010+0100___01677s__conf0.989.wav,20210223T152953,1677
Cernic__S20210223T172953752+0100_E20210223T175950791+0100___01779s__conf0.987.wav,20210223T172953,1779
Cernic__S20210223T172953752+0100_E20210223T175950791+0100___01780s__conf0.997.wav,20210223T172953,1780
Cernic__S20210223T172953752+0100_E20210223T175950791+0100___01781s__conf0.711.wav,20210223T172953,1781
Cernic__S20210223T172953752+0100_E20210223T175950791+0100___01784s__conf0.982.wav,20210223T172953,1784
Cernic__S20210223T172953752+0100_E20210223T175950791+0100___01785s__conf0.987.wav,20210223T172953,1785
Cernic__S20210223T172953752+0100_E20210223T175950791+0100___01786s__conf0.810.wav,20210223T172953,1786
Cernic__S20210223T175953687+0100_E20210223T182950726+0100___00006s__conf0.668.wav,20210223T175953,6
Cernic__S20210223T175953687+0100_E20210223T182950726+0100___00007s__conf0.986.wav,20210223T175953,7
Cernic__S20210223T175953687+0100_E20210223T182950726+0100___00210s__conf0.923.wav,20210223T175953,210
Cernic__S20210223T175953687+0100_E20210223T182950726+0100___01753s__conf0.999.wav,20210223T175953,1753
Cernic__S20210223T175953687+0100_E20210223T182950726+0100___01754s__conf0.998.wav,20210223T175953,1754
Cernic__S20210224T062951335+0100_E20210224T065949373+0100___01472s__conf0.963.wav,20210224T062951,1472
Cernic__S20210224T072951255+0100_E20210224T075949292+0100___00030s__conf1.000.wav,20210224T072951,30
Cernic__S20210224T072951255+0100_E20210224T075949292+0100___00031s__conf1.000.wav,20210224T072951,31
Cernic__S20210224T072951255+0100_E20210224T075949292+0100___00032s__conf1.000.wav,20210224T072951,32
Cernic__S20210224T072951255+0100_E20210224T075949292+0100___00033s__conf1.000.wav,20210224T072951,33
Cernic__S20210224T072951255+0100_E20210224T075949292+0100___00034s__conf0.999.wav,20210224T072951,34
Cernic__S20210224T072951255+0100_E20210224T075949292+0100___00035s__conf0.988.wav,20210224T072951,35
Cernic__S20210224T072951255+0100_E20210224T075949292+0100___00036s__conf0.991.wav,20210224T072951,36
Cernic__S20210224T072951255+0100_E20210224T075949292+0100___00037s__conf0.997.wav,20210224T072951,37
Cernic__S20210224T072951255+0100_E20210224T075949292+0100___00038s__conf0.994.wav,20210224T072951,38
Cernic__S20210224T072951255+0100_E20210224T075949292+0100___00039s__conf0.999.wav,20210224T072951,39
Cernic__S20210224T072951255+0100_E20210224T075949292+0100___00040s__conf1.000.wav,20210224T072951,40
Cernic__S20210224T072951255+0100_E20210224T075949292+0100___00041s__conf1.000.wav,20210224T072951,41
Cernic__S20210224T072951255+0100_E20210224T075949292+0100___00048s__conf0.999.wav,20210224T072951,48
Cernic__S20210224T072951255+0100_E20210224T075949292+0100___00049s__conf1.000.wav,20210224T072951,49
Cernic__S20210224T072951255+0100_E20210224T075949292+0100___00050s__conf0.583.wav,20210224T072951,50
Cernic__S20210224T072951255+0100_E20210224T075949292+0100___00052s__conf0.999.wav,20210224T072951,52
Cernic__S20210224T072951255+0100_E20210224T075949292+0100___00053s__conf1.000.wav,20210224T072951,53
Cernic__S20210224T072951255+0100_E20210224T075949292+0100___00069s__conf0.831.wav,20210224T072951,69
Cernic__S20210224T072951255+0100_E20210224T075949292+0100___00070s__conf0.998.wav,20210224T072951,70
Cernic__S20210224T072951255+0100_E20210224T075949292+0100___00071s__conf0.842.wav,20210224T072951,71
Cernic__S20210224T072951255+0100_E20210224T075949292+0100___00073s__conf0.966.wav,20210224T072951,73
Cernic__S20210224T072951255+0100_E20210224T075949292+0100___00074s__conf0.999.wav,20210224T072951,74
Cernic__S20210224T072951255+0100_E20210224T075949292+0100___00075s__conf0.999.wav,20210224T072951,75
Cernic__S20210224T112950781+0100_E20210224T115948820+0100___00413s__conf0.797.wav,20210224T112950,413
Cernic__S20210224T112950781+0100_E20210224T115948820+0100___00422s__conf0.956.wav,20210224T112950,422
Cernic__S20210224T112950781+0100_E20210224T115948820+0100___00423s__conf0.955.wav,20210224T112950,423
Cernic__S20210224T112950781+0100_E20210224T115948820+0100___00433s__conf0.946.wav,20210224T112950,433
Cernic__S20210224T112950781+0100_E20210224T115948820+0100___00434s__conf0.944.wav,20210224T112950,434
Cernic__S20210224T112950781+0100_E20210224T115948820+0100___00461s__conf0.944.wav,20210224T112950,461
Cernic__S20210224T112950781+0100_E20210224T115948820+0100___00462s__conf0.931.wav,20210224T112950,462
Cernic__S20210224T112950781+0100_E20210224T115948820+0100___00520s__conf0.756.wav,20210224T112950,520
Cernic__S20210224T112950781+0100_E20210224T115948820+0100___00521s__conf0.902.wav,20210224T112950,521
Cernic__S20210224T142953442+0100_E20210224T145948482+0100___01689s__conf1.000.wav,20210224T142953,1689
Cernic__S20210224T152950591+0100_E20210224T155948631+0100___00133s__conf0.997.wav,20210224T152950,133
Cernic__S20210224T152950591+0100_E20210224T155948631+0100___00134s__conf0.975.wav,20210224T152950,134
Cernic__S20210224T152950591+0100_E20210224T155948631+0100___00135s__conf0.998.wav,20210224T152950,135
Cernic__S20210224T152950591+0100_E20210224T155948631+0100___00136s__conf0.999.wav,20210224T152950,136
Cernic__S20210224T152950591+0100_E20210224T155948631+0100___00137s__conf0.975.wav,20210224T152950,137
Cernic__S20210224T152950591+0100_E20210224T155948631+0100___00162s__conf0.718.wav,20210224T152950,162
Cernic__S20210224T152950591+0100_E20210224T155948631+0100___00163s__conf0.548.wav,20210224T152950,163
Cernic__S20210224T152950591+0100_E20210224T155948631+0100___00243s__conf0.876.wav,20210224T152950,243
Cernic__S20210224T152950591+0100_E20210224T155948631+0100___00244s__conf0.995.wav,20210224T152950,244
Cernic__S20210224T152950591+0100_E20210224T155948631+0100___00245s__conf0.758.wav,20210224T152950,245
Cernic__S20210224T162949262+0100_E20210224T165948302+0100___01453s__conf0.654.wav,20210224T162949,1453
Cernic__S20210224T172950184+0100_E20210224T175948224+0100___00821s__conf0.679.wav,20210224T172950,821
Cernic__S20210224T172950184+0100_E20210224T175948224+0100___00828s__conf0.702.wav,20210224T172950,828
Cernic__S20210224T172950184+0100_E20210224T175948224+0100___00915s__conf0.807.wav,20210224T172950,915
Cernic__S20210224T232949742+0100_E20210224T235947780+0100___00399s__conf0.973.wav,20210224T232949,399
Cernic__S20210225T062948718+0100_E20210225T065946690+0100___00469s__conf0.729.wav,20210225T062948,469
Cernic__S20210225T062948718+0100_E20210225T065946690+0100___00495s__conf0.990.wav,20210225T062948,495
Cernic__S20210225T062948718+0100_E20210225T065946690+0100___00496s__conf0.998.wav,20210225T062948,496
Cernic__S20210225T062948718+0100_E20210225T065946690+0100___00517s__conf0.771.wav,20210225T062948,517
Cernic__S20210225T115948017+0100_E20210225T122945991+0100___00369s__conf0.991.wav,20210225T115948,369
Cernic__S20210225T115948017+0100_E20210225T122945991+0100___00370s__conf0.999.wav,20210225T115948,370
Cernic__S20210225T115948017+0100_E20210225T122945991+0100___00371s__conf1.000.wav,20210225T115948,371
Cernic__S20210225T115948017+0100_E20210225T122945991+0100___00372s__conf1.000.wav,20210225T115948,372
Cernic__S20210225T115948017+0100_E20210225T122945991+0100___00373s__conf0.993.wav,20210225T115948,373
Cernic__S20210225T115948017+0100_E20210225T122945991+0100___00374s__conf0.998.wav,20210225T115948,374
Cernic__S20210225T115948017+0100_E20210225T122945991+0100___00375s__conf1.000.wav,20210225T115948,375
Cernic__S20210225T115948017+0100_E20210225T122945991+0100___00376s__conf0.974.wav,20210225T115948,376
Cernic__S20210225T115948017+0100_E20210225T122945991+0100___00379s__conf0.773.wav,20210225T115948,379
Cernic__S20210225T115948017+0100_E20210225T122945991+0100___00380s__conf0.975.wav,20210225T115948,380
Cernic__S20210225T115948017+0100_E20210225T122945991+0100___00381s__conf0.998.wav,20210225T115948,381
Cernic__S20210225T115948017+0100_E20210225T122945991+0100___00387s__conf1.000.wav,20210225T115948,387
Cernic__S20210225T115948017+0100_E20210225T122945991+0100___00388s__conf0.970.wav,20210225T115948,388
Cernic__S20210225T115948017+0100_E20210225T122945991+0100___00390s__conf0.858.wav,20210225T115948,390
Cernic__S20210225T115948017+0100_E20210225T122945991+0100___00400s__conf0.963.wav,20210225T115948,400
Cernic__S20210225T115948017+0100_E20210225T122945991+0100___00409s__conf0.990.wav,20210225T115948,409
Cernic__S20210225T115948017+0100_E20210225T122945991+0100___00410s__conf0.937.wav,20210225T115948,410
Cernic__S20210225T115948017+0100_E20210225T122945991+0100___00415s__conf0.787.wav,20210225T115948,415
Cernic__S20210225T115948017+0100_E20210225T122945991+0100___00433s__conf0.957.wav,20210225T115948,433
Cernic__S20210225T115948017+0100_E20210225T122945991+0100___00434s__conf0.985.wav,20210225T115948,434
Cernic__S20210225T115948017+0100_E20210225T122945991+0100___00446s__conf0.999.wav,20210225T115948,446
Cernic__S20210225T115948017+0100_E20210225T122945991+0100___00447s__conf1.000.wav,20210225T115948,447
Cernic__S20210225T115948017+0100_E20210225T122945991+0100___00482s__conf0.998.wav,20210225T115948,482
Cernic__S20210225T115948017+0100_E20210225T122945991+0100___00483s__conf1.000.wav,20210225T115948,483
Cernic__S20210225T115948017+0100_E20210225T122945991+0100___00511s__conf0.960.wav,20210225T115948,511
Cernic__S20210225T152947831+0100_E20210225T155945855+0100___00387s__conf0.834.wav,20210225T152947,387
Cernic__S20210225T152947831+0100_E20210225T155945855+0100___00408s__conf0.707.wav,20210225T152947,408
Cernic__S20210225T152947831+0100_E20210225T155945855+0100___00409s__conf0.984.wav,20210225T152947,409
Cernic__S20210225T152947831+0100_E20210225T155945855+0100___01508s__conf0.839.wav,20210225T152947,1508
Cernic__S20210225T152947831+0100_E20210225T155945855+0100___01510s__conf0.837.wav,20210225T152947,1510
Cernic__S20210225T152947831+0100_E20210225T155945855+0100___01511s__conf0.741.wav,20210225T152947,1511
Cernic__S20210225T152947831+0100_E20210225T155945855+0100___01512s__conf0.777.wav,20210225T152947,1512
Cernic__S20210225T152947831+0100_E20210225T155945855+0100___01513s__conf0.976.wav,20210225T152947,1513
Cernic__S20210225T152947831+0100_E20210225T155945855+0100___01545s__conf0.979.wav,20210225T152947,1545
Cernic__S20210225T152947831+0100_E20210225T155945855+0100___01553s__conf0.898.wav,20210225T152947,1553
Cernic__S20210225T152947831+0100_E20210225T155945855+0100___01567s__conf0.778.wav,20210225T152947,1567
Cernic__S20210225T152947831+0100_E20210225T155945855+0100___01663s__conf0.963.wav,20210225T152947,1663
Cernic__S20210225T172947310+0100_E20210225T175945333+0100___00890s__conf0.654.wav,20210225T172947,890
Cernic__S20210225T195951291+0100_E20210225T202949112+0100___00460s__conf1.000.wav,20210225T195951,460
Cernic__S20210225T195951291+0100_E20210225T202949112+0100___00459s__conf0.996.wav,20210225T195951,459
Cernic__S20210225T175949558+0100_E20210225T182944522+0100___01240s__conf1.000.wav,20210225T175949,1240
Cernic__S20210225T175949558+0100_E20210225T182944522+0100___01239s__conf0.999.wav,20210225T175949,1239
Cernic__S20210225T175949558+0100_E20210225T182944522+0100___01218s__conf0.999.wav,20210225T175949,1218
Cernic__S20210225T175949558+0100_E20210225T182944522+0100___01217s__conf0.999.wav,20210225T175949,1217
Cernic__S20210225T175949558+0100_E20210225T182944522+0100___01194s__conf1.000.wav,20210225T175949,1194
Cernic__S20210225T175949558+0100_E20210225T182944522+0100___01193s__conf1.000.wav,20210225T175949,1193
Cernic__S20210225T175949558+0100_E20210225T182944522+0100___01192s__conf0.999.wav,20210225T175949,1192
Cernic__S20210225T175949558+0100_E20210225T182944522+0100___01191s__conf1.000.wav,20210225T175949,1191
Cernic__S20210225T175949558+0100_E20210225T182944522+0100___01189s__conf0.999.wav,20210225T175949,1189
Cernic__S20210225T175949558+0100_E20210225T182944522+0100___01188s__conf0.992.wav,20210225T175949,1188
Cernic__S20210225T175949558+0100_E20210225T182944522+0100___01172s__conf0.855.wav,20210225T175949,1172
Cernic__S20210225T175949558+0100_E20210225T182944522+0100___01171s__conf0.998.wav,20210225T175949,1171
Cernic__S20210225T175949558+0100_E20210225T182944522+0100___01151s__conf0.997.wav,20210225T175949,1151
Cernic__S20210225T175949558+0100_E20210225T182944522+0100___01150s__conf0.998.wav,20210225T175949,1150
Cernic__S20210225T175949558+0100_E20210225T182944522+0100___01148s__conf1.000.wav,20210225T175949,1148
Cernic__S20210225T175949558+0100_E20210225T182944522+0100___01147s__conf0.984.wav,20210225T175949,1147
Cernic__S20210225T175949558+0100_E20210225T182944522+0100___01132s__conf0.993.wav,20210225T175949,1132
Cernic__S20210225T175949558+0100_E20210225T182944522+0100___01131s__conf0.999.wav,20210225T175949,1131
Cernic__S20210225T175949558+0100_E20210225T182944522+0100___01128s__conf1.000.wav,20210225T175949,1128
Cernic__S20210225T175949558+0100_E20210225T182944522+0100___01127s__conf1.000.wav,20210225T175949,1127
Cernic__S20210225T175949558+0100_E20210225T182944522+0100___01111s__conf0.999.wav,20210225T175949,1111
Cernic__S20210225T175949558+0100_E20210225T182944522+0100___01095s__conf0.749.wav,20210225T175949,1095
Cernic__S20210225T175949558+0100_E20210225T182944522+0100___01093s__conf0.998.wav,20210225T175949,1093
Cernic__S20210225T175949558+0100_E20210225T182944522+0100___01092s__conf0.999.wav,20210225T175949,1092
Cernic__S20210225T175949558+0100_E20210225T182944522+0100___01076s__conf0.986.wav,20210225T175949,1076
Cernic__S20210225T175949558+0100_E20210225T182944522+0100___01074s__conf1.000.wav,20210225T175949,1074
Cernic__S20210225T175949558+0100_E20210225T182944522+0100___01056s__conf0.983.wav,20210225T175949,1056
Cernic__S20210225T175949558+0100_E20210225T182944522+0100___01044s__conf0.948.wav,20210225T175949,1044
Cernic__S20210225T175949558+0100_E20210225T182944522+0100___01043s__conf1.000.wav,20210225T175949,1043
Cernic__S20210225T175949558+0100_E20210225T182944522+0100___01042s__conf1.000.wav,20210225T175949,1042
Cernic__S20210225T175949558+0100_E20210225T182944522+0100___01023s__conf0.868.wav,20210225T175949,1023
Cernic__S20210225T175949558+0100_E20210225T182944522+0100___01022s__conf1.000.wav,20210225T175949,1022
Cernic__S20210225T175949558+0100_E20210225T182944522+0100___01021s__conf1.000.wav,20210225T175949,1021
Cernic__S20210225T175949558+0100_E20210225T182944522+0100___01020s__conf1.000.wav,20210225T175949,1020
Cernic__S20210225T175949558+0100_E20210225T182944522+0100___01017s__conf1.000.wav,20210225T175949,1017
Cernic__S20210225T175949558+0100_E20210225T182944522+0100___01016s__conf1.000.wav,20210225T175949,1016
Cernic__S20210225T175949558+0100_E20210225T182944522+0100___01015s__conf0.999.wav,20210225T175949,1015
Cernic__S20210225T175949558+0100_E20210225T182944522+0100___01014s__conf1.000.wav,20210225T175949,1014
Cernic__S20210225T175949558+0100_E20210225T182944522+0100___01013s__conf1.000.wav,20210225T175949,1013
Cernic__S20210225T175949558+0100_E20210225T182944522+0100___01012s__conf1.000.wav,20210225T175949,1012
Cernic__S20210225T175949558+0100_E20210225T182944522+0100___01011s__conf1.000.wav,20210225T175949,1011
Cernic__S20210225T175949558+0100_E20210225T182944522+0100___01010s__conf1.000.wav,20210225T175949,1010
Cernic__S20210225T175949558+0100_E20210225T182944522+0100___01009s__conf1.000.wav,20210225T175949,1009
Cernic__S20210225T175949558+0100_E20210225T182944522+0100___01008s__conf1.000.wav,20210225T175949,1008
Cernic__S20210225T175949558+0100_E20210225T182944522+0100___01007s__conf1.000.wav,20210225T175949,1007
Cernic__S20210225T172946762+0100_E20210225T175947485+0100___01510s__conf0.537.wav,20210225T172946,1510
Cernic__S20210225T172946762+0100_E20210225T175947485+0100___01047s__conf0.968.wav,20210225T172946,1047
Cernic__S20210225T172946762+0100_E20210225T175947485+0100___00974s__conf1.000.wav,20210225T172946,974
Cernic__S20210225T172946762+0100_E20210225T175947485+0100___00973s__conf0.992.wav,20210225T172946,973
Cernic__S20210225T172946762+0100_E20210225T175947485+0100___00930s__conf0.916.wav,20210225T172946,930
Cernic__S20210225T172946762+0100_E20210225T175947485+0100___00929s__conf0.510.wav,20210225T172946,929
Cernic__S20210225T172946762+0100_E20210225T175947485+0100___00907s__conf0.999.wav,20210225T172946,907
Cernic__S20210225T172946762+0100_E20210225T175947485+0100___00906s__conf0.996.wav,20210225T172946,906
Cernic__S20210225T165949379+0100_E20210225T172944878+0100___01765s__conf0.998.wav,20210225T165949,1765
Cernic__S20210225T165949379+0100_E20210225T172944878+0100___01764s__conf0.553.wav,20210225T165949,1764
Cernic__S20210225T165949379+0100_E20210225T172944878+0100___01570s__conf0.671.wav,20210225T165949,1570
Cernic__S20210225T165949379+0100_E20210225T172944878+0100___01547s__conf0.962.wav,20210225T165949,1547
Cernic__S20210225T165949379+0100_E20210225T172944878+0100___01539s__conf1.000.wav,20210225T165949,1539
Cernic__S20210225T165949379+0100_E20210225T172944878+0100___01387s__conf0.963.wav,20210225T165949,1387
Cernic__S20210225T165949379+0100_E20210225T172944878+0100___01373s__conf0.542.wav,20210225T165949,1373
Cernic__S20210225T165949379+0100_E20210225T172944878+0100___01143s__conf0.996.wav,20210225T165949,1143
Cernic__S20210225T165949379+0100_E20210225T172944878+0100___01142s__conf0.960.wav,20210225T165949,1142
Cernic__S20210225T165949379+0100_E20210225T172944878+0100___00599s__conf0.754.wav,20210225T165949,599
Cernic__S20210225T165949379+0100_E20210225T172944878+0100___00598s__conf0.959.wav,20210225T165949,598
Cernic__S20210225T165949379+0100_E20210225T172944878+0100___00543s__conf0.536.wav,20210225T165949,543
Cernic__S20210225T135946754+0100_E20210225T142948498+0100___01030s__conf0.768.wav,20210225T135946,1030
Cernic__S20210225T135946754+0100_E20210225T142948498+0100___01029s__conf0.978.wav,20210225T135946,1029
Cernic__S20210225T135946754+0100_E20210225T142948498+0100___01012s__conf1.000.wav,20210225T135946,1012
Cernic__S20210225T135946754+0100_E20210225T142948498+0100___01011s__conf1.000.wav,20210225T135946,1011
Cernic__S20210225T135946754+0100_E20210225T142948498+0100___01010s__conf1.000.wav,20210225T135946,1010
Cernic__S20210225T135946754+0100_E20210225T142948498+0100___01009s__conf1.000.wav,20210225T135946,1009
Cernic__S20210225T135946754+0100_E20210225T142948498+0100___00995s__conf1.000.wav,20210225T135946,995
Cernic__S20210225T135946754+0100_E20210225T142948498+0100___00994s__conf0.993.wav,20210225T135946,994
Cernic__S20210225T135946754+0100_E20210225T142948498+0100___00977s__conf1.000.wav,20210225T135946,977
Cernic__S20210225T135946754+0100_E20210225T142948498+0100___00976s__conf1.000.wav,20210225T135946,976
Cernic__S20210225T135946754+0100_E20210225T142948498+0100___00964s__conf0.999.wav,20210225T135946,964
Cernic__S20210225T135946754+0100_E20210225T142948498+0100___00963s__conf1.000.wav,20210225T135946,963
Cernic__S20210225T135946754+0100_E20210225T142948498+0100___00962s__conf1.000.wav,20210225T135946,962
Cernic__S20210225T135946754+0100_E20210225T142948498+0100___00952s__conf1.000.wav,20210225T135946,952
Cernic__S20210225T135946754+0100_E20210225T142948498+0100___00951s__conf1.000.wav,20210225T135946,951
Cernic__S20210225T135946754+0100_E20210225T142948498+0100___00950s__conf1.000.wav,20210225T135946,950
Cernic__S20210225T135946754+0100_E20210225T142948498+0100___00949s__conf0.922.wav,20210225T135946,949
Cernic__S20210225T135946754+0100_E20210225T142948498+0100___00948s__conf0.879.wav,20210225T135946,948
Cernic__S20210225T135946754+0100_E20210225T142948498+0100___00930s__conf0.983.wav,20210225T135946,930
Cernic__S20210225T135946754+0100_E20210225T142948498+0100___00929s__conf0.890.wav,20210225T135946,929
Cernic__S20210225T135946754+0100_E20210225T142948498+0100___00920s__conf1.000.wav,20210225T135946,920
Cernic__S20210225T135946754+0100_E20210225T142948498+0100___00919s__conf0.996.wav,20210225T135946,919
Cernic__S20210225T135946754+0100_E20210225T142948498+0100___00918s__conf1.000.wav,20210225T135946,918
Cernic__S20210225T135946754+0100_E20210225T142948498+0100___00917s__conf1.000.wav,20210225T135946,917
Cernic__S20210225T135946754+0100_E20210225T142948498+0100___00915s__conf1.000.wav,20210225T135946,915
Cernic__S20210225T135946754+0100_E20210225T142948498+0100___00914s__conf1.000.wav,20210225T135946,914
Cernic__S20210225T135946754+0100_E20210225T142948498+0100___00913s__conf1.000.wav,20210225T135946,913
Cernic__S20210225T135946754+0100_E20210225T142948498+0100___00912s__conf1.000.wav,20210225T135946,912
Cernic__S20210225T112949103+0100_E20210225T115948476+0100___00566s__conf0.505.wav,20210225T112949,566
Cernic__S20210225T112949103+0100_E20210225T115948476+0100___00300s__conf0.902.wav,20210225T112949,300
Cernic__S20210225T112949103+0100_E20210225T115948476+0100___00260s__conf0.995.wav,20210225T112949,260
Cernic__S20210225T105949883+0100_E20210225T112948163+0100___00432s__conf0.947.wav,20210225T105949,432
Cernic__S20210225T105949883+0100_E20210225T112948163+0100___00431s__conf0.990.wav,20210225T105949,431
Cernic__S20210225T102952078+0100_E20210225T105947572+0100___01778s__conf0.570.wav,20210225T102952,1778
Cernic__S20210225T102952078+0100_E20210225T105947572+0100___01709s__conf0.997.wav,20210225T102952,1709
Cernic__S20210225T102952078+0100_E20210225T105947572+0100___01708s__conf0.995.wav,20210225T102952,1708
Cernic__S20210225T102952078+0100_E20210225T105947572+0100___01707s__conf1.000.wav,20210225T102952,1707
Cernic__S20210225T102952078+0100_E20210225T105947572+0100___01706s__conf1.000.wav,20210225T102952,1706
Cernic__S20210225T102952078+0100_E20210225T105947572+0100___01670s__conf0.850.wav,20210225T102952,1670
Cernic__S20210225T102952078+0100_E20210225T105947572+0100___01669s__conf0.990.wav,20210225T102952,1669
Cernic__S20210225T102952078+0100_E20210225T105947572+0100___01662s__conf0.851.wav,20210225T102952,1662
Cernic__S20210225T102952078+0100_E20210225T105947572+0100___01660s__conf0.997.wav,20210225T102952,1660
Cernic__S20210225T102952078+0100_E20210225T105947572+0100___01659s__conf0.923.wav,20210225T102952,1659
Cernic__S20210225T102952078+0100_E20210225T105947572+0100___01658s__conf0.998.wav,20210225T102952,1658
Cernic__S20210225T102952078+0100_E20210225T105947572+0100___01657s__conf0.997.wav,20210225T102952,1657
Cernic__S20210225T102952078+0100_E20210225T105947572+0100___01656s__conf0.932.wav,20210225T102952,1656
Cernic__S20210225T102952078+0100_E20210225T105947572+0100___01655s__conf1.000.wav,20210225T102952,1655
Cernic__S20210225T102952078+0100_E20210225T105947572+0100___01654s__conf0.987.wav,20210225T102952,1654
Cernic__S20210225T102952078+0100_E20210225T105947572+0100___00194s__conf0.779.wav,20210225T102952,194
Cernic__S20210225T092948733+0100_E20210225T095949635+0100___00936s__conf0.983.wav,20210225T092948,936
Cernic__S20210225T092948733+0100_E20210225T095949635+0100___00935s__conf0.984.wav,20210225T092948,935
Cernic__S20210225T092948733+0100_E20210225T095949635+0100___00905s__conf0.961.wav,20210225T092948,905
Cernic__S20210225T092948733+0100_E20210225T095949635+0100___00884s__conf0.984.wav,20210225T092948,884
Cernic__S20210225T092948733+0100_E20210225T095949635+0100___00844s__conf0.709.wav,20210225T092948,844
Cernic__S20210225T092948733+0100_E20210225T095949635+0100___00836s__conf0.995.wav,20210225T092948,836
Cernic__S20210225T092948733+0100_E20210225T095949635+0100___00835s__conf0.892.wav,20210225T092948,835
Cernic__S20210225T092948733+0100_E20210225T095949635+0100___00823s__conf0.999.wav,20210225T092948,823
Cernic__S20210225T092948733+0100_E20210225T095949635+0100___00811s__conf0.999.wav,20210225T092948,811
Cernic__S20210225T092948733+0100_E20210225T095949635+0100___00810s__conf0.999.wav,20210225T092948,810
Cernic__S20210225T092948733+0100_E20210225T095949635+0100___00809s__conf0.993.wav,20210225T092948,809
Cernic__S20210225T092948733+0100_E20210225T095949635+0100___00800s__conf0.566.wav,20210225T092948,800
Cernic__S20210225T092948733+0100_E20210225T095949635+0100___00799s__conf0.962.wav,20210225T092948,799
Cernic__S20210225T092948733+0100_E20210225T095949635+0100___00793s__conf0.815.wav,20210225T092948,793
Cernic__S20210225T092948733+0100_E20210225T095949635+0100___00792s__conf0.979.wav,20210225T092948,792
Cernic__S20210225T092948733+0100_E20210225T095949635+0100___00791s__conf0.989.wav,20210225T092948,791
Cernic__S20210225T092948733+0100_E20210225T095949635+0100___00790s__conf0.978.wav,20210225T092948,790
Cernic__S20210225T092948733+0100_E20210225T095949635+0100___00789s__conf0.976.wav,20210225T092948,789
Cernic__S20210225T092948733+0100_E20210225T095949635+0100___00788s__conf0.969.wav,20210225T092948,788
Cernic__S20210225T092948733+0100_E20210225T095949635+0100___00787s__conf0.992.wav,20210225T092948,787
Cernic__S20210225T065950342+0100_E20210225T072948229+0100___01516s__conf1.000.wav,20210225T065950,1516
Cernic__S20210225T065950342+0100_E20210225T072948229+0100___01515s__conf0.988.wav,20210225T065950,1515
Cernic__S20210225T002948820+0100_E20210225T005947657+0100___01310s__conf0.820.wav,20210225T002948,1310
Cernic__S20210224T232950037+0100_E20210224T235945994+0100___01071s__conf0.664.wav,20210224T232950,1071
Cernic__S20210224T185950744+0100_E20210224T192949389+0100___01046s__conf0.962.wav,20210224T185950,1046
Cernic__S20210224T182948726+0100_E20210224T185946771+0100___01366s__conf0.634.wav,20210224T182948,1366
Cernic__S20210224T182948726+0100_E20210224T185946771+0100___00404s__conf0.875.wav,20210224T182948,404
Cernic__S20210224T182948726+0100_E20210224T185946771+0100___00403s__conf0.990.wav,20210224T182948,403
Cernic__S20210224T175949112+0100_E20210224T182947157+0100___01131s__conf0.823.wav,20210224T175949,1131
Cernic__S20210224T175949112+0100_E20210224T182947157+0100___00093s__conf0.729.wav,20210224T175949,93
Cernic__S20210224T172951554+0100_E20210224T175947534+0100___01765s__conf0.996.wav,20210224T172951,1765
Cernic__S20210224T172951554+0100_E20210224T175947534+0100___01764s__conf0.960.wav,20210224T172951,1764
Cernic__S20210224T172951554+0100_E20210224T175947534+0100___01686s__conf0.942.wav,20210224T172951,1686
Cernic__S20210224T172951554+0100_E20210224T175947534+0100___01684s__conf0.623.wav,20210224T172951,1684
Cernic__S20210224T172951554+0100_E20210224T175947534+0100___01683s__conf0.985.wav,20210224T172951,1683
Cernic__S20210224T172951554+0100_E20210224T175947534+0100___01682s__conf0.741.wav,20210224T172951,1682
Cernic__S20210224T172951554+0100_E20210224T175947534+0100___01681s__conf0.910.wav,20210224T172951,1681
Cernic__S20210224T172951554+0100_E20210224T175947534+0100___01680s__conf0.799.wav,20210224T172951,1680
Cernic__S20210224T172951554+0100_E20210224T175947534+0100___01677s__conf0.952.wav,20210224T172951,1677
Cernic__S20210224T172951554+0100_E20210224T175947534+0100___01676s__conf0.999.wav,20210224T172951,1676
Cernic__S20210224T172951554+0100_E20210224T175947534+0100___01674s__conf0.759.wav,20210224T172951,1674
Cernic__S20210224T172951554+0100_E20210224T175947534+0100___01671s__conf0.998.wav,20210224T172951,1671
Cernic__S20210224T172951554+0100_E20210224T175947534+0100___01670s__conf0.998.wav,20210224T172951,1670
Cernic__S20210224T172951554+0100_E20210224T175947534+0100___01669s__conf1.000.wav,20210224T172951,1669
Cernic__S20210224T172951554+0100_E20210224T175947534+0100___01668s__conf0.995.wav,20210224T172951,1668
Cernic__S20210224T172951554+0100_E20210224T175947534+0100___01660s__conf0.976.wav,20210224T172951,1660
Cernic__S20210224T172951554+0100_E20210224T175947534+0100___01654s__conf0.916.wav,20210224T172951,1654
Cernic__S20210224T172951554+0100_E20210224T175947534+0100___01653s__conf0.929.wav,20210224T172951,1653
Cernic__S20210224T172951554+0100_E20210224T175947534+0100___01652s__conf0.868.wav,20210224T172951,1652
Cernic__S20210224T172951554+0100_E20210224T175947534+0100___01650s__conf0.876.wav,20210224T172951,1650
Cernic__S20210224T172951554+0100_E20210224T175947534+0100___01649s__conf0.799.wav,20210224T172951,1649
Cernic__S20210224T172951554+0100_E20210224T175947534+0100___01647s__conf0.776.wav,20210224T172951,1647
Cernic__S20210224T172951554+0100_E20210224T175947534+0100___01646s__conf0.965.wav,20210224T172951,1646
Cernic__S20210224T172951554+0100_E20210224T175947534+0100___01644s__conf0.975.wav,20210224T172951,1644
Cernic__S20210224T172951554+0100_E20210224T175947534+0100___01642s__conf0.695.wav,20210224T172951,1642
Cernic__S20210224T172951554+0100_E20210224T175947534+0100___01641s__conf0.979.wav,20210224T172951,1641
Cernic__S20210224T172951554+0100_E20210224T175947534+0100___01639s__conf0.983.wav,20210224T172951,1639
Cernic__S20210224T172951554+0100_E20210224T175947534+0100___01254s__conf0.814.wav,20210224T172951,1254
Cernic__S20210224T172951554+0100_E20210224T175947534+0100___00113s__conf0.545.wav,20210224T172951,113
Cernic__S20210224T172951554+0100_E20210224T175947534+0100___00107s__conf0.915.wav,20210224T172951,107
Cernic__S20210224T172951554+0100_E20210224T175947534+0100___00088s__conf1.000.wav,20210224T172951,88
Cernic__S20210224T172951554+0100_E20210224T175947534+0100___00087s__conf1.000.wav,20210224T172951,87
Cernic__S20210224T165947980+0100_E20210224T172949440+0100___00057s__conf0.933.wav,20210224T165947,57
Cernic__S20210224T152952172+0100_E20210224T155948781+0100___01769s__conf0.789.wav,20210224T152952,1769
Cernic__S20210224T152952172+0100_E20210224T155948781+0100___00320s__conf0.972.wav,20210224T152952,320
Cernic__S20210224T135951692+0100_E20210224T142947951+0100___01189s__conf0.959.wav,20210224T135951,1189
Cernic__S20210224T125953767+0100_E20210224T132954205+0100___01236s__conf1.000.wav,20210224T125953,1236
Cernic__S20210224T125953767+0100_E20210224T132954205+0100___01235s__conf0.999.wav,20210224T125953,1235
Cernic__S20210224T125953767+0100_E20210224T132954205+0100___00975s__conf1.000.wav,20210224T125953,975
Cernic__S20210224T125953767+0100_E20210224T132954205+0100___00974s__conf0.975.wav,20210224T125953,974
Cernic__S20210224T125953767+0100_E20210224T132954205+0100___00950s__conf1.000.wav,20210224T125953,950
Cernic__S20210224T125953767+0100_E20210224T132954205+0100___00949s__conf1.000.wav,20210224T125953,949
Cernic__S20210224T125953767+0100_E20210224T132954205+0100___00948s__conf0.964.wav,20210224T125953,948
Cernic__S20210224T125953767+0100_E20210224T132954205+0100___00947s__conf0.992.wav,20210224T125953,947
Cernic__S20210224T085950779+0100_E20210224T092949566+0100___00633s__conf0.783.wav,20210224T085950,633
Cernic__S20210224T072950087+0100_E20210224T075954726+0100___01063s__conf0.960.wav,20210224T072950,1063
Cernic__S20210224T072950087+0100_E20210224T075954726+0100___01062s__conf1.000.wav,20210224T072950,1062
Cernic__S20210224T072950087+0100_E20210224T075954726+0100___01061s__conf0.999.wav,20210224T072950,1061
Cernic__S20210224T072950087+0100_E20210224T075954726+0100___00963s__conf0.969.wav,20210224T072950,963
Cernic__S20210224T072950087+0100_E20210224T075954726+0100___00962s__conf0.998.wav,20210224T072950,962
Cernic__S20210224T072950087+0100_E20210224T075954726+0100___00955s__conf0.967.wav,20210224T072950,955
Cernic__S20210224T072950087+0100_E20210224T075954726+0100___00954s__conf0.608.wav,20210224T072950,954
Cernic__S20210224T072950087+0100_E20210224T075954726+0100___00952s__conf0.995.wav,20210224T072950,952
Cernic__S20210224T072950087+0100_E20210224T075954726+0100___00951s__conf0.976.wav,20210224T072950,951
Cernic__S20210224T072950087+0100_E20210224T075954726+0100___00950s__conf0.997.wav,20210224T072950,950
Cernic__S20210224T072950087+0100_E20210224T075954726+0100___00949s__conf1.000.wav,20210224T072950,949
Cernic__S20210224T072950087+0100_E20210224T075954726+0100___00948s__conf1.000.wav,20210224T072950,948
Cernic__S20210224T072950087+0100_E20210224T075954726+0100___00947s__conf0.999.wav,20210224T072950,947
Cernic__S20210223T172953298+0100_E20210223T175951436+0100___01468s__conf0.784.wav,20210223T172953,1468
Cernic__S20210223T172953298+0100_E20210223T175951436+0100___01467s__conf0.995.wav,20210223T172953,1467
Cernic__S20210223T172953298+0100_E20210223T175951436+0100___01256s__conf0.905.wav,20210223T172953,1256
Cernic__S20210223T172953298+0100_E20210223T175951436+0100___01255s__conf0.548.wav,20210223T172953,1255
Cernic__S20210223T172953298+0100_E20210223T175951436+0100___01212s__conf0.971.wav,20210223T172953,1212
Cernic__S20210223T172953298+0100_E20210223T175951436+0100___01211s__conf0.771.wav,20210223T172953,1211
Cernic__S20210223T172953298+0100_E20210223T175951436+0100___01184s__conf0.651.wav,20210223T172953,1184
Cernic__S20210223T172953298+0100_E20210223T175951436+0100___01125s__conf0.842.wav,20210223T172953,1125
Cernic__S20210223T172953298+0100_E20210223T175951436+0100___01124s__conf0.935.wav,20210223T172953,1124
Cernic__S20210223T172953298+0100_E20210223T175951436+0100___01113s__conf0.614.wav,20210223T172953,1113
Cernic__S20210223T172953298+0100_E20210223T175951436+0100___00938s__conf0.528.wav,20210223T172953,938
Cernic__S20210223T172953298+0100_E20210223T175951436+0100___00937s__conf0.985.wav,20210223T172953,937
Cernic__S20210223T172953298+0100_E20210223T175951436+0100___00868s__conf0.502.wav,20210223T172953,868
Cernic__S20210223T172953298+0100_E20210223T175951436+0100___00823s__conf0.999.wav,20210223T172953,823
Cernic__S20210223T172953298+0100_E20210223T175951436+0100___00822s__conf0.987.wav,20210223T172953,822
Cernic__S20210223T172953298+0100_E20210223T175951436+0100___00818s__conf0.852.wav,20210223T172953,818
Cernic__S20210223T172953298+0100_E20210223T175951436+0100___00809s__conf0.879.wav,20210223T172953,809
Cernic__S20210223T172953298+0100_E20210223T175951436+0100___00702s__conf0.999.wav,20210223T172953,702
Cernic__S20210223T172953298+0100_E20210223T175951436+0100___00501s__conf0.993.wav,20210223T172953,501
Cernic__S20210223T172953298+0100_E20210223T175951436+0100___00500s__conf0.971.wav,20210223T172953,500
Cernic__S20210223T172953298+0100_E20210223T175951436+0100___00420s__conf0.898.wav,20210223T172953,420
Cernic__S20210223T172953298+0100_E20210223T175951436+0100___00303s__conf0.921.wav,20210223T172953,303
Cernic__S20210223T172953298+0100_E20210223T175951436+0100___00301s__conf0.975.wav,20210223T172953,301
Cernic__S20210223T172953298+0100_E20210223T175951436+0100___00300s__conf0.993.wav,20210223T172953,300
Cernic__S20210223T172953298+0100_E20210223T175951436+0100___00299s__conf0.630.wav,20210223T172953,299
Cernic__S20210223T155954902+0100_E20210223T162949947+0100___00441s__conf0.991.wav,20210223T155954,441
Cernic__S20210223T152953302+0100_E20210223T155950326+0100___01390s__conf0.579.wav,20210223T152953,1390
Cernic__S20210223T152953302+0100_E20210223T155950326+0100___01295s__conf0.888.wav,20210223T152953,1295
Cernic__S20210223T152953302+0100_E20210223T155950326+0100___01293s__conf0.950.wav,20210223T152953,1293
Cernic__S20210223T152953302+0100_E20210223T155950326+0100___01292s__conf0.998.wav,20210223T152953,1292
Cernic__S20210223T152953302+0100_E20210223T155950326+0100___01291s__conf0.995.wav,20210223T152953,1291
Cernic__S20210223T152953302+0100_E20210223T155950326+0100___01289s__conf0.951.wav,20210223T152953,1289
Cernic__S20210223T142954280+0100_E20210223T145951860+0100___00941s__conf0.902.wav,20210223T142954,941
Cernic__S20210223T125954247+0100_E20210223T132954007+0100___01683s__conf0.894.wav,20210223T125954,1683
Cernic__S20210223T122956958+0100_E20210223T125950965+0100___00155s__conf0.977.wav,20210223T122956,155
Cernic__S20210223T115955376+0100_E20210223T122956179+0100___01738s__conf0.990.wav,20210223T115955,1738
Cernic__S20210223T115955376+0100_E20210223T122956179+0100___01544s__conf0.522.wav,20210223T115955,1544
Cernic__S20210223T115955376+0100_E20210223T122956179+0100___01322s__conf0.677.wav,20210223T115955,1322
Cernic__S20210223T112954264+0100_E20210223T115950823+0100___01190s__conf0.551.wav,20210223T112954,1190
Cernic__S20210223T102956797+0100_E20210223T105952126+0100___00935s__conf0.988.wav,20210223T102956,935
Cernic__S20210223T102956797+0100_E20210223T105952126+0100___00934s__conf0.999.wav,20210223T102956,934
Cernic__S20210223T102956797+0100_E20210223T105952126+0100___00857s__conf0.936.wav,20210223T102956,857
Cernic__S20210223T102956797+0100_E20210223T105952126+0100___00843s__conf0.975.wav,20210223T102956,843
Cernic__S20210223T102956797+0100_E20210223T105952126+0100___00842s__conf0.998.wav,20210223T102956,842
Cernic__S20210223T102956797+0100_E20210223T105952126+0100___00816s__conf0.986.wav,20210223T102956,816
Cernic__S20210223T102956797+0100_E20210223T105952126+0100___00815s__conf0.988.wav,20210223T102956,815
Cernic__S20210223T102956797+0100_E20210223T105952126+0100___00792s__conf0.606.wav,20210223T102956,792
Cernic__S20210223T102956797+0100_E20210223T105952126+0100___00788s__conf0.999.wav,20210223T102956,788
Cernic__S20210223T102956797+0100_E20210223T105952126+0100___00787s__conf0.997.wav,20210223T102956,787
Cernic__S20210223T102956797+0100_E20210223T105952126+0100___00757s__conf0.919.wav,20210223T102956,757
Cernic__S20210223T102956797+0100_E20210223T105952126+0100___00756s__conf0.998.wav,20210223T102956,756
Cernic__S20210223T102956797+0100_E20210223T105952126+0100___00755s__conf1.000.wav,20210223T102956,755
Cernic__S20210223T102956797+0100_E20210223T105952126+0100___00746s__conf0.993.wav,20210223T102956,746
Cernic__S20210223T102956797+0100_E20210223T105952126+0100___00716s__conf0.999.wav,20210223T102956,716
Cernic__S20210223T102956797+0100_E20210223T105952126+0100___00702s__conf0.926.wav,20210223T102956,702
Cernic__S20210223T102956797+0100_E20210223T105952126+0100___00701s__conf0.964.wav,20210223T102956,701
Cernic__S20210223T102956797+0100_E20210223T105952126+0100___00698s__conf0.874.wav,20210223T102956,698
Cernic__S20210223T102956797+0100_E20210223T105952126+0100___00680s__conf0.877.wav,20210223T102956,680
Cernic__S20210223T102956797+0100_E20210223T105952126+0100___00679s__conf0.989.wav,20210223T102956,679
Cernic__S20210223T102956797+0100_E20210223T105952126+0100___00661s__conf0.862.wav,20210223T102956,661
Cernic__S20210223T102956797+0100_E20210223T105952126+0100___00653s__conf0.909.wav,20210223T102956,653
Cernic__S20210223T102956797+0100_E20210223T105952126+0100___00652s__conf0.982.wav,20210223T102956,652
Cernic__S20210223T102956797+0100_E20210223T105952126+0100___00648s__conf0.997.wav,20210223T102956,648
Cernic__S20210223T102956797+0100_E20210223T105952126+0100___00647s__conf1.000.wav,20210223T102956,647
Cernic__S20210223T102956797+0100_E20210223T105952126+0100___00646s__conf1.000.wav,20210223T102956,646
Cernic__S20210223T102956797+0100_E20210223T105952126+0100___00643s__conf0.998.wav,20210223T102956,643
Cernic__S20210223T102956797+0100_E20210223T105952126+0100___00637s__conf0.853.wav,20210223T102956,637
Cernic__S20210223T102956797+0100_E20210223T105952126+0100___00636s__conf0.906.wav,20210223T102956,636
Cernic__S20210223T075955447+0100_E20210223T082951448+0100___00484s__conf0.516.wav,20210223T075955,484
Cernic__S20210223T072954883+0100_E20210223T075953621+0100___01415s__conf0.754.wav,20210223T072954,1415
Cernic__S20210223T062957782+0100_E20210223T065954526+0100___00421s__conf0.960.wav,20210223T062957,421
Cernic__S20210223T062957782+0100_E20210223T065954526+0100___00420s__conf0.994.wav,20210223T062957,420
Cernic__S20210223T062957782+0100_E20210223T065954526+0100___00379s__conf1.000.wav,20210223T062957,379
Cernic__S20210223T062957782+0100_E20210223T065954526+0100___00347s__conf0.985.wav,20210223T062957,347
Cernic__S20210223T062957782+0100_E20210223T065954526+0100___00346s__conf0.987.wav,20210223T062957,346
Cernic__S20210223T062957782+0100_E20210223T065954526+0100___00329s__conf0.855.wav,20210223T062957,329
Cernic__S20210223T062957782+0100_E20210223T065954526+0100___00328s__conf0.733.wav,20210223T062957,328
Cernic__S20210223T062957782+0100_E20210223T065954526+0100___00307s__conf0.996.wav,20210223T062957,307
Cernic__S20210223T062957782+0100_E20210223T065954526+0100___00288s__conf1.000.wav,20210223T062957,288
Cernic__S20210223T062957782+0100_E20210223T065954526+0100___00287s__conf1.000.wav,20210223T062957,287
Cernic__S20210223T062957782+0100_E20210223T065954526+0100___00270s__conf0.980.wav,20210223T062957,270
Cernic__S20210223T062957782+0100_E20210223T065954526+0100___00269s__conf0.992.wav,20210223T062957,269
Cernic__S20210223T062957782+0100_E20210223T065954526+0100___00267s__conf1.000.wav,20210223T062957,267
Cernic__S20210223T062957782+0100_E20210223T065954526+0100___00266s__conf0.995.wav,20210223T062957,266
Cernic__S20210223T055956037+0100_E20210223T062955546+0100___01226s__conf0.893.wav,20210223T055956,1226
Cernic__S20210223T055956037+0100_E20210223T062955546+0100___01225s__conf0.996.wav,20210223T055956,1225
Cernic__S20210222T172957921+0100_E20210222T175952966+0100___00568s__conf0.746.wav,20210222T172957,568
Cernic__S20210222T172957921+0100_E20210222T175952966+0100___00512s__conf0.604.wav,20210222T172957,512
Cernic__S20210222T172957921+0100_E20210222T175952966+0100___00503s__conf0.928.wav,20210222T172957,503
Cernic__S20210222T172957921+0100_E20210222T175952966+0100___00502s__conf0.881.wav,20210222T172957,502
Cernic__S20210222T172957921+0100_E20210222T175952966+0100___00476s__conf0.694.wav,20210222T172957,476
Cernic__S20210222T172957921+0100_E20210222T175952966+0100___00368s__conf0.599.wav,20210222T172957,368
Cernic__S20210222T172957921+0100_E20210222T175952966+0100___00290s__conf0.825.wav,20210222T172957,290
Cernic__S20210222T165955611+0100_E20210222T172954142+0100___01197s__conf0.719.wav,20210222T165955,1197
Cernic__S20210222T165955611+0100_E20210222T172954142+0100___01111s__conf1.000.wav,20210222T165955,1111
Cernic__S20210222T165955611+0100_E20210222T172954142+0100___01110s__conf0.991.wav,20210222T165955,1110
Cernic__S20210222T165955611+0100_E20210222T172954142+0100___00184s__conf0.767.wav,20210222T165955,184
Cernic__S20210222T162957641+0100_E20210222T165953707+0100___01529s__conf0.900.wav,20210222T162957,1529
Cernic__S20210222T102958178+0100_E20210222T105956244+0100___00003s__conf0.959.wav,20210222T102958,3
Cernic__S20210222T092958469+0100_E20210222T095956021+0100___00197s__conf0.842.wav,20210222T092958,197
Cernic__S20210222T085958531+0100_E20210222T092953855+0100___01358s__conf0.546.wav,20210222T085958,1358
Cernic__S20210222T072958482+0100_E20210222T075956269+0100___00652s__conf0.616.wav,20210222T072958,652
Cernic__S20210222T053000387+0100_E20210222T055955852+0100___01722s__conf0.998.wav,20210222T053000,1722
Cernic__S20210222T053000387+0100_E20210222T055955852+0100___01721s__conf0.503.wav,20210222T053000,1721
Cernic__S20210222T053000387+0100_E20210222T055955852+0100___01692s__conf0.557.wav,20210222T053000,1692
Cernic__S20210222T053000387+0100_E20210222T055955852+0100___01687s__conf1.000.wav,20210222T053000,1687
Cernic__S20210222T053000387+0100_E20210222T055955852+0100___01686s__conf1.000.wav,20210222T053000,1686
Cernic__S20210222T053000387+0100_E20210222T055955852+0100___01676s__conf0.993.wav,20210222T053000,1676
Cernic__S20210222T053000387+0100_E20210222T055955852+0100___01675s__conf0.697.wav,20210222T053000,1675
Cernic__S20210222T053000387+0100_E20210222T055955852+0100___01674s__conf0.848.wav,20210222T053000,1674
Cernic__S20210222T053000387+0100_E20210222T055955852+0100___01661s__conf0.977.wav,20210222T053000,1661
Cernic__S20210222T053000387+0100_E20210222T055955852+0100___01660s__conf0.924.wav,20210222T053000,1660
Cernic__S20210222T053000387+0100_E20210222T055955852+0100___01652s__conf0.527.wav,20210222T053000,1652
Cernic__S20210222T053000387+0100_E20210222T055955852+0100___01651s__conf0.999.wav,20210222T053000,1651
Cernic__S20210222T053000387+0100_E20210222T055955852+0100___01650s__conf0.978.wav,20210222T053000,1650
Cernic__S20210222T053000387+0100_E20210222T055955852+0100___01649s__conf0.999.wav,20210222T053000,1649
Cernic__S20210222T053000387+0100_E20210222T055955852+0100___01640s__conf0.996.wav,20210222T053000,1640
Cernic__S20210222T053000387+0100_E20210222T055955852+0100___01639s__conf1.000.wav,20210222T053000,1639
Cernic__S20210222T053000387+0100_E20210222T055955852+0100___01638s__conf1.000.wav,20210222T053000,1638
Cernic__S20210222T053000387+0100_E20210222T055955852+0100___01637s__conf1.000.wav,20210222T053000,1637
Cernic__S20210222T053000387+0100_E20210222T055955852+0100___01636s__conf1.000.wav,20210222T053000,1636
Cernic__S20210222T053000387+0100_E20210222T055955852+0100___01635s__conf1.000.wav,20210222T053000,1635
Cernic__S20210222T053000387+0100_E20210222T055955852+0100___01634s__conf1.000.wav,20210222T053000,1634
Cernic__S20210222T053000387+0100_E20210222T055955852+0100___01633s__conf0.998.wav,20210222T053000,1633
Cernic__S20210222T053000387+0100_E20210222T055955852+0100___01632s__conf1.000.wav,20210222T053000,1632
Cernic__S20210222T005957779+0100_E20210222T012955646+0100___00094s__conf1.000.wav,20210222T005957,94
Cernic__S20210222T005957779+0100_E20210222T012955646+0100___00095s__conf1.000.wav,20210222T005957,95
Cernic__S20210222T005957779+0100_E20210222T012955646+0100___00096s__conf1.000.wav,20210222T005957,96
Cernic__S20210222T005957779+0100_E20210222T012955646+0100___00097s__conf1.000.wav,20210222T005957,97
Cernic__S20210222T005957779+0100_E20210222T012955646+0100___00098s__conf1.000.wav,20210222T005957,98
Cernic__S20210222T005957779+0100_E20210222T012955646+0100___00099s__conf1.000.wav,20210222T005957,99
Cernic__S20210222T005957779+0100_E20210222T012955646+0100___00100s__conf1.000.wav,20210222T005957,100
Cernic__S20210222T005957779+0100_E20210222T012955646+0100___00101s__conf0.994.wav,20210222T005957,101
Cernic__S20210222T005957779+0100_E20210222T012955646+0100___00102s__conf0.999.wav,20210222T005957,102
Cernic__S20210222T005957779+0100_E20210222T012955646+0100___00103s__conf0.999.wav,20210222T005957,103
Cernic__S20210222T005957779+0100_E20210222T012955646+0100___00104s__conf0.979.wav,20210222T005957,104
Cernic__S20210222T005957779+0100_E20210222T012955646+0100___00105s__conf0.998.wav,20210222T005957,105
Cernic__S20210222T005957779+0100_E20210222T012955646+0100___00109s__conf1.000.wav,20210222T005957,109
Cernic__S20210222T005957779+0100_E20210222T012955646+0100___00110s__conf1.000.wav,20210222T005957,110
Cernic__S20210222T005957779+0100_E20210222T012955646+0100___00127s__conf1.000.wav,20210222T005957,127
Cernic__S20210222T005957779+0100_E20210222T012955646+0100___00128s__conf1.000.wav,20210222T005957,128
Cernic__S20210222T005957779+0100_E20210222T012955646+0100___00129s__conf0.999.wav,20210222T005957,129
Cernic__S20210222T005957779+0100_E20210222T012955646+0100___00130s__conf1.000.wav,20210222T005957,130
Cernic__S20210222T005957779+0100_E20210222T012955646+0100___00155s__conf1.000.wav,20210222T005957,155
Cernic__S20210222T005957779+0100_E20210222T012955646+0100___00156s__conf0.998.wav,20210222T005957,156
Cernic__S20210222T005957779+0100_E20210222T012955646+0100___00157s__conf0.987.wav,20210222T005957,157
Cernic__S20210222T052957668+0100_E20210222T055957394+0100___01168s__conf0.693.wav,20210222T052957,1168
Cernic__S20210222T052957668+0100_E20210222T055957394+0100___01386s__conf0.879.wav,20210222T052957,1386
Cernic__S20210222T052957668+0100_E20210222T055957394+0100___01387s__conf0.967.wav,20210222T052957,1387
Cernic__S20210222T055959056+0100_E20210222T062958224+0100___00096s__conf1.000.wav,20210222T055959,96
Cernic__S20210222T055959056+0100_E20210222T062958224+0100___00097s__conf1.000.wav,20210222T055959,97
Cernic__S20210222T055959056+0100_E20210222T062958224+0100___00098s__conf1.000.wav,20210222T055959,98
Cernic__S20210222T055959056+0100_E20210222T062958224+0100___00099s__conf1.000.wav,20210222T055959,99
Cernic__S20210222T055959056+0100_E20210222T062958224+0100___00100s__conf1.000.wav,20210222T055959,100
Cernic__S20210222T055959056+0100_E20210222T062958224+0100___00101s__conf1.000.wav,20210222T055959,101
Cernic__S20210222T055959056+0100_E20210222T062958224+0100___00103s__conf1.000.wav,20210222T055959,103
Cernic__S20210222T055959056+0100_E20210222T062958224+0100___00104s__conf1.000.wav,20210222T055959,104
Cernic__S20210222T055959056+0100_E20210222T062958224+0100___00105s__conf0.971.wav,20210222T055959,105
Cernic__S20210222T055959056+0100_E20210222T062958224+0100___00106s__conf0.996.wav,20210222T055959,106
Cernic__S20210222T055959056+0100_E20210222T062958224+0100___00107s__conf0.999.wav,20210222T055959,107
Cernic__S20210222T055959056+0100_E20210222T062958224+0100___00108s__conf0.999.wav,20210222T055959,108
Cernic__S20210222T055959056+0100_E20210222T062958224+0100___00109s__conf1.000.wav,20210222T055959,109
Cernic__S20210222T055959056+0100_E20210222T062958224+0100___00121s__conf1.000.wav,20210222T055959,121
Cernic__S20210222T055959056+0100_E20210222T062958224+0100___00122s__conf1.000.wav,20210222T055959,122
Cernic__S20210222T055959056+0100_E20210222T062958224+0100___00123s__conf0.997.wav,20210222T055959,123
Cernic__S20210222T055959056+0100_E20210222T062958224+0100___00124s__conf1.000.wav,20210222T055959,124
Cernic__S20210222T055959056+0100_E20210222T062958224+0100___00125s__conf0.999.wav,20210222T055959,125
Cernic__S20210222T055959056+0100_E20210222T062958224+0100___00137s__conf0.998.wav,20210222T055959,137
Cernic__S20210222T055959056+0100_E20210222T062958224+0100___00138s__conf0.990.wav,20210222T055959,138
Cernic__S20210222T055959056+0100_E20210222T062958224+0100___00139s__conf1.000.wav,20210222T055959,139
Cernic__S20210222T055959056+0100_E20210222T062958224+0100___00156s__conf1.000.wav,20210222T055959,156
Cernic__S20210222T055959056+0100_E20210222T062958224+0100___00157s__conf1.000.wav,20210222T055959,157
Cernic__S20210222T055959056+0100_E20210222T062958224+0100___00158s__conf1.000.wav,20210222T055959,158
Cernic__S20210222T055959056+0100_E20210222T062958224+0100___00159s__conf1.000.wav,20210222T055959,159
Cernic__S20210222T055959056+0100_E20210222T062958224+0100___00180s__conf0.996.wav,20210222T055959,180
Cernic__S20210222T055959056+0100_E20210222T062958224+0100___00181s__conf0.998.wav,20210222T055959,181
Cernic__S20210222T072959088+0100_E20210222T075954863+0100___00659s__conf0.835.wav,20210222T072959,659
Cernic__S20210222T072959088+0100_E20210222T075954863+0100___00660s__conf1.000.wav,20210222T072959,660
Cernic__S20210222T072959088+0100_E20210222T075954863+0100___00661s__conf1.000.wav,20210222T072959,661
Cernic__S20210222T072959088+0100_E20210222T075954863+0100___00662s__conf0.990.wav,20210222T072959,662
Cernic__S20210222T072959088+0100_E20210222T075954863+0100___00663s__conf0.996.wav,20210222T072959,663
Cernic__S20210222T072959088+0100_E20210222T075954863+0100___00664s__conf1.000.wav,20210222T072959,664
Cernic__S20210222T072959088+0100_E20210222T075954863+0100___00665s__conf1.000.wav,20210222T072959,665
Cernic__S20210222T072959088+0100_E20210222T075954863+0100___00666s__conf1.000.wav,20210222T072959,666
Cernic__S20210222T072959088+0100_E20210222T075954863+0100___00667s__conf1.000.wav,20210222T072959,667
Cernic__S20210222T072959088+0100_E20210222T075954863+0100___00668s__conf1.000.wav,20210222T072959,668
Cernic__S20210222T072959088+0100_E20210222T075954863+0100___00669s__conf1.000.wav,20210222T072959,669
Cernic__S20210222T072959088+0100_E20210222T075954863+0100___00670s__conf1.000.wav,20210222T072959,670
Cernic__S20210222T072959088+0100_E20210222T075954863+0100___00671s__conf1.000.wav,20210222T072959,671
Cernic__S20210222T072959088+0100_E20210222T075954863+0100___00683s__conf0.983.wav,20210222T072959,683
Cernic__S20210222T072959088+0100_E20210222T075954863+0100___00684s__conf1.000.wav,20210222T072959,684
Cernic__S20210222T072959088+0100_E20210222T075954863+0100___00685s__conf1.000.wav,20210222T072959,685
Cernic__S20210222T072959088+0100_E20210222T075954863+0100___00686s__conf1.000.wav,20210222T072959,686
Cernic__S20210222T072959088+0100_E20210222T075954863+0100___00687s__conf1.000.wav,20210222T072959,687
Cernic__S20210222T072959088+0100_E20210222T075954863+0100___00695s__conf0.999.wav,20210222T072959,695
Cernic__S20210222T072959088+0100_E20210222T075954863+0100___00696s__conf1.000.wav,20210222T072959,696
Cernic__S20210222T072959088+0100_E20210222T075954863+0100___00697s__conf1.000.wav,20210222T072959,697
Cernic__S20210222T072959088+0100_E20210222T075954863+0100___00698s__conf1.000.wav,20210222T072959,698
Cernic__S20210222T072959088+0100_E20210222T075954863+0100___00699s__conf1.000.wav,20210222T072959,699
Cernic__S20210222T072959088+0100_E20210222T075954863+0100___00715s__conf0.999.wav,20210222T072959,715
Cernic__S20210222T072959088+0100_E20210222T075954863+0100___00716s__conf1.000.wav,20210222T072959,716
Cernic__S20210222T072959088+0100_E20210222T075954863+0100___00717s__conf1.000.wav,20210222T072959,717
Cernic__S20210222T072959088+0100_E20210222T075954863+0100___00718s__conf1.000.wav,20210222T072959,718
Cernic__S20210222T072959088+0100_E20210222T075954863+0100___00719s__conf0.980.wav,20210222T072959,719
Cernic__S20210222T072959088+0100_E20210222T075954863+0100___00733s__conf1.000.wav,20210222T072959,733
Cernic__S20210222T072959088+0100_E20210222T075954863+0100___00734s__conf1.000.wav,20210222T072959,734
Cernic__S20210222T072959088+0100_E20210222T075954863+0100___00735s__conf0.978.wav,20210222T072959,735
Cernic__S20210222T072959088+0100_E20210222T075954863+0100___00736s__conf0.935.wav,20210222T072959,736
Cernic__S20210222T082957569+0100_E20210222T085954600+0100___00034s__conf0.998.wav,20210222T082957,34
Cernic__S20210222T082957569+0100_E20210222T085954600+0100___00035s__conf1.000.wav,20210222T082957,35
Cernic__S20210222T082957569+0100_E20210222T085954600+0100___00037s__conf0.565.wav,20210222T082957,37
Cernic__S20210222T082957569+0100_E20210222T085954600+0100___00074s__conf0.992.wav,20210222T082957,74
Cernic__S20210222T082957569+0100_E20210222T085954600+0100___00075s__conf0.991.wav,20210222T082957,75
Cernic__S20210222T082957569+0100_E20210222T085954600+0100___00095s__conf0.787.wav,20210222T082957,95
Cernic__S20210222T082957569+0100_E20210222T085954600+0100___00198s__conf1.000.wav,20210222T082957,198
Cernic__S20210222T082957569+0100_E20210222T085954600+0100___00199s__conf1.000.wav,20210222T082957,199
Cernic__S20210222T082957569+0100_E20210222T085954600+0100___00200s__conf1.000.wav,20210222T082957,200
Cernic__S20210222T082957569+0100_E20210222T085954600+0100___00201s__conf1.000.wav,20210222T082957,201
Cernic__S20210222T082957569+0100_E20210222T085954600+0100___00202s__conf1.000.wav,20210222T082957,202
Cernic__S20210222T082957569+0100_E20210222T085954600+0100___00203s__conf1.000.wav,20210222T082957,203
Cernic__S20210222T082957569+0100_E20210222T085954600+0100___00204s__conf1.000.wav,20210222T082957,204
Cernic__S20210222T082957569+0100_E20210222T085954600+0100___00205s__conf0.995.wav,20210222T082957,205
Cernic__S20210222T082957569+0100_E20210222T085954600+0100___00206s__conf1.000.wav,20210222T082957,206
Cernic__S20210222T082957569+0100_E20210222T085954600+0100___00207s__conf0.999.wav,20210222T082957,207
Cernic__S20210222T082957569+0100_E20210222T085954600+0100___00208s__conf0.971.wav,20210222T082957,208
Cernic__S20210222T082957569+0100_E20210222T085954600+0100___00209s__conf1.000.wav,20210222T082957,209
Cernic__S20210222T082957569+0100_E20210222T085954600+0100___00210s__conf0.998.wav,20210222T082957,210
Cernic__S20210222T082957569+0100_E20210222T085954600+0100___00211s__conf0.936.wav,20210222T082957,211
Cernic__S20210222T082957569+0100_E20210222T085954600+0100___00221s__conf0.563.wav,20210222T082957,221
Cernic__S20210222T082957569+0100_E20210222T085954600+0100___00222s__conf1.000.wav,20210222T082957,222
Cernic__S20210222T082957569+0100_E20210222T085954600+0100___00223s__conf0.999.wav,20210222T082957,223
Cernic__S20210222T082957569+0100_E20210222T085954600+0100___00224s__conf0.998.wav,20210222T082957,224
Cernic__S20210222T082957569+0100_E20210222T085954600+0100___00225s__conf1.000.wav,20210222T082957,225
Cernic__S20210222T082957569+0100_E20210222T085954600+0100___00253s__conf0.956.wav,20210222T082957,253
Cernic__S20210222T082957569+0100_E20210222T085954600+0100___00254s__conf1.000.wav,20210222T082957,254
Cernic__S20210222T082957569+0100_E20210222T085954600+0100___00255s__conf1.000.wav,20210222T082957,255
Cernic__S20210222T082957569+0100_E20210222T085954600+0100___00256s__conf1.000.wav,20210222T082957,256
Cernic__S20210222T082957569+0100_E20210222T085954600+0100___00270s__conf0.994.wav,20210222T082957,270
Cernic__S20210222T082957569+0100_E20210222T085954600+0100___00271s__conf1.000.wav,20210222T082957,271
Cernic__S20210222T082957569+0100_E20210222T085954600+0100___00272s__conf0.997.wav,20210222T082957,272
Cernic__S20210222T082957569+0100_E20210222T085954600+0100___00273s__conf1.000.wav,20210222T082957,273
Cernic__S20210222T082957569+0100_E20210222T085954600+0100___00274s__conf1.000.wav,20210222T082957,274
Cernic__S20210222T082957569+0100_E20210222T085954600+0100___00294s__conf1.000.wav,20210222T082957,294
Cernic__S20210222T082957569+0100_E20210222T085954600+0100___00295s__conf1.000.wav,20210222T082957,295
Cernic__S20210222T082957569+0100_E20210222T085954600+0100___00460s__conf0.811.wav,20210222T082957,460
Cernic__S20210222T082957569+0100_E20210222T085954600+0100___01151s__conf0.795.wav,20210222T082957,1151
Cernic__S20210222T082957569+0100_E20210222T085954600+0100___01190s__conf0.999.wav,20210222T082957,1190
Cernic__S20210222T092957116+0100_E20210222T095955076+0100___01164s__conf0.521.wav,20210222T092957,1164
Cernic__S20210222T092957116+0100_E20210222T095955076+0100___01165s__conf0.999.wav,20210222T092957,1165
Cernic__S20210222T092957116+0100_E20210222T095955076+0100___01186s__conf0.889.wav,20210222T092957,1186
Cernic__S20210222T092957116+0100_E20210222T095955076+0100___01245s__conf0.630.wav,20210222T092957,1245
Cernic__S20210222T095956837+0100_E20210222T102958699+0100___00399s__conf0.981.wav,20210222T095956,399
Cernic__S20210222T095956837+0100_E20210222T102958699+0100___00400s__conf1.000.wav,20210222T095956,400
Cernic__S20210222T095956837+0100_E20210222T102958699+0100___00401s__conf1.000.wav,20210222T095956,401
Cernic__S20210222T095956837+0100_E20210222T102958699+0100___00402s__conf1.000.wav,20210222T095956,402
Cernic__S20210222T095956837+0100_E20210222T102958699+0100___00403s__conf0.998.wav,20210222T095956,403
Cernic__S20210222T095956837+0100_E20210222T102958699+0100___00408s__conf0.989.wav,20210222T095956,408
Cernic__S20210222T095956837+0100_E20210222T102958699+0100___00409s__conf0.652.wav,20210222T095956,409
Cernic__S20210222T095956837+0100_E20210222T102958699+0100___00431s__conf0.909.wav,20210222T095956,431
Cernic__S20210222T095956837+0100_E20210222T102958699+0100___00432s__conf1.000.wav,20210222T095956,432
Cernic__S20210222T095956837+0100_E20210222T102958699+0100___00433s__conf0.963.wav,20210222T095956,433
Cernic__S20210222T095956837+0100_E20210222T102958699+0100___00451s__conf0.947.wav,20210222T095956,451
Cernic__S20210222T095956837+0100_E20210222T102958699+0100___00452s__conf0.999.wav,20210222T095956,452
Cernic__S20210222T095956837+0100_E20210222T102958699+0100___00453s__conf0.996.wav,20210222T095956,453
Cernic__S20210222T095956837+0100_E20210222T102958699+0100___00455s__conf0.726.wav,20210222T095956,455
Cernic__S20210222T095956837+0100_E20210222T102958699+0100___00808s__conf0.673.wav,20210222T095956,808
Cernic__S20210222T103002917+0100_E20210222T105955348+0100___01124s__conf0.869.wav,20210222T103002,1124
Cernic__S20210222T105957011+0100_E20210222T112956829+0100___01424s__conf0.538.wav,20210222T105957,1424
Cernic__S20210222T105957011+0100_E20210222T112956829+0100___01425s__conf0.975.wav,20210222T105957,1425
Cernic__S20210222T112958524+0100_E20210222T115953512+0100___00737s__conf0.967.wav,20210222T112958,737
Cernic__S20210222T112958524+0100_E20210222T115953512+0100___00738s__conf0.501.wav,20210222T112958,738
Cernic__S20210222T112958524+0100_E20210222T115953512+0100___00774s__conf0.546.wav,20210222T112958,774
Cernic__S20210222T112958524+0100_E20210222T115953512+0100___01252s__conf0.926.wav,20210222T112958,1252
Cernic__S20210222T122957486+0100_E20210222T125957582+0100___00425s__conf0.786.wav,20210222T122957,425
Cernic__S20210222T125958985+0100_E20210222T132956465+0100___00114s__conf0.580.wav,20210222T125958,114
Cernic__S20210222T125958985+0100_E20210222T132956465+0100___00982s__conf0.985.wav,20210222T125958,982
Cernic__S20210222T132959923+0100_E20210222T135954769+0100___00104s__conf0.999.wav,20210222T132959,104
Cernic__S20210222T132959923+0100_E20210222T135954769+0100___00105s__conf0.997.wav,20210222T132959,105
Cernic__S20210222T135956414+0100_E20210222T142955489+0100___01631s__conf0.587.wav,20210222T135956,1631
Cernic__S20210222T135956414+0100_E20210222T142955489+0100___01632s__conf0.809.wav,20210222T135956,1632
Cernic__S20210222T155957482+0100_E20210222T162957858+0100___00549s__conf0.982.wav,20210222T155957,549
Cernic__S20210222T155957482+0100_E20210222T162957858+0100___00550s__conf1.000.wav,20210222T155957,550
Cernic__S20210222T155957482+0100_E20210222T162957858+0100___00551s__conf1.000.wav,20210222T155957,551
Cernic__S20210222T155957482+0100_E20210222T162957858+0100___00552s__conf0.999.wav,20210222T155957,552
Cernic__S20210222T155957482+0100_E20210222T162957858+0100___00882s__conf0.655.wav,20210222T155957,882
Cernic__S20210222T162959063+0100_E20210222T165954681+0100___01293s__conf0.937.wav,20210222T162959,1293
Cernic__S20210222T162959063+0100_E20210222T165954681+0100___01294s__conf0.579.wav,20210222T162959,1294
Cernic__S20210222T165956480+0100_E20210222T172954534+0100___00113s__conf0.959.wav,20210222T165956,113
Cernic__S20210222T165956480+0100_E20210222T172954534+0100___00114s__conf0.573.wav,20210222T165956,114
Cernic__S20210222T165956480+0100_E20210222T172954534+0100___00471s__conf0.954.wav,20210222T165956,471
Cernic__S20210222T165956480+0100_E20210222T172954534+0100___00480s__conf0.986.wav,20210222T165956,480
Cernic__S20210222T165956480+0100_E20210222T172954534+0100___00481s__conf0.992.wav,20210222T165956,481
Cernic__S20210222T165956480+0100_E20210222T172954534+0100___00482s__conf0.524.wav,20210222T165956,482
Cernic__S20210222T165956480+0100_E20210222T172954534+0100___00489s__conf0.807.wav,20210222T165956,489
Cernic__S20210222T165956480+0100_E20210222T172954534+0100___00492s__conf1.000.wav,20210222T165956,492
Cernic__S20210222T165956480+0100_E20210222T172954534+0100___00493s__conf0.692.wav,20210222T165956,493
Cernic__S20210222T165956480+0100_E20210222T172954534+0100___00534s__conf0.956.wav,20210222T165956,534
Cernic__S20210222T165956480+0100_E20210222T172954534+0100___00535s__conf0.998.wav,20210222T165956,535
Cernic__S20210222T165956480+0100_E20210222T172954534+0100___00536s__conf0.991.wav,20210222T165956,536
Cernic__S20210222T165956480+0100_E20210222T172954534+0100___00540s__conf0.999.wav,20210222T165956,540
Cernic__S20210222T165956480+0100_E20210222T172954534+0100___00541s__conf0.998.wav,20210222T165956,541
Cernic__S20210222T165956480+0100_E20210222T172954534+0100___00542s__conf0.986.wav,20210222T165956,542
Cernic__S20210222T165956480+0100_E20210222T172954534+0100___00544s__conf0.818.wav,20210222T165956,544
Cernic__S20210222T165956480+0100_E20210222T172954534+0100___00567s__conf0.994.wav,20210222T165956,567
Cernic__S20210222T165956480+0100_E20210222T172954534+0100___00568s__conf0.975.wav,20210222T165956,568
Cernic__S20210222T165956480+0100_E20210222T172954534+0100___00569s__conf0.964.wav,20210222T165956,569
Cernic__S20210222T165956480+0100_E20210222T172954534+0100___00570s__conf0.866.wav,20210222T165956,570
Cernic__S20210222T165956480+0100_E20210222T172954534+0100___00572s__conf0.643.wav,20210222T165956,572
Cernic__S20210222T165956480+0100_E20210222T172954534+0100___00574s__conf0.878.wav,20210222T165956,574
Cernic__S20210222T165956480+0100_E20210222T172954534+0100___00578s__conf0.930.wav,20210222T165956,578
Cernic__S20210222T165956480+0100_E20210222T172954534+0100___00581s__conf0.632.wav,20210222T165956,581
Cernic__S20210222T165956480+0100_E20210222T172954534+0100___00600s__conf0.899.wav,20210222T165956,600
Cernic__S20210222T165956480+0100_E20210222T172954534+0100___00601s__conf0.998.wav,20210222T165956,601
Cernic__S20210222T165956480+0100_E20210222T172954534+0100___00602s__conf0.758.wav,20210222T165956,602
Cernic__S20210222T165956480+0100_E20210222T172954534+0100___00615s__conf0.579.wav,20210222T165956,615
Cernic__S20210222T165956480+0100_E20210222T172954534+0100___00632s__conf0.625.wav,20210222T165956,632
Cernic__S20210222T165956480+0100_E20210222T172954534+0100___00649s__conf0.994.wav,20210222T165956,649
Cernic__S20210222T165956480+0100_E20210222T172954534+0100___00666s__conf0.589.wav,20210222T165956,666
Cernic__S20210222T165956480+0100_E20210222T172954534+0100___00670s__conf0.969.wav,20210222T165956,670
Cernic__S20210222T165956480+0100_E20210222T172954534+0100___00671s__conf0.814.wav,20210222T165956,671
Cernic__S20210222T165956480+0100_E20210222T172954534+0100___00672s__conf0.868.wav,20210222T165956,672
Cernic__S20210222T165956480+0100_E20210222T172954534+0100___00678s__conf0.811.wav,20210222T165956,678
Cernic__S20210222T165956480+0100_E20210222T172954534+0100___00690s__conf1.000.wav,20210222T165956,690
Cernic__S20210222T165956480+0100_E20210222T172954534+0100___00691s__conf0.851.wav,20210222T165956,691
Cernic__S20210222T165956480+0100_E20210222T172954534+0100___00692s__conf0.686.wav,20210222T165956,692
Cernic__S20210222T165956480+0100_E20210222T172954534+0100___00699s__conf0.931.wav,20210222T165956,699
Cernic__S20210222T165956480+0100_E20210222T172954534+0100___00700s__conf1.000.wav,20210222T165956,700
Cernic__S20210222T165956480+0100_E20210222T172954534+0100___00701s__conf0.998.wav,20210222T165956,701
Cernic__S20210222T165956480+0100_E20210222T172954534+0100___00702s__conf0.987.wav,20210222T165956,702
Cernic__S20210222T165956480+0100_E20210222T172954534+0100___00703s__conf0.735.wav,20210222T165956,703
Cernic__S20210222T165956480+0100_E20210222T172954534+0100___00707s__conf0.869.wav,20210222T165956,707
Cernic__S20210222T165956480+0100_E20210222T172954534+0100___00708s__conf0.969.wav,20210222T165956,708
Cernic__S20210222T165956480+0100_E20210222T172954534+0100___00815s__conf0.514.wav,20210222T165956,815
Cernic__S20210222T165956480+0100_E20210222T172954534+0100___00878s__conf1.000.wav,20210222T165956,878
Cernic__S20210222T165956480+0100_E20210222T172954534+0100___00879s__conf1.000.wav,20210222T165956,879
Cernic__S20210222T165956480+0100_E20210222T172954534+0100___00880s__conf0.989.wav,20210222T165956,880
Cernic__S20210222T172956071+0100_E20210222T175953103+0100___00231s__conf0.996.wav,20210222T172956,231
Cernic__S20210223T012955197+0100_E20210223T015953157+0100___00485s__conf0.827.wav,20210223T012955,485
Cernic__S20210223T052959315+0100_E20210223T055955560+0100___01195s__conf0.874.wav,20210223T052959,1195
Cernic__S20210223T052959315+0100_E20210223T055955560+0100___01567s__conf1.000.wav,20210223T052959,1567
Cernic__S20210223T052959315+0100_E20210223T055955560+0100___01568s__conf0.998.wav,20210223T052959,1568
Cernic__S20210223T052959315+0100_E20210223T055955560+0100___01569s__conf0.955.wav,20210223T052959,1569
Cernic__S20210223T055957386+0100_E20210223T062956160+0100___00245s__conf0.989.wav,20210223T055957,245
Cernic__S20210223T055957386+0100_E20210223T062956160+0100___00540s__conf1.000.wav,20210223T055957,540
Cernic__S20210223T055957386+0100_E20210223T062956160+0100___00541s__conf1.000.wav,20210223T055957,541
Cernic__S20210223T055957386+0100_E20210223T062956160+0100___00542s__conf0.526.wav,20210223T055957,542
Cernic__S20210223T055957386+0100_E20210223T062956160+0100___00546s__conf0.819.wav,20210223T055957,546
Cernic__S20210223T055957386+0100_E20210223T062956160+0100___00547s__conf0.984.wav,20210223T055957,547
Cernic__S20210223T055957386+0100_E20210223T062956160+0100___00548s__conf0.531.wav,20210223T055957,548
Cernic__S20210223T055957386+0100_E20210223T062956160+0100___00566s__conf1.000.wav,20210223T055957,566
Cernic__S20210223T055957386+0100_E20210223T062956160+0100___00567s__conf0.981.wav,20210223T055957,567
Cernic__S20210223T055957386+0100_E20210223T062956160+0100___00568s__conf0.796.wav,20210223T055957,568
Cernic__S20210223T055957386+0100_E20210223T062956160+0100___00582s__conf0.999.wav,20210223T055957,582
Cernic__S20210223T055957386+0100_E20210223T062956160+0100___00583s__conf0.914.wav,20210223T055957,583
Cernic__S20210223T055957386+0100_E20210223T062956160+0100___00584s__conf0.999.wav,20210223T055957,584
Cernic__S20210223T055957386+0100_E20210223T062956160+0100___00585s__conf1.000.wav,20210223T055957,585
Cernic__S20210223T072954576+0100_E20210223T075955323+0100___01411s__conf1.000.wav,20210223T072954,1411
Cernic__S20210223T072954576+0100_E20210223T075955323+0100___01603s__conf0.641.wav,20210223T072954,1603
Cernic__S20210223T072954576+0100_E20210223T075955323+0100___01604s__conf0.962.wav,20210223T072954,1604
Cernic__S20210223T092956415+0100_E20210223T095957047+0100___01582s__conf0.687.wav,20210223T092956,1582
Cernic__S20210223T095958521+0100_E20210223T102951515+0100___01022s__conf0.522.wav,20210223T095958,1022
Cernic__S20210223T102956259+0100_E20210223T105955750+0100___00573s__conf0.914.wav,20210223T102956,573
Cernic__S20210223T102956259+0100_E20210223T105955750+0100___00574s__conf0.993.wav,20210223T102956,574
Cernic__S20210223T105957086+0100_E20210223T112953517+0100___01371s__conf0.988.wav,20210223T105957,1371
Cernic__S20210223T105957086+0100_E20210223T112953517+0100___01428s__conf0.971.wav,20210223T105957,1428
Cernic__S20210223T105957086+0100_E20210223T112953517+0100___01429s__conf0.999.wav,20210223T105957,1429
Cernic__S20210223T105957086+0100_E20210223T112953517+0100___01434s__conf0.886.wav,20210223T105957,1434
Cernic__S20210223T105957086+0100_E20210223T112953517+0100___01439s__conf0.556.wav,20210223T105957,1439
Cernic__S20210223T105957086+0100_E20210223T112953517+0100___01458s__conf0.987.wav,20210223T105957,1458
Cernic__S20210223T105957086+0100_E20210223T112953517+0100___01459s__conf0.949.wav,20210223T105957,1459
Cernic__S20210223T105957086+0100_E20210223T112953517+0100___01486s__conf0.965.wav,20210223T105957,1486
Cernic__S20210223T105957086+0100_E20210223T112953517+0100___01487s__conf0.994.wav,20210223T105957,1487
Cernic__S20210223T105957086+0100_E20210223T112953517+0100___01503s__conf0.952.wav,20210223T105957,1503
Cernic__S20210223T105957086+0100_E20210223T112953517+0100___01504s__conf0.991.wav,20210223T105957,1504
Cernic__S20210223T105957086+0100_E20210223T112953517+0100___01531s__conf0.929.wav,20210223T105957,1531
Cernic__S20210223T135953985+0100_E20210223T142953854+0100___00857s__conf1.000.wav,20210223T135953,857
Cernic__S20210223T135953985+0100_E20210223T142953854+0100___00858s__conf1.000.wav,20210223T135953,858
Cernic__S20210223T135953985+0100_E20210223T142953854+0100___00861s__conf0.996.wav,20210223T135953,861
Cernic__S20210223T135953985+0100_E20210223T142953854+0100___00862s__conf1.000.wav,20210223T135953,862
Cernic__S20210223T135953985+0100_E20210223T142953854+0100___00863s__conf1.000.wav,20210223T135953,863
Cernic__S20210223T135953985+0100_E20210223T142953854+0100___00864s__conf0.992.wav,20210223T135953,864
Cernic__S20210223T135953985+0100_E20210223T142953854+0100___00865s__conf0.986.wav,20210223T135953,865
Cernic__S20210223T135953985+0100_E20210223T142953854+0100___00866s__conf0.984.wav,20210223T135953,866
Cernic__S20210223T135953985+0100_E20210223T142953854+0100___00867s__conf0.995.wav,20210223T135953,867
Cernic__S20210223T135953985+0100_E20210223T142953854+0100___00921s__conf0.983.wav,20210223T135953,921
Cernic__S20210223T135953985+0100_E20210223T142953854+0100___00922s__conf0.946.wav,20210223T135953,922
Cernic__S20210223T135953985+0100_E20210223T142953854+0100___00923s__conf0.992.wav,20210223T135953,923
Cernic__S20210223T135953985+0100_E20210223T142953854+0100___00925s__conf0.540.wav,20210223T135953,925
Cernic__S20210223T135953985+0100_E20210223T142953854+0100___00964s__conf1.000.wav,20210223T135953,964
Cernic__S20210223T142954942+0100_E20210223T145951095+0100___01195s__conf0.982.wav,20210223T142954,1195
Cernic__S20210223T142954942+0100_E20210223T145951095+0100___01196s__conf0.995.wav,20210223T142954,1196
Cernic__S20210223T142954942+0100_E20210223T145951095+0100___01197s__conf0.656.wav,20210223T142954,1197
Cernic__S20210223T142954942+0100_E20210223T145951095+0100___01198s__conf0.823.wav,20210223T142954,1198
Cernic__S20210223T142954942+0100_E20210223T145951095+0100___01199s__conf0.581.wav,20210223T142954,1199
Cernic__S20210223T142954942+0100_E20210223T145951095+0100___01205s__conf0.807.wav,20210223T142954,1205
Cernic__S20210223T142954942+0100_E20210223T145951095+0100___01206s__conf0.991.wav,20210223T142954,1206
Cernic__S20210223T142954942+0100_E20210223T145951095+0100___01207s__conf0.948.wav,20210223T142954,1207
Cernic__S20210223T145955841+0100_E20210223T152953660+0100___01583s__conf0.687.wav,20210223T145955,1583
Cernic__S20210223T145955841+0100_E20210223T152953660+0100___01584s__conf0.926.wav,20210223T145955,1584
Cernic__S20210223T145955841+0100_E20210223T152953660+0100___01635s__conf0.576.wav,20210223T145955,1635
Cernic__S20210223T152955767+0100_E20210223T155953335+0100___01095s__conf0.799.wav,20210223T152955,1095
Cernic__S20210223T152955767+0100_E20210223T155953335+0100___01130s__conf0.709.wav,20210223T152955,1130
Cernic__S20210223T152955767+0100_E20210223T155953335+0100___01754s__conf0.984.wav,20210223T152955,1754
Cernic__S20210223T155954778+0100_E20210223T162954182+0100___00574s__conf0.516.wav,20210223T155954,574
Cernic__S20210223T155954778+0100_E20210223T162954182+0100___00577s__conf0.998.wav,20210223T155954,577
Cernic__S20210223T155954778+0100_E20210223T162954182+0100___00578s__conf0.998.wav,20210223T155954,578
Cernic__S20210223T155954778+0100_E20210223T162954182+0100___00586s__conf0.979.wav,20210223T155954,586
Cernic__S20210223T155954778+0100_E20210223T162954182+0100___00587s__conf0.999.wav,20210223T155954,587
Cernic__S20210223T155954778+0100_E20210223T162954182+0100___00588s__conf0.889.wav,20210223T155954,588
Cernic__S20210223T155954778+0100_E20210223T162954182+0100___00596s__conf0.734.wav,20210223T155954,596
Cernic__S20210223T155954778+0100_E20210223T162954182+0100___00600s__conf0.998.wav,20210223T155954,600
Cernic__S20210223T155954778+0100_E20210223T162954182+0100___00601s__conf0.929.wav,20210223T155954,601
Cernic__S20210223T155954778+0100_E20210223T162954182+0100___00619s__conf0.670.wav,20210223T155954,619
Cernic__S20210223T155954778+0100_E20210223T162954182+0100___00657s__conf0.930.wav,20210223T155954,657
Cernic__S20210223T155954778+0100_E20210223T162954182+0100___00668s__conf0.999.wav,20210223T155954,668
Cernic__S20210223T155954778+0100_E20210223T162954182+0100___01079s__conf1.000.wav,20210223T155954,1079
Cernic__S20210223T155954778+0100_E20210223T162954182+0100___01080s__conf1.000.wav,20210223T155954,1080
Cernic__S20210223T155954778+0100_E20210223T162954182+0100___01105s__conf1.000.wav,20210223T155954,1105
Cernic__S20210223T155954778+0100_E20210223T162954182+0100___01106s__conf0.996.wav,20210223T155954,1106
Cernic__S20210223T155954778+0100_E20210223T162954182+0100___01257s__conf0.983.wav,20210223T155954,1257
Cernic__S20210223T162955585+0100_E20210223T165951553+0100___00092s__conf0.554.wav,20210223T162955,92
Cernic__S20210223T165956052+0100_E20210223T172951085+0100___01557s__conf0.936.wav,20210223T165956,1557
Cernic__S20210223T182954065+0100_E20210223T185951075+0100___00628s__conf0.998.wav,20210223T182954,628
Cernic__S20210223T182954065+0100_E20210223T185951075+0100___00629s__conf0.763.wav,20210223T182954,629
Cernic__S20210223T182954065+0100_E20210223T185951075+0100___00632s__conf0.882.wav,20210223T182954,632
Cernic__S20210223T182954065+0100_E20210223T185951075+0100___00634s__conf0.624.wav,20210223T182954,634
Cernic__S20210223T192956031+0100_E20210223T195953943+0100___01257s__conf0.860.wav,20210223T192956,1257
Cernic__S20210224T055956044+0100_E20210224T062953732+0100___00226s__conf0.866.wav,20210224T055956,226
Cernic__S20210224T055956044+0100_E20210224T062953732+0100___00227s__conf0.994.wav,20210224T055956,227
Cernic__S20210224T055956044+0100_E20210224T062953732+0100___00228s__conf0.996.wav,20210224T055956,228
Cernic__S20210224T055956044+0100_E20210224T062953732+0100___00229s__conf0.742.wav,20210224T055956,229
Cernic__S20210224T055956044+0100_E20210224T062953732+0100___00267s__conf1.000.wav,20210224T055956,267
Cernic__S20210224T055956044+0100_E20210224T062953732+0100___00268s__conf1.000.wav,20210224T055956,268
Cernic__S20210224T055956044+0100_E20210224T062953732+0100___00284s__conf0.997.wav,20210224T055956,284
Cernic__S20210224T055956044+0100_E20210224T062953732+0100___00285s__conf0.994.wav,20210224T055956,285
Cernic__S20210224T055956044+0100_E20210224T062953732+0100___00287s__conf0.981.wav,20210224T055956,287
Cernic__S20210224T055956044+0100_E20210224T062953732+0100___00288s__conf0.999.wav,20210224T055956,288
Cernic__S20210224T055956044+0100_E20210224T062953732+0100___00289s__conf0.998.wav,20210224T055956,289
Cernic__S20210224T055956044+0100_E20210224T062953732+0100___00290s__conf0.758.wav,20210224T055956,290
Cernic__S20210224T055956044+0100_E20210224T062953732+0100___00303s__conf0.999.wav,20210224T055956,303
Cernic__S20210224T055956044+0100_E20210224T062953732+0100___00304s__conf1.000.wav,20210224T055956,304
Cernic__S20210224T055956044+0100_E20210224T062953732+0100___00305s__conf0.942.wav,20210224T055956,305
Cernic__S20210224T055956044+0100_E20210224T062953732+0100___00306s__conf0.961.wav,20210224T055956,306
Cernic__S20210224T055956044+0100_E20210224T062953732+0100___00307s__conf1.000.wav,20210224T055956,307
Cernic__S20210224T055956044+0100_E20210224T062953732+0100___00321s__conf1.000.wav,20210224T055956,321
Cernic__S20210224T055956044+0100_E20210224T062953732+0100___00322s__conf0.999.wav,20210224T055956,322
Cernic__S20210224T055956044+0100_E20210224T062953732+0100___00323s__conf0.714.wav,20210224T055956,323
Cernic__S20210224T055956044+0100_E20210224T062953732+0100___00324s__conf0.988.wav,20210224T055956,324
Cernic__S20210224T055956044+0100_E20210224T062953732+0100___00325s__conf0.983.wav,20210224T055956,325
Cernic__S20210224T055956044+0100_E20210224T062953732+0100___00349s__conf0.999.wav,20210224T055956,349
Cernic__S20210224T055956044+0100_E20210224T062953732+0100___00350s__conf0.982.wav,20210224T055956,350
Cernic__S20210224T055956044+0100_E20210224T062953732+0100___00351s__conf0.938.wav,20210224T055956,351
Cernic__S20210224T055956044+0100_E20210224T062953732+0100___00352s__conf0.578.wav,20210224T055956,352
Cernic__S20210224T075956043+0100_E20210224T082949059+0100___01249s__conf0.971.wav,20210224T075956,1249
Cernic__S20210224T075956043+0100_E20210224T082949059+0100___01250s__conf1.000.wav,20210224T075956,1250
Cernic__S20210224T075956043+0100_E20210224T082949059+0100___01251s__conf1.000.wav,20210224T075956,1251
Cernic__S20210224T075956043+0100_E20210224T082949059+0100___01252s__conf1.000.wav,20210224T075956,1252
Cernic__S20210224T075956043+0100_E20210224T082949059+0100___01253s__conf1.000.wav,20210224T075956,1253
Cernic__S20210224T075956043+0100_E20210224T082949059+0100___01254s__conf1.000.wav,20210224T075956,1254
Cernic__S20210224T075956043+0100_E20210224T082949059+0100___01255s__conf1.000.wav,20210224T075956,1255
Cernic__S20210224T075956043+0100_E20210224T082949059+0100___01256s__conf1.000.wav,20210224T075956,1256
Cernic__S20210224T075956043+0100_E20210224T082949059+0100___01257s__conf1.000.wav,20210224T075956,1257
Cernic__S20210224T075956043+0100_E20210224T082949059+0100___01258s__conf0.895.wav,20210224T075956,1258
Cernic__S20210224T075956043+0100_E20210224T082949059+0100___01259s__conf0.988.wav,20210224T075956,1259
Cernic__S20210224T075956043+0100_E20210224T082949059+0100___01261s__conf0.942.wav,20210224T075956,1261
Cernic__S20210224T075956043+0100_E20210224T082949059+0100___01262s__conf1.000.wav,20210224T075956,1262
Cernic__S20210224T075956043+0100_E20210224T082949059+0100___01263s__conf0.999.wav,20210224T075956,1263
Cernic__S20210224T075956043+0100_E20210224T082949059+0100___01264s__conf1.000.wav,20210224T075956,1264
Cernic__S20210224T075956043+0100_E20210224T082949059+0100___01265s__conf1.000.wav,20210224T075956,1265
Cernic__S20210224T075956043+0100_E20210224T082949059+0100___01281s__conf0.998.wav,20210224T075956,1281
Cernic__S20210224T075956043+0100_E20210224T082949059+0100___01282s__conf1.000.wav,20210224T075956,1282
Cernic__S20210224T075956043+0100_E20210224T082949059+0100___01283s__conf1.000.wav,20210224T075956,1283
Cernic__S20210224T075956043+0100_E20210224T082949059+0100___01284s__conf0.999.wav,20210224T075956,1284
Cernic__S20210224T075956043+0100_E20210224T082949059+0100___01299s__conf1.000.wav,20210224T075956,1299
Cernic__S20210224T075956043+0100_E20210224T082949059+0100___01300s__conf0.998.wav,20210224T075956,1300
Cernic__S20210224T075956043+0100_E20210224T082949059+0100___01301s__conf1.000.wav,20210224T075956,1301
Cernic__S20210224T075956043+0100_E20210224T082949059+0100___01302s__conf1.000.wav,20210224T075956,1302
Cernic__S20210224T075956043+0100_E20210224T082949059+0100___01303s__conf1.000.wav,20210224T075956,1303
Cernic__S20210224T075956043+0100_E20210224T082949059+0100___01304s__conf0.993.wav,20210224T075956,1304
Cernic__S20210224T095957082+0100_E20210224T102952884+0100___00850s__conf0.725.wav,20210224T095957,850
Cernic__S20210224T095957082+0100_E20210224T102952884+0100___00851s__conf0.997.wav,20210224T095957,851
Cernic__S20210224T132954204+0100_E20210224T135951636+0100___00745s__conf1.000.wav,20210224T132954,745
Cernic__S20210224T132954204+0100_E20210224T135951636+0100___00746s__conf1.000.wav,20210224T132954,746
Cernic__S20210224T132954204+0100_E20210224T135951636+0100___00747s__conf1.000.wav,20210224T132954,747
Cernic__S20210224T132954204+0100_E20210224T135951636+0100___00748s__conf1.000.wav,20210224T132954,748
Cernic__S20210224T132954204+0100_E20210224T135951636+0100___00749s__conf1.000.wav,20210224T132954,749
Cernic__S20210224T132954204+0100_E20210224T135951636+0100___00750s__conf1.000.wav,20210224T132954,750
Cernic__S20210224T132954204+0100_E20210224T135951636+0100___00751s__conf1.000.wav,20210224T132954,751
Cernic__S20210224T132954204+0100_E20210224T135951636+0100___00752s__conf1.000.wav,20210224T132954,752
Cernic__S20210224T132954204+0100_E20210224T135951636+0100___00753s__conf1.000.wav,20210224T132954,753
Cernic__S20210224T132954204+0100_E20210224T135951636+0100___00754s__conf1.000.wav,20210224T132954,754
Cernic__S20210224T132954204+0100_E20210224T135951636+0100___00755s__conf1.000.wav,20210224T132954,755
Cernic__S20210224T132954204+0100_E20210224T135951636+0100___00756s__conf1.000.wav,20210224T132954,756
Cernic__S20210224T132954204+0100_E20210224T135951636+0100___00758s__conf1.000.wav,20210224T132954,758
Cernic__S20210224T132954204+0100_E20210224T135951636+0100___00759s__conf1.000.wav,20210224T132954,759
Cernic__S20210224T132954204+0100_E20210224T135951636+0100___00760s__conf1.000.wav,20210224T132954,760
Cernic__S20210224T132954204+0100_E20210224T135951636+0100___00761s__conf1.000.wav,20210224T132954,761
Cernic__S20210224T132954204+0100_E20210224T135951636+0100___00772s__conf1.000.wav,20210224T132954,772
Cernic__S20210224T132954204+0100_E20210224T135951636+0100___00773s__conf0.999.wav,20210224T132954,773
Cernic__S20210224T132954204+0100_E20210224T135951636+0100___00774s__conf0.997.wav,20210224T132954,774
Cernic__S20210224T132954204+0100_E20210224T135951636+0100___00775s__conf1.000.wav,20210224T132954,775
Cernic__S20210224T132954204+0100_E20210224T135951636+0100___00776s__conf1.000.wav,20210224T132954,776
Cernic__S20210224T132954204+0100_E20210224T135951636+0100___00788s__conf0.997.wav,20210224T132954,788
Cernic__S20210224T132954204+0100_E20210224T135951636+0100___00789s__conf1.000.wav,20210224T132954,789
Cernic__S20210224T132954204+0100_E20210224T135951636+0100___00790s__conf1.000.wav,20210224T132954,790
Cernic__S20210224T132954204+0100_E20210224T135951636+0100___00804s__conf0.995.wav,20210224T132954,804
Cernic__S20210224T132954204+0100_E20210224T135951636+0100___00805s__conf1.000.wav,20210224T132954,805
Cernic__S20210224T132954204+0100_E20210224T135951636+0100___00806s__conf1.000.wav,20210224T132954,806
Cernic__S20210224T132954204+0100_E20210224T135951636+0100___00807s__conf1.000.wav,20210224T132954,807
Cernic__S20210224T132954204+0100_E20210224T135951636+0100___00808s__conf1.000.wav,20210224T132954,808
Cernic__S20210224T132954204+0100_E20210224T135951636+0100___00826s__conf1.000.wav,20210224T132954,826
Cernic__S20210224T132954204+0100_E20210224T135951636+0100___00827s__conf1.000.wav,20210224T132954,827
Cernic__S20210224T132954204+0100_E20210224T135951636+0100___01487s__conf0.976.wav,20210224T132954,1487
Cernic__S20210224T135953189+0100_E20210224T142950921+0100___00073s__conf0.812.wav,20210224T135953,73
Cernic__S20210224T135953189+0100_E20210224T142950921+0100___00703s__conf0.524.wav,20210224T135953,703
Cernic__S20210224T135953189+0100_E20210224T142950921+0100___00857s__conf0.999.wav,20210224T135953,857
Cernic__S20210224T135953189+0100_E20210224T142950921+0100___00858s__conf1.000.wav,20210224T135953,858
Cernic__S20210224T142952407+0100_E20210224T145949210+0100___00594s__conf0.995.wav,20210224T142952,594
Cernic__S20210224T142952407+0100_E20210224T145949210+0100___00595s__conf0.994.wav,20210224T142952,595
Cernic__S20210224T142952407+0100_E20210224T145949210+0100___00731s__conf0.819.wav,20210224T142952,731
Cernic__S20210224T142952407+0100_E20210224T145949210+0100___00960s__conf0.852.wav,20210224T142952,960
Cernic__S20210224T142952407+0100_E20210224T145949210+0100___00962s__conf0.991.wav,20210224T142952,962
Cernic__S20210224T142952407+0100_E20210224T145949210+0100___00963s__conf0.889.wav,20210224T142952,963
Cernic__S20210224T142952407+0100_E20210224T145949210+0100___00987s__conf0.998.wav,20210224T142952,987
Cernic__S20210224T142952407+0100_E20210224T145949210+0100___00988s__conf0.955.wav,20210224T142952,988
Cernic__S20210224T142952407+0100_E20210224T145949210+0100___00998s__conf0.637.wav,20210224T142952,998
Cernic__S20210224T142952407+0100_E20210224T145949210+0100___01021s__conf0.914.wav,20210224T142952,1021
Cernic__S20210224T142952407+0100_E20210224T145949210+0100___01022s__conf1.000.wav,20210224T142952,1022
Cernic__S20210224T142952407+0100_E20210224T145949210+0100___01036s__conf0.841.wav,20210224T142952,1036
Cernic__S20210224T142952407+0100_E20210224T145949210+0100___01084s__conf0.981.wav,20210224T142952,1084
Cernic__S20210224T142952407+0100_E20210224T145949210+0100___01187s__conf1.000.wav,20210224T142952,1187
Cernic__S20210224T142952407+0100_E20210224T145949210+0100___01188s__conf1.000.wav,20210224T142952,1188
Cernic__S20210224T142952407+0100_E20210224T145949210+0100___01189s__conf1.000.wav,20210224T142952,1189
Cernic__S20210224T142952407+0100_E20210224T145949210+0100___01190s__conf1.000.wav,20210224T142952,1190
Cernic__S20210224T142952407+0100_E20210224T145949210+0100___01191s__conf1.000.wav,20210224T142952,1191
Cernic__S20210224T142952407+0100_E20210224T145949210+0100___01192s__conf0.994.wav,20210224T142952,1192
Cernic__S20210224T142952407+0100_E20210224T145949210+0100___01193s__conf0.961.wav,20210224T142952,1193
Cernic__S20210224T142952407+0100_E20210224T145949210+0100___01194s__conf0.996.wav,20210224T142952,1194
Cernic__S20210224T142952407+0100_E20210224T145949210+0100___01195s__conf0.997.wav,20210224T142952,1195
Cernic__S20210224T142952407+0100_E20210224T145949210+0100___01196s__conf0.992.wav,20210224T142952,1196
Cernic__S20210224T142952407+0100_E20210224T145949210+0100___01197s__conf0.974.wav,20210224T142952,1197
Cernic__S20210224T142952407+0100_E20210224T145949210+0100___01198s__conf0.659.wav,20210224T142952,1198
Cernic__S20210224T142952407+0100_E20210224T145949210+0100___01213s__conf0.998.wav,20210224T142952,1213
Cernic__S20210224T142952407+0100_E20210224T145949210+0100___01214s__conf0.929.wav,20210224T142952,1214
Cernic__S20210224T142952407+0100_E20210224T145949210+0100___01215s__conf1.000.wav,20210224T142952,1215
Cernic__S20210224T142952407+0100_E20210224T145949210+0100___01485s__conf0.998.wav,20210224T142952,1485
Cernic__S20210224T142952407+0100_E20210224T145949210+0100___01486s__conf0.991.wav,20210224T142952,1486
Cernic__S20210224T142952407+0100_E20210224T145949210+0100___01489s__conf0.680.wav,20210224T142952,1489
Cernic__S20210224T142952407+0100_E20210224T145949210+0100___01576s__conf0.999.wav,20210224T142952,1576
Cernic__S20210224T142952407+0100_E20210224T145949210+0100___01578s__conf0.705.wav,20210224T142952,1578
Cernic__S20210224T142952407+0100_E20210224T145949210+0100___01610s__conf0.667.wav,20210224T142952,1610
Cernic__S20210224T155956075+0100_E20210224T162948563+0100___01772s__conf0.982.wav,20210224T155956,1772
Cernic__S20210224T162950573+0100_E20210224T165950463+0100___00554s__conf0.695.wav,20210224T162950,554
Cernic__S20210224T162950573+0100_E20210224T165950463+0100___01615s__conf0.657.wav,20210224T162950,1615
Cernic__S20210224T162950573+0100_E20210224T165950463+0100___01773s__conf0.885.wav,20210224T162950,1773
Cernic__S20210224T162950573+0100_E20210224T165950463+0100___01774s__conf0.795.wav,20210224T162950,1774
Cernic__S20210224T165952895+0100_E20210224T172948048+0100___00102s__conf0.552.wav,20210224T165952,102
Cernic__S20210224T165952895+0100_E20210224T172948048+0100___00754s__conf0.601.wav,20210224T165952,754
Cernic__S20210224T165952895+0100_E20210224T172948048+0100___00755s__conf0.995.wav,20210224T165952,755
Cernic__S20210224T165952895+0100_E20210224T172948048+0100___01473s__conf1.000.wav,20210224T165952,1473
Cernic__S20210224T165952895+0100_E20210224T172948048+0100___01474s__conf1.000.wav,20210224T165952,1474
Cernic__S20210224T165952895+0100_E20210224T172948048+0100___01475s__conf1.000.wav,20210224T165952,1475
Cernic__S20210224T165952895+0100_E20210224T172948048+0100___01476s__conf1.000.wav,20210224T165952,1476
Cernic__S20210224T165952895+0100_E20210224T172948048+0100___01477s__conf1.000.wav,20210224T165952,1477
Cernic__S20210224T165952895+0100_E20210224T172948048+0100___01478s__conf1.000.wav,20210224T165952,1478
Cernic__S20210224T165952895+0100_E20210224T172948048+0100___01479s__conf0.999.wav,20210224T165952,1479
Cernic__S20210224T165952895+0100_E20210224T172948048+0100___01480s__conf1.000.wav,20210224T165952,1480
Cernic__S20210224T165952895+0100_E20210224T172948048+0100___01481s__conf0.992.wav,20210224T165952,1481
Cernic__S20210224T165952895+0100_E20210224T172948048+0100___01482s__conf0.965.wav,20210224T165952,1482
Cernic__S20210224T165952895+0100_E20210224T172948048+0100___01489s__conf0.996.wav,20210224T165952,1489
Cernic__S20210224T165952895+0100_E20210224T172948048+0100___01490s__conf0.976.wav,20210224T165952,1490
Cernic__S20210224T165952895+0100_E20210224T172948048+0100___01491s__conf0.774.wav,20210224T165952,1491
Cernic__S20210224T165952895+0100_E20210224T172948048+0100___01492s__conf1.000.wav,20210224T165952,1492
Cernic__S20210224T165952895+0100_E20210224T172948048+0100___01493s__conf1.000.wav,20210224T165952,1493
Cernic__S20210224T165952895+0100_E20210224T172948048+0100___01494s__conf1.000.wav,20210224T165952,1494
Cernic__S20210224T165952895+0100_E20210224T172948048+0100___01495s__conf1.000.wav,20210224T165952,1495
Cernic__S20210224T165952895+0100_E20210224T172948048+0100___01511s__conf0.934.wav,20210224T165952,1511
Cernic__S20210224T165952895+0100_E20210224T172948048+0100___01512s__conf0.985.wav,20210224T165952,1512
Cernic__S20210224T165952895+0100_E20210224T172948048+0100___01527s__conf1.000.wav,20210224T165952,1527
Cernic__S20210224T165952895+0100_E20210224T172948048+0100___01528s__conf1.000.wav,20210224T165952,1528
Cernic__S20210224T165952895+0100_E20210224T172948048+0100___01529s__conf1.000.wav,20210224T165952,1529
Cernic__S20210224T165952895+0100_E20210224T172948048+0100___01530s__conf0.998.wav,20210224T165952,1530
Cernic__S20210224T165952895+0100_E20210224T172948048+0100___01561s__conf0.999.wav,20210224T165952,1561
Cernic__S20210224T165952895+0100_E20210224T172948048+0100___01562s__conf0.680.wav,20210224T165952,1562
Cernic__S20210224T165952895+0100_E20210224T172948048+0100___01563s__conf0.866.wav,20210224T165952,1563
Cernic__S20210224T165952895+0100_E20210224T172948048+0100___01564s__conf1.000.wav,20210224T165952,1564
Cernic__S20210224T165952895+0100_E20210224T172948048+0100___01565s__conf0.932.wav,20210224T165952,1565
Cernic__S20210225T065951526+0100_E20210225T072948192+0100___01204s__conf0.703.wav,20210225T065951,1204
Cernic__S20210225T075950500+0100_E20210225T082947581+0100___01579s__conf1.000.wav,20210225T075950,1579
Cernic__S20210225T075950500+0100_E20210225T082947581+0100___01580s__conf0.966.wav,20210225T075950,1580
Cernic__S20210225T075950500+0100_E20210225T082947581+0100___01581s__conf1.000.wav,20210225T075950,1581
Cernic__S20210225T075950500+0100_E20210225T082947581+0100___01582s__conf1.000.wav,20210225T075950,1582
Cernic__S20210225T075950500+0100_E20210225T082947581+0100___01583s__conf1.000.wav,20210225T075950,1583
Cernic__S20210225T075950500+0100_E20210225T082947581+0100___01584s__conf0.999.wav,20210225T075950,1584
Cernic__S20210225T075950500+0100_E20210225T082947581+0100___01585s__conf1.000.wav,20210225T075950,1585
Cernic__S20210225T075950500+0100_E20210225T082947581+0100___01586s__conf1.000.wav,20210225T075950,1586
Cernic__S20210225T075950500+0100_E20210225T082947581+0100___01587s__conf1.000.wav,20210225T075950,1587
Cernic__S20210225T075950500+0100_E20210225T082947581+0100___01588s__conf1.000.wav,20210225T075950,1588
Cernic__S20210225T075950500+0100_E20210225T082947581+0100___01589s__conf0.996.wav,20210225T075950,1589
Cernic__S20210225T075950500+0100_E20210225T082947581+0100___01590s__conf1.000.wav,20210225T075950,1590
Cernic__S20210225T075950500+0100_E20210225T082947581+0100___01591s__conf1.000.wav,20210225T075950,1591
Cernic__S20210225T075950500+0100_E20210225T082947581+0100___01592s__conf0.997.wav,20210225T075950,1592
Cernic__S20210225T075950500+0100_E20210225T082947581+0100___01597s__conf0.998.wav,20210225T075950,1597
Cernic__S20210225T075950500+0100_E20210225T082947581+0100___01598s__conf1.000.wav,20210225T075950,1598
Cernic__S20210225T075950500+0100_E20210225T082947581+0100___01599s__conf1.000.wav,20210225T075950,1599
Cernic__S20210225T075950500+0100_E20210225T082947581+0100___01600s__conf1.000.wav,20210225T075950,1600
Cernic__S20210225T075950500+0100_E20210225T082947581+0100___01611s__conf1.000.wav,20210225T075950,1611
Cernic__S20210225T075950500+0100_E20210225T082947581+0100___01612s__conf1.000.wav,20210225T075950,1612
Cernic__S20210225T075950500+0100_E20210225T082947581+0100___01613s__conf1.000.wav,20210225T075950,1613
Cernic__S20210225T075950500+0100_E20210225T082947581+0100___01614s__conf1.000.wav,20210225T075950,1614
Cernic__S20210225T075950500+0100_E20210225T082947581+0100___01626s__conf0.999.wav,20210225T075950,1626
Cernic__S20210225T075950500+0100_E20210225T082947581+0100___01627s__conf0.999.wav,20210225T075950,1627
Cernic__S20210225T075950500+0100_E20210225T082947581+0100___01628s__conf1.000.wav,20210225T075950,1628
Cernic__S20210225T075950500+0100_E20210225T082947581+0100___01629s__conf1.000.wav,20210225T075950,1629
Cernic__S20210225T075950500+0100_E20210225T082947581+0100___01630s__conf0.998.wav,20210225T075950,1630
Cernic__S20210225T075950500+0100_E20210225T082947581+0100___01642s__conf1.000.wav,20210225T075950,1642
Cernic__S20210225T075950500+0100_E20210225T082947581+0100___01643s__conf1.000.wav,20210225T075950,1643
Cernic__S20210225T075950500+0100_E20210225T082947581+0100___01644s__conf1.000.wav,20210225T075950,1644
Cernic__S20210225T075950500+0100_E20210225T082947581+0100___01645s__conf1.000.wav,20210225T075950,1645
Cernic__S20210225T075950500+0100_E20210225T082947581+0100___01646s__conf1.000.wav,20210225T075950,1646
Cernic__S20210225T075950500+0100_E20210225T082947581+0100___01647s__conf0.998.wav,20210225T075950,1647
Cernic__S20210225T075950500+0100_E20210225T082947581+0100___01662s__conf0.990.wav,20210225T075950,1662
Cernic__S20210225T075950500+0100_E20210225T082947581+0100___01663s__conf1.000.wav,20210225T075950,1663
Cernic__S20210225T075950500+0100_E20210225T082947581+0100___01664s__conf1.000.wav,20210225T075950,1664
Cernic__S20210225T075950500+0100_E20210225T082947581+0100___01685s__conf0.759.wav,20210225T075950,1685
Cernic__S20210225T075950500+0100_E20210225T082947581+0100___01686s__conf0.994.wav,20210225T075950,1686
Cernic__S20210225T075950500+0100_E20210225T082947581+0100___01687s__conf1.000.wav,20210225T075950,1687
Cernic__S20210225T075950500+0100_E20210225T082947581+0100___01703s__conf1.000.wav,20210225T075950,1703
Cernic__S20210225T075950500+0100_E20210225T082947581+0100___01704s__conf0.999.wav,20210225T075950,1704
Cernic__S20210225T075950500+0100_E20210225T082947581+0100___01705s__conf1.000.wav,20210225T075950,1705
Cernic__S20210225T075950500+0100_E20210225T082947581+0100___01706s__conf1.000.wav,20210225T075950,1706
Cernic__S20210225T162948371+0100_E20210225T165946574+0100___01123s__conf0.552.wav,20210225T162948,1123
Cernic__S20210225T162948371+0100_E20210225T165946574+0100___01218s__conf0.746.wav,20210225T162948,1218
Cernic__S20210225T162948371+0100_E20210225T165946574+0100___01306s__conf0.999.wav,20210225T162948,1306
Cernic__S20210225T182948835+0100_E20210225T185946666+0100___00434s__conf0.965.wav,20210225T182948,434
Cernic__S20210225T182948835+0100_E20210225T185946666+0100___00437s__conf0.998.wav,20210225T182948,437
Cernic__S20210225T182948835+0100_E20210225T185946666+0100___00438s__conf0.994.wav,20210225T182948,438
Cernic__S20210225T182948835+0100_E20210225T185946666+0100___00441s__conf0.841.wav,20210225T182948,441
Cernic__S20210225T182948835+0100_E20210225T185946666+0100___00470s__conf0.989.wav,20210225T182948,470
Cernic__S20210225T182948835+0100_E20210225T185946666+0100___00471s__conf1.000.wav,20210225T182948,471
Cernic__S20210225T182948835+0100_E20210225T185946666+0100___00472s__conf0.999.wav,20210225T182948,472
Cernic__S20210225T182948835+0100_E20210225T185946666+0100___00473s__conf0.996.wav,20210225T182948,473
Cernic__S20210225T182948835+0100_E20210225T185946666+0100___00474s__conf0.998.wav,20210225T182948,474
Cernic__S20210225T182948835+0100_E20210225T185946666+0100___00499s__conf0.995.wav,20210225T182948,499
Cernic__S20210225T182948835+0100_E20210225T185946666+0100___00500s__conf0.986.wav,20210225T182948,500
Cernic__S20210225T182948835+0100_E20210225T185946666+0100___00502s__conf0.998.wav,20210225T182948,502
Cernic__S20210225T182948835+0100_E20210225T185946666+0100___00503s__conf0.975.wav,20210225T182948,503
Cernic__S20210225T182948835+0100_E20210225T185946666+0100___01238s__conf1.000.wav,20210225T182948,1238
Cernic__S20210225T182948835+0100_E20210225T185946666+0100___01239s__conf1.000.wav,20210225T182948,1239
Cernic__S20210225T182948835+0100_E20210225T185946666+0100___01240s__conf1.000.wav,20210225T182948,1240
Cernic__S20210225T182948835+0100_E20210225T185946666+0100___01241s__conf1.000.wav,20210225T182948,1241
Cernic__S20210225T182948835+0100_E20210225T185946666+0100___01242s__conf1.000.wav,20210225T182948,1242
Cernic__S20210225T182948835+0100_E20210225T185946666+0100___01243s__conf1.000.wav,20210225T182948,1243
Cernic__S20210225T182948835+0100_E20210225T185946666+0100___01244s__conf1.000.wav,20210225T182948,1244
Cernic__S20210225T182948835+0100_E20210225T185946666+0100___01245s__conf1.000.wav,20210225T182948,1245
Cernic__S20210225T182948835+0100_E20210225T185946666+0100___01246s__conf1.000.wav,20210225T182948,1246
Cernic__S20210225T182948835+0100_E20210225T185946666+0100___01247s__conf1.000.wav,20210225T182948,1247
Cernic__S20210225T182948835+0100_E20210225T185946666+0100___01248s__conf1.000.wav,20210225T182948,1248
Cernic__S20210225T182948835+0100_E20210225T185946666+0100___01252s__conf0.994.wav,20210225T182948,1252
Cernic__S20210225T182948835+0100_E20210225T185946666+0100___01253s__conf1.000.wav,20210225T182948,1253
Cernic__S20210225T182948835+0100_E20210225T185946666+0100___01254s__conf1.000.wav,20210225T182948,1254
Cernic__S20210225T182948835+0100_E20210225T185946666+0100___01255s__conf0.933.wav,20210225T182948,1255
Cernic__S20210225T182948835+0100_E20210225T185946666+0100___01271s__conf1.000.wav,20210225T182948,1271
Cernic__S20210225T182948835+0100_E20210225T185946666+0100___01272s__conf1.000.wav,20210225T182948,1272
Cernic__S20210225T182948835+0100_E20210225T185946666+0100___01274s__conf1.000.wav,20210225T182948,1274
Cernic__S20210225T182948835+0100_E20210225T185946666+0100___01275s__conf1.000.wav,20210225T182948,1275
Cernic__S20210225T182948835+0100_E20210225T185946666+0100___01528s__conf0.994.wav,20210225T182948,1528
Cernic__S20210225T182948835+0100_E20210225T185946666+0100___01529s__conf0.992.wav,20210225T182948,1529
Cernic__S20210225T195948486+0100_E20210225T202950311+0100___00259s__conf0.848.wav,20210225T195948,259
Cernic__S20210225T205953763+0100_E20210225T212951501+0100___01500s__conf0.686.wav,20210225T205953,1500
Cernic__S20210225T212953074+0100_E20210225T215950697+0100___00333s__conf0.662.wav,20210225T212953,333
Cernic__S20210225T215952952+0100_E20210225T222947996+0100___00347s__conf0.739.wav,20210225T215952,347
Cernic__S20210222T052957098+0100_E20210222T055954417+0100___01265s__conf0.565.wav,20210222T052957,1265
Cernic__S20210222T052957098+0100_E20210222T055954417+0100___01288s__conf0.805.wav,20210222T052957,1288
Cernic__S20210222T062957979+0100_E20210222T065954020+0100___00841s__conf1.000.wav,20210222T062957,841
Cernic__S20210222T062957979+0100_E20210222T065954020+0100___00842s__conf1.000.wav,20210222T062957,842
Cernic__S20210222T062957979+0100_E20210222T065954020+0100___00843s__conf1.000.wav,20210222T062957,843
Cernic__S20210222T062957979+0100_E20210222T065954020+0100___00844s__conf0.923.wav,20210222T062957,844
Cernic__S20210222T062957979+0100_E20210222T065954020+0100___00845s__conf0.686.wav,20210222T062957,845
Cernic__S20210222T062957979+0100_E20210222T065954020+0100___00866s__conf0.982.wav,20210222T062957,866
Cernic__S20210222T062957979+0100_E20210222T065954020+0100___00879s__conf0.999.wav,20210222T062957,879
Cernic__S20210222T062957979+0100_E20210222T065954020+0100___00880s__conf1.000.wav,20210222T062957,880
Cernic__S20210222T062957979+0100_E20210222T065954020+0100___00893s__conf0.980.wav,20210222T062957,893
Cernic__S20210222T062957979+0100_E20210222T065954020+0100___00901s__conf0.976.wav,20210222T062957,901
Cernic__S20210222T062957979+0100_E20210222T065954020+0100___00902s__conf0.803.wav,20210222T062957,902
Cernic__S20210222T075958766+0100_E20210222T082953806+0100___00965s__conf0.507.wav,20210222T075958,965
Cernic__S20210222T075958766+0100_E20210222T082953806+0100___01394s__conf0.771.wav,20210222T075958,1394
Cernic__S20210222T075958766+0100_E20210222T082953806+0100___01427s__conf1.000.wav,20210222T075958,1427
Cernic__S20210222T075958766+0100_E20210222T082953806+0100___01699s__conf0.704.wav,20210222T075958,1699
Cernic__S20210222T082958701+0100_E20210222T085953742+0100___00261s__conf0.931.wav,20210222T082958,261
Cernic__S20210222T082958701+0100_E20210222T085953742+0100___00262s__conf0.803.wav,20210222T082958,262
Cernic__S20210222T082958701+0100_E20210222T085953742+0100___00531s__conf0.998.wav,20210222T082958,531
Cernic__S20210222T082958701+0100_E20210222T085953742+0100___00532s__conf1.000.wav,20210222T082958,532
Cernic__S20210222T082958701+0100_E20210222T085953742+0100___00533s__conf1.000.wav,20210222T082958,533
Cernic__S20210222T082958701+0100_E20210222T085953742+0100___00534s__conf1.000.wav,20210222T082958,534
Cernic__S20210222T082958701+0100_E20210222T085953742+0100___00535s__conf1.000.wav,20210222T082958,535
Cernic__S20210222T082958701+0100_E20210222T085953742+0100___00536s__conf0.999.wav,20210222T082958,536
Cernic__S20210222T082958701+0100_E20210222T085953742+0100___00537s__conf0.980.wav,20210222T082958,537
Cernic__S20210222T082958701+0100_E20210222T085953742+0100___00538s__conf0.999.wav,20210222T082958,538
Cernic__S20210222T082958701+0100_E20210222T085953742+0100___00552s__conf0.944.wav,20210222T082958,552
Cernic__S20210222T082958701+0100_E20210222T085953742+0100___00553s__conf0.965.wav,20210222T082958,553
Cernic__S20210222T105958364+0100_E20210222T112953498+0100___01705s__conf0.922.wav,20210222T105958,1705
Cernic__S20210222T122958170+0100_E20210222T125953210+0100___01378s__conf0.564.wav,20210222T122958,1378
Cernic__S20210222T132956028+0100_E20210222T135953069+0100___00494s__conf0.968.wav,20210222T132956,494
Cernic__S20210222T162957628+0100_E20210222T165952669+0100___01443s__conf0.964.wav,20210222T162957,1443
Cernic__S20210222T162957628+0100_E20210222T165952669+0100___01444s__conf0.996.wav,20210222T162957,1444
Cernic__S20210222T162957628+0100_E20210222T165952669+0100___01445s__conf0.995.wav,20210222T162957,1445
Cernic__S20210222T162957628+0100_E20210222T165952669+0100___01446s__conf0.999.wav,20210222T162957,1446
Cernic__S20210222T165957554+0100_E20210222T172952596+0100___01595s__conf0.950.wav,20210222T165957,1595
Cernic__S20210222T165957554+0100_E20210222T172952596+0100___01596s__conf0.567.wav,20210222T165957,1596
Cernic__S20210222T165957554+0100_E20210222T172952596+0100___01626s__conf0.611.wav,20210222T165957,1626
Cernic__S20210222T165957554+0100_E20210222T172952596+0100___01627s__conf0.775.wav,20210222T165957,1627
Cernic__S20210222T215956890+0100_E20210222T222952209+0100___01291s__conf0.996.wav,20210222T215956,1291
Cernic__S20210223T055955837+0100_E20210223T062951435+0100___01078s__conf0.998.wav,20210223T055955,1078
Cernic__S20210223T055955837+0100_E20210223T062951435+0100___01079s__conf0.987.wav,20210223T055955,1079
Cernic__S20210223T055955837+0100_E20210223T062951435+0100___01080s__conf1.000.wav,20210223T055955,1080
Cernic__S20210223T055955837+0100_E20210223T062951435+0100___01081s__conf1.000.wav,20210223T055955,1081
Cernic__S20210223T055955837+0100_E20210223T062951435+0100___01082s__conf1.000.wav,20210223T055955,1082
Cernic__S20210223T055955837+0100_E20210223T062951435+0100___01083s__conf0.997.wav,20210223T055955,1083
Cernic__S20210223T055955837+0100_E20210223T062951435+0100___01084s__conf0.565.wav,20210223T055955,1084
Cernic__S20210223T055955837+0100_E20210223T062951435+0100___01086s__conf0.997.wav,20210223T055955,1086
Cernic__S20210223T055955837+0100_E20210223T062951435+0100___01087s__conf0.768.wav,20210223T055955,1087
Cernic__S20210223T055955837+0100_E20210223T062951435+0100___01097s__conf0.996.wav,20210223T055955,1097
Cernic__S20210223T055955837+0100_E20210223T062951435+0100___01098s__conf1.000.wav,20210223T055955,1098
Cernic__S20210223T055955837+0100_E20210223T062951435+0100___01108s__conf1.000.wav,20210223T055955,1108
Cernic__S20210223T055955837+0100_E20210223T062951435+0100___01109s__conf0.612.wav,20210223T055955,1109
Cernic__S20210223T055955837+0100_E20210223T062951435+0100___01124s__conf1.000.wav,20210223T055955,1124
Cernic__S20210223T055955837+0100_E20210223T062951435+0100___01125s__conf0.999.wav,20210223T055955,1125
Cernic__S20210223T072953616+0100_E20210223T075950656+0100___01280s__conf0.999.wav,20210223T072953,1280
Cernic__S20210223T072953616+0100_E20210223T075950656+0100___01281s__conf1.000.wav,20210223T072953,1281
Cernic__S20210223T122952947+0100_E20210223T125950452+0100___01737s__conf0.972.wav,20210223T122952,1737
Cernic__S20210223T122952947+0100_E20210223T125950452+0100___01738s__conf0.502.wav,20210223T122952,1738
Cernic__S20210223T165954339+0100_E20210223T172949753+0100___01174s__conf0.506.wav,20210223T165954,1174
Cernic__S20210223T172952275+0100_E20210223T175949316+0100___00272s__conf0.998.wav,20210223T172952,272
Cernic__S20210223T172952275+0100_E20210223T175949316+0100___00298s__conf0.648.wav,20210223T172952,298
Cernic__S20210223T172952275+0100_E20210223T175949316+0100___00357s__conf0.602.wav,20210223T172952,357
Cernic__S20210223T172952275+0100_E20210223T175949316+0100___00639s__conf0.768.wav,20210223T172952,639
Cernic__S20210223T172952275+0100_E20210223T175949316+0100___00640s__conf0.659.wav,20210223T172952,640
Cernic__S20210223T172952275+0100_E20210223T175949316+0100___00650s__conf0.582.wav,20210223T172952,650
Cernic__S20210223T172952275+0100_E20210223T175949316+0100___00682s__conf0.700.wav,20210223T172952,682
Cernic__S20210223T172952275+0100_E20210223T175949316+0100___00699s__conf0.556.wav,20210223T172952,699
Cernic__S20210223T172952275+0100_E20210223T175949316+0100___00760s__conf0.818.wav,20210223T172952,760
Cernic__S20210223T192954007+0100_E20210223T195949048+0100___01329s__conf0.570.wav,20210223T192954,1329
Cernic__S20210224T052952724+0100_E20210224T055948786+0100___01671s__conf0.988.wav,20210224T052952,1671
Cernic__S20210224T052952724+0100_E20210224T055948786+0100___01698s__conf0.982.wav,20210224T052952,1698
Cernic__S20210224T055950677+0100_E20210224T062947695+0100___01067s__conf0.980.wav,20210224T055950,1067
Cernic__S20210224T055950677+0100_E20210224T062947695+0100___01068s__conf0.817.wav,20210224T055950,1068
Cernic__S20210224T055950677+0100_E20210224T062947695+0100___01069s__conf0.832.wav,20210224T055950,1069
Cernic__S20210224T055950677+0100_E20210224T062947695+0100___01070s__conf0.978.wav,20210224T055950,1070
Cernic__S20210224T055950677+0100_E20210224T062947695+0100___01071s__conf0.990.wav,20210224T055950,1071
Cernic__S20210224T055950677+0100_E20210224T062947695+0100___01072s__conf0.956.wav,20210224T055950,1072
Cernic__S20210224T055950677+0100_E20210224T062947695+0100___01073s__conf0.985.wav,20210224T055950,1073
Cernic__S20210224T055950677+0100_E20210224T062947695+0100___01074s__conf0.972.wav,20210224T055950,1074
Cernic__S20210224T055950677+0100_E20210224T062947695+0100___01075s__conf0.511.wav,20210224T055950,1075
Cernic__S20210224T055950677+0100_E20210224T062947695+0100___01087s__conf0.897.wav,20210224T055950,1087
Cernic__S20210224T075949355+0100_E20210224T082947395+0100___00773s__conf0.619.wav,20210224T075949,773
Cernic__S20210224T075949355+0100_E20210224T082947395+0100___00774s__conf0.636.wav,20210224T075949,774
Cernic__S20210224T075949355+0100_E20210224T082947395+0100___01562s__conf0.981.wav,20210224T075949,1562
Cernic__S20210224T075949355+0100_E20210224T082947395+0100___01563s__conf0.992.wav,20210224T075949,1563
Cernic__S20210224T075949355+0100_E20210224T082947395+0100___01564s__conf1.000.wav,20210224T075949,1564
Cernic__S20210224T075949355+0100_E20210224T082947395+0100___01565s__conf0.999.wav,20210224T075949,1565
Cernic__S20210224T075949355+0100_E20210224T082947395+0100___01566s__conf0.800.wav,20210224T075949,1566
Cernic__S20210224T075949355+0100_E20210224T082947395+0100___01567s__conf0.907.wav,20210224T075949,1567
Cernic__S20210224T075949355+0100_E20210224T082947395+0100___01572s__conf0.873.wav,20210224T075949,1572
Cernic__S20210224T082952266+0100_E20210224T085947585+0100___00852s__conf0.997.wav,20210224T082952,852
Cernic__S20210224T082952266+0100_E20210224T085947585+0100___00853s__conf0.878.wav,20210224T082952,853
Cernic__S20210224T082952266+0100_E20210224T085947585+0100___00854s__conf0.979.wav,20210224T082952,854
Cernic__S20210224T082952266+0100_E20210224T085947585+0100___00855s__conf0.864.wav,20210224T082952,855
Cernic__S20210224T082952266+0100_E20210224T085947585+0100___00856s__conf0.951.wav,20210224T082952,856
Cernic__S20210224T082952266+0100_E20210224T085947585+0100___00857s__conf0.996.wav,20210224T082952,857
Cernic__S20210224T082952266+0100_E20210224T085947585+0100___00858s__conf0.956.wav,20210224T082952,858
Cernic__S20210224T082952266+0100_E20210224T085947585+0100___00884s__conf1.000.wav,20210224T082952,884
Cernic__S20210224T082952266+0100_E20210224T085947585+0100___00885s__conf1.000.wav,20210224T082952,885
Cernic__S20210224T082952266+0100_E20210224T085947585+0100___00887s__conf0.999.wav,20210224T082952,887
Cernic__S20210224T105948929+0100_E20210224T112946970+0100___01058s__conf1.000.wav,20210224T105948,1058
Cernic__S20210224T105948929+0100_E20210224T112946970+0100___01059s__conf1.000.wav,20210224T105948,1059
Cernic__S20210224T105948929+0100_E20210224T112946970+0100___01060s__conf0.999.wav,20210224T105948,1060
Cernic__S20210224T105948929+0100_E20210224T112946970+0100___01061s__conf1.000.wav,20210224T105948,1061
Cernic__S20210224T105948929+0100_E20210224T112946970+0100___01062s__conf1.000.wav,20210224T105948,1062
Cernic__S20210224T105948929+0100_E20210224T112946970+0100___01080s__conf0.757.wav,20210224T105948,1080
Cernic__S20210224T105948929+0100_E20210224T112946970+0100___01081s__conf1.000.wav,20210224T105948,1081
Cernic__S20210224T105948929+0100_E20210224T112946970+0100___01082s__conf0.990.wav,20210224T105948,1082
Cernic__S20210224T105948929+0100_E20210224T112946970+0100___01115s__conf0.981.wav,20210224T105948,1115
Cernic__S20210224T105948929+0100_E20210224T112946970+0100___01116s__conf1.000.wav,20210224T105948,1116
Cernic__S20210224T105948929+0100_E20210224T112946970+0100___01119s__conf0.995.wav,20210224T105948,1119
Cernic__S20210224T105948929+0100_E20210224T112946970+0100___01145s__conf0.511.wav,20210224T105948,1145
Cernic__S20210224T172951069+0100_E20210224T175946111+0100___00866s__conf0.995.wav,20210224T172951,866
Cernic__S20210224T172951069+0100_E20210224T175946111+0100___00867s__conf0.987.wav,20210224T172951,867
Cernic__S20210224T172951069+0100_E20210224T175946111+0100___00877s__conf0.985.wav,20210224T172951,877
Cernic__S20210224T172951069+0100_E20210224T175946111+0100___00878s__conf0.885.wav,20210224T172951,878
Cernic__S20210224T172951069+0100_E20210224T175946111+0100___00880s__conf0.950.wav,20210224T172951,880
Cernic__S20210224T172951069+0100_E20210224T175946111+0100___00881s__conf1.000.wav,20210224T172951,881
Cernic__S20210224T172951069+0100_E20210224T175946111+0100___00882s__conf1.000.wav,20210224T172951,882
Cernic__S20210224T172951069+0100_E20210224T175946111+0100___00904s__conf0.651.wav,20210224T172951,904
Cernic__S20210224T172951069+0100_E20210224T175946111+0100___00909s__conf0.964.wav,20210224T172951,909
Cernic__S20210224T172951069+0100_E20210224T175946111+0100___00910s__conf0.998.wav,20210224T172951,910
Cernic__S20210224T172951069+0100_E20210224T175946111+0100___00926s__conf0.996.wav,20210224T172951,926
Cernic__S20210224T172951069+0100_E20210224T175946111+0100___00927s__conf0.691.wav,20210224T172951,927
Cernic__S20210224T172951069+0100_E20210224T175946111+0100___00949s__conf0.902.wav,20210224T172951,949
Cernic__S20210224T172951069+0100_E20210224T175946111+0100___00950s__conf0.857.wav,20210224T172951,950
Cernic__S20210224T172951069+0100_E20210224T175946111+0100___00964s__conf0.997.wav,20210224T172951,964
Cernic__S20210224T172951069+0100_E20210224T175946111+0100___01146s__conf0.876.wav,20210224T172951,1146
Cernic__S20210224T172951069+0100_E20210224T175946111+0100___01148s__conf0.998.wav,20210224T172951,1148
Cernic__S20210224T172951069+0100_E20210224T175946111+0100___01149s__conf0.997.wav,20210224T172951,1149
Cernic__S20210224T195950724+0100_E20210224T202945951+0100___00535s__conf0.537.wav,20210224T195950,535
Cernic__S20210225T055946728+0100_E20210225T062945397+0100___00560s__conf0.976.wav,20210225T055946,560
Cernic__S20210225T055946728+0100_E20210225T062945397+0100___00585s__conf0.996.wav,20210225T055946,585
Cernic__S20210225T055946728+0100_E20210225T062945397+0100___00586s__conf1.000.wav,20210225T055946,586
Cernic__S20210225T055946728+0100_E20210225T062945397+0100___00587s__conf0.991.wav,20210225T055946,587
Cernic__S20210225T055946728+0100_E20210225T062945397+0100___00592s__conf0.939.wav,20210225T055946,592
Cernic__S20210225T055946728+0100_E20210225T062945397+0100___00593s__conf0.937.wav,20210225T055946,593
Cernic__S20210225T055946728+0100_E20210225T062945397+0100___00595s__conf1.000.wav,20210225T055946,595
Cernic__S20210225T055946728+0100_E20210225T062945397+0100___00596s__conf1.000.wav,20210225T055946,596
Cernic__S20210225T055946728+0100_E20210225T062945397+0100___00601s__conf0.863.wav,20210225T055946,601
Cernic__S20210225T055946728+0100_E20210225T062945397+0100___00602s__conf0.985.wav,20210225T055946,602
Cernic__S20210225T055946728+0100_E20210225T062945397+0100___00603s__conf0.982.wav,20210225T055946,603
Cernic__S20210225T055946728+0100_E20210225T062945397+0100___00619s__conf0.954.wav,20210225T055946,619
Cernic__S20210225T055946728+0100_E20210225T062945397+0100___00620s__conf0.917.wav,20210225T055946,620
Cernic__S20210225T055946728+0100_E20210225T062945397+0100___00630s__conf0.848.wav,20210225T055946,630
Cernic__S20210225T055946728+0100_E20210225T062945397+0100___00631s__conf0.861.wav,20210225T055946,631
Cernic__S20210225T055946728+0100_E20210225T062945397+0100___00828s__conf0.642.wav,20210225T055946,828
Cernic__S20210225T055946728+0100_E20210225T062945397+0100___00853s__conf0.999.wav,20210225T055946,853
Cernic__S20210225T055946728+0100_E20210225T062945397+0100___00854s__conf0.996.wav,20210225T055946,854
Cernic__S20210225T055946728+0100_E20210225T062945397+0100___00856s__conf0.996.wav,20210225T055946,856
Cernic__S20210225T055946728+0100_E20210225T062945397+0100___00877s__conf0.992.wav,20210225T055946,877
Cernic__S20210225T055946728+0100_E20210225T062945397+0100___00878s__conf1.000.wav,20210225T055946,878
Cernic__S20210225T055946728+0100_E20210225T062945397+0100___00879s__conf1.000.wav,20210225T055946,879
Cernic__S20210225T075945250+0100_E20210225T082944290+0100___00351s__conf0.563.wav,20210225T075945,351
Cernic__S20210225T075945250+0100_E20210225T082944290+0100___00420s__conf1.000.wav,20210225T075945,420
Cernic__S20210225T075945250+0100_E20210225T082944290+0100___00421s__conf1.000.wav,20210225T075945,421
Cernic__S20210225T075945250+0100_E20210225T082944290+0100___00422s__conf1.000.wav,20210225T075945,422
Cernic__S20210225T075945250+0100_E20210225T082944290+0100___00423s__conf1.000.wav,20210225T075945,423
Cernic__S20210225T075945250+0100_E20210225T082944290+0100___00424s__conf1.000.wav,20210225T075945,424
Cernic__S20210225T075945250+0100_E20210225T082944290+0100___00425s__conf1.000.wav,20210225T075945,425
Cernic__S20210225T075945250+0100_E20210225T082944290+0100___00426s__conf1.000.wav,20210225T075945,426
Cernic__S20210225T075945250+0100_E20210225T082944290+0100___00427s__conf1.000.wav,20210225T075945,427
Cernic__S20210225T075945250+0100_E20210225T082944290+0100___00428s__conf0.997.wav,20210225T075945,428
Cernic__S20210225T075945250+0100_E20210225T082944290+0100___00446s__conf0.997.wav,20210225T075945,446
Cernic__S20210225T075945250+0100_E20210225T082944290+0100___00447s__conf1.000.wav,20210225T075945,447
Cernic__S20210225T075945250+0100_E20210225T082944290+0100___00448s__conf1.000.wav,20210225T075945,448
Cernic__S20210225T075945250+0100_E20210225T082944290+0100___00449s__conf1.000.wav,20210225T075945,449
Cernic__S20210225T075945250+0100_E20210225T082944290+0100___00478s__conf1.000.wav,20210225T075945,478
Cernic__S20210225T075945250+0100_E20210225T082944290+0100___00479s__conf1.000.wav,20210225T075945,479
Cernic__S20210225T172944521+0100_E20210225T175943934+0100___00158s__conf0.992.wav,20210225T172944,158
Cernic__S20210225T172944521+0100_E20210225T175943934+0100___01177s__conf0.976.wav,20210225T172944,1177
Cernic__S20210225T172944521+0100_E20210225T175943934+0100___01178s__conf0.996.wav,20210225T172944,1178
Cernic__S20210225T175945419+0100_E20210225T182943439+0100___00141s__conf1.000.wav,20210225T175945,141
Cernic__S20210225T175945419+0100_E20210225T182943439+0100___00142s__conf0.999.wav,20210225T175945,142
Cernic__S20210225T175945419+0100_E20210225T182943439+0100___00143s__conf1.000.wav,20210225T175945,143
Cernic__S20210225T175945419+0100_E20210225T182943439+0100___00144s__conf1.000.wav,20210225T175945,144
Cernic__S20210225T175945419+0100_E20210225T182943439+0100___00145s__conf1.000.wav,20210225T175945,145
Cernic__S20210225T175945419+0100_E20210225T182943439+0100___00146s__conf1.000.wav,20210225T175945,146
Cernic__S20210225T175945419+0100_E20210225T182943439+0100___00147s__conf1.000.wav,20210225T175945,147
Cernic__S20210225T175945419+0100_E20210225T182943439+0100___00148s__conf1.000.wav,20210225T175945,148
Cernic__S20210225T175945419+0100_E20210225T182943439+0100___00149s__conf1.000.wav,20210225T175945,149
Cernic__S20210225T175945419+0100_E20210225T182943439+0100___00150s__conf1.000.wav,20210225T175945,150
Cernic__S20210225T175945419+0100_E20210225T182943439+0100___00151s__conf1.000.wav,20210225T175945,151
Cernic__S20210222T052958974+0100_E20210222T055954019+0100___01499s__conf0.999.wav,20210222T052958,1499
Cernic__S20210222T052958974+0100_E20210222T055954019+0100___01528s__conf0.921.wav,20210222T052958,1528
Cernic__S20210222T052958974+0100_E20210222T055954019+0100___01529s__conf0.818.wav,20210222T052958,1529
Cernic__S20210222T052958974+0100_E20210222T055954019+0100___01534s__conf0.999.wav,20210222T052958,1534
Cernic__S20210222T052958974+0100_E20210222T055954019+0100___01535s__conf1.000.wav,20210222T052958,1535
Cernic__S20210222T052958974+0100_E20210222T055954019+0100___01536s__conf1.000.wav,20210222T052958,1536
Cernic__S20210222T052958974+0100_E20210222T055954019+0100___01537s__conf1.000.wav,20210222T052958,1537
Cernic__S20210222T052958974+0100_E20210222T055954019+0100___01538s__conf1.000.wav,20210222T052958,1538
Cernic__S20210222T052958974+0100_E20210222T055954019+0100___01539s__conf0.995.wav,20210222T052958,1539
Cernic__S20210222T052958974+0100_E20210222T055954019+0100___01540s__conf1.000.wav,20210222T052958,1540
Cernic__S20210222T052958974+0100_E20210222T055954019+0100___01541s__conf1.000.wav,20210222T052958,1541
Cernic__S20210222T052958974+0100_E20210222T055954019+0100___01542s__conf0.999.wav,20210222T052958,1542
Cernic__S20210222T052958974+0100_E20210222T055954019+0100___01543s__conf1.000.wav,20210222T052958,1543
Cernic__S20210222T052958974+0100_E20210222T055954019+0100___01544s__conf0.999.wav,20210222T052958,1544
Cernic__S20210222T052958974+0100_E20210222T055954019+0100___01545s__conf0.998.wav,20210222T052958,1545
Cernic__S20210222T052958974+0100_E20210222T055954019+0100___01546s__conf0.996.wav,20210222T052958,1546
Cernic__S20210222T052958974+0100_E20210222T055954019+0100___01549s__conf0.988.wav,20210222T052958,1549
Cernic__S20210222T052958974+0100_E20210222T055954019+0100___01554s__conf1.000.wav,20210222T052958,1554
Cernic__S20210222T052958974+0100_E20210222T055954019+0100___01555s__conf1.000.wav,20210222T052958,1555
Cernic__S20210222T052958974+0100_E20210222T055954019+0100___01556s__conf0.999.wav,20210222T052958,1556
Cernic__S20210222T052958974+0100_E20210222T055954019+0100___01577s__conf1.000.wav,20210222T052958,1577
Cernic__S20210222T052958974+0100_E20210222T055954019+0100___01578s__conf1.000.wav,20210222T052958,1578
Cernic__S20210222T072958730+0100_E20210222T075954054+0100___01027s__conf0.971.wav,20210222T072958,1027
Cernic__S20210222T072958730+0100_E20210222T075954054+0100___01028s__conf0.999.wav,20210222T072958,1028
Cernic__S20210222T072958730+0100_E20210222T075954054+0100___01047s__conf0.869.wav,20210222T072958,1047
Cernic__S20210222T072958730+0100_E20210222T075954054+0100___01085s__conf0.620.wav,20210222T072958,1085
Cernic__S20210222T072958730+0100_E20210222T075954054+0100___01086s__conf0.956.wav,20210222T072958,1086
Cernic__S20210222T072958730+0100_E20210222T075954054+0100___01087s__conf0.992.wav,20210222T072958,1087
Cernic__S20210222T072958730+0100_E20210222T075954054+0100___01088s__conf0.984.wav,20210222T072958,1088
Cernic__S20210222T072958730+0100_E20210222T075954054+0100___01109s__conf1.000.wav,20210222T072958,1109
Cernic__S20210222T075956672+0100_E20210222T082953717+0100___01087s__conf0.981.wav,20210222T075956,1087
Cernic__S20210222T085958553+0100_E20210222T092953877+0100___00355s__conf0.748.wav,20210222T085958,355
Cernic__S20210222T092958489+0100_E20210222T095953535+0100___01221s__conf0.500.wav,20210222T092958,1221
Cernic__S20210222T092958489+0100_E20210222T095953535+0100___01222s__conf0.998.wav,20210222T092958,1222
Cernic__S20210222T095957430+0100_E20210222T102953940+0100___01351s__conf0.513.wav,20210222T095957,1351
Cernic__S20210222T095957430+0100_E20210222T102953940+0100___01352s__conf0.978.wav,20210222T095957,1352
Cernic__S20210222T095957430+0100_E20210222T102953940+0100___01433s__conf1.000.wav,20210222T095957,1433
Cernic__S20210222T095957430+0100_E20210222T102953940+0100___01434s__conf0.999.wav,20210222T095957,1434
Cernic__S20210222T095957430+0100_E20210222T102953940+0100___01446s__conf0.915.wav,20210222T095957,1446
Cernic__S20210222T095957430+0100_E20210222T102953940+0100___01447s__conf0.654.wav,20210222T095957,1447
Cernic__S20210222T095957430+0100_E20210222T102953940+0100___01474s__conf0.908.wav,20210222T095957,1474
Cernic__S20210222T112958256+0100_E20210222T115953301+0100___01780s__conf0.902.wav,20210222T112958,1780
Cernic__S20210222T112958256+0100_E20210222T115953301+0100___01784s__conf0.996.wav,20210222T112958,1784
Cernic__S20210222T112958256+0100_E20210222T115953301+0100___01785s__conf0.999.wav,20210222T112958,1785
Cernic__S20210222T115958209+0100_E20210222T122953255+0100___00052s__conf0.544.wav,20210222T115958,52
Cernic__S20210222T115958209+0100_E20210222T122953255+0100___00180s__conf0.682.wav,20210222T115958,180
Cernic__S20210222T115958209+0100_E20210222T122953255+0100___00181s__conf0.915.wav,20210222T115958,181
Cernic__S20210222T115958209+0100_E20210222T122953255+0100___00207s__conf0.914.wav,20210222T115958,207
Cernic__S20210222T115958209+0100_E20210222T122953255+0100___00216s__conf0.878.wav,20210222T115958,216
Cernic__S20210222T115958209+0100_E20210222T122953255+0100___00218s__conf0.952.wav,20210222T115958,218
Cernic__S20210222T115958209+0100_E20210222T122953255+0100___00220s__conf0.995.wav,20210222T115958,220
Cernic__S20210222T115958209+0100_E20210222T122953255+0100___00225s__conf0.962.wav,20210222T115958,225
Cernic__S20210222T115958209+0100_E20210222T122953255+0100___00250s__conf0.733.wav,20210222T115958,250
Cernic__S20210222T115958209+0100_E20210222T122953255+0100___00251s__conf0.913.wav,20210222T115958,251
Cernic__S20210222T115958209+0100_E20210222T122953255+0100___00252s__conf0.999.wav,20210222T115958,252
Cernic__S20210222T115958209+0100_E20210222T122953255+0100___00271s__conf0.927.wav,20210222T115958,271
Cernic__S20210222T115958209+0100_E20210222T122953255+0100___00272s__conf0.981.wav,20210222T115958,272
Cernic__S20210222T115958209+0100_E20210222T122953255+0100___00273s__conf0.877.wav,20210222T115958,273
Cernic__S20210222T115958209+0100_E20210222T122953255+0100___00300s__conf0.530.wav,20210222T115958,300
Cernic__S20210222T172957537+0100_E20210222T175952583+0100___01255s__conf0.845.wav,20210222T172957,1255
Cernic__S20210222T172957537+0100_E20210222T175952583+0100___01322s__conf0.550.wav,20210222T172957,1322
Cernic__S20210222T175957476+0100_E20210222T182952522+0100___00267s__conf0.965.wav,20210222T175957,267
Cernic__S20210222T175957476+0100_E20210222T182952522+0100___00277s__conf0.539.wav,20210222T175957,277
Cernic__S20210222T175957476+0100_E20210222T182952522+0100___00295s__conf0.719.wav,20210222T175957,295
Cernic__S20210222T175957476+0100_E20210222T182952522+0100___00296s__conf0.958.wav,20210222T175957,296
Cernic__S20210222T225954880+0100_E20210222T232952390+0100___01347s__conf0.799.wav,20210222T225954,1347
Cernic__S20210222T225954880+0100_E20210222T232952390+0100___01348s__conf0.944.wav,20210222T225954,1348
Cernic__S20210223T052954120+0100_E20210223T055951630+0100___01147s__conf0.999.wav,20210223T052954,1147
Cernic__S20210223T052954120+0100_E20210223T055951630+0100___01199s__conf0.888.wav,20210223T052954,1199
Cernic__S20210223T085955687+0100_E20210223T092951105+0100___00648s__conf1.000.wav,20210223T085955,648
Cernic__S20210223T085955687+0100_E20210223T092951105+0100___00649s__conf1.000.wav,20210223T085955,649
Cernic__S20210223T085955687+0100_E20210223T092951105+0100___00652s__conf0.674.wav,20210223T085955,652
Cernic__S20210223T085955687+0100_E20210223T092951105+0100___00653s__conf0.953.wav,20210223T085955,653
Cernic__S20210223T085955687+0100_E20210223T092951105+0100___00654s__conf0.655.wav,20210223T085955,654
Cernic__S20210223T085955687+0100_E20210223T092951105+0100___00674s__conf0.938.wav,20210223T085955,674
Cernic__S20210223T085955687+0100_E20210223T092951105+0100___00675s__conf0.984.wav,20210223T085955,675
Cernic__S20210223T105953448+0100_E20210223T112951144+0100___01401s__conf0.985.wav,20210223T105953,1401
Cernic__S20210223T105953448+0100_E20210223T112951144+0100___01402s__conf1.000.wav,20210223T105953,1402
Cernic__S20210223T105953448+0100_E20210223T112951144+0100___01403s__conf0.515.wav,20210223T105953,1403
Cernic__S20210223T105953448+0100_E20210223T112951144+0100___01426s__conf0.994.wav,20210223T105953,1426
Cernic__S20210223T105953448+0100_E20210223T112951144+0100___01427s__conf1.000.wav,20210223T105953,1427
Cernic__S20210223T105953448+0100_E20210223T112951144+0100___01466s__conf0.998.wav,20210223T105953,1466
Cernic__S20210223T105953448+0100_E20210223T112951144+0100___01467s__conf0.924.wav,20210223T105953,1467
Cernic__S20210223T112955389+0100_E20210223T115950435+0100___00082s__conf0.527.wav,20210223T112955,82
Cernic__S20210223T162954796+0100_E20210223T165949842+0100___01484s__conf1.000.wav,20210223T162954,1484
Cernic__S20210223T162954796+0100_E20210223T165949842+0100___01485s__conf1.000.wav,20210223T162954,1485
Cernic__S20210223T162954796+0100_E20210223T165949842+0100___01486s__conf0.975.wav,20210223T162954,1486
Cernic__S20210223T162954796+0100_E20210223T165949842+0100___01487s__conf0.994.wav,20210223T162954,1487
Cernic__S20210223T162954796+0100_E20210223T165949842+0100___01488s__conf0.865.wav,20210223T162954,1488
Cernic__S20210223T162954796+0100_E20210223T165949842+0100___01489s__conf0.767.wav,20210223T162954,1489
Cernic__S20210223T162954796+0100_E20210223T165949842+0100___01491s__conf0.950.wav,20210223T162954,1491
Cernic__S20210223T162954796+0100_E20210223T165949842+0100___01509s__conf1.000.wav,20210223T162954,1509
Cernic__S20210223T162954796+0100_E20210223T165949842+0100___01511s__conf1.000.wav,20210223T162954,1511
Cernic__S20210223T162954796+0100_E20210223T165949842+0100___01512s__conf0.996.wav,20210223T162954,1512
Cernic__S20210223T162954796+0100_E20210223T165949842+0100___01526s__conf0.996.wav,20210223T162954,1526
Cernic__S20210223T162954796+0100_E20210223T165949842+0100___01527s__conf1.000.wav,20210223T162954,1527
Cernic__S20210223T162954796+0100_E20210223T165949842+0100___01548s__conf1.000.wav,20210223T162954,1548
Cernic__S20210223T162954796+0100_E20210223T165949842+0100___01549s__conf1.000.wav,20210223T162954,1549
Cernic__S20210223T162954796+0100_E20210223T165949842+0100___01550s__conf0.999.wav,20210223T162954,1550
Cernic__S20210223T172954680+0100_E20210223T175949727+0100___01783s__conf0.910.wav,20210223T172954,1783
Cernic__S20210223T175952615+0100_E20210223T182949940+0100___00800s__conf0.893.wav,20210223T175952,800
Cernic__S20210223T215951507+0100_E20210223T222949552+0100___01593s__conf0.949.wav,20210223T215951,1593
Cernic__S20210223T215951507+0100_E20210223T222949552+0100___01624s__conf0.981.wav,20210223T215951,1624
Cernic__S20210223T215951507+0100_E20210223T222949552+0100___01625s__conf0.990.wav,20210223T215951,1625
Cernic__S20210223T232953970+0100_E20210223T235949387+0100___00335s__conf0.826.wav,20210223T232953,335
Cernic__S20210224T055950249+0100_E20210224T062948665+0100___00613s__conf0.992.wav,20210224T055950,613
Cernic__S20210224T055950249+0100_E20210224T062948665+0100___00636s__conf0.754.wav,20210224T055950,636
Cernic__S20210224T115952469+0100_E20210224T122948445+0100___00030s__conf1.000.wav,20210224T115952,30
Cernic__S20210224T115952469+0100_E20210224T122948445+0100___00031s__conf1.000.wav,20210224T115952,31
Cernic__S20210224T115952469+0100_E20210224T122948445+0100___00032s__conf0.987.wav,20210224T115952,32
Cernic__S20210224T115952469+0100_E20210224T122948445+0100___00033s__conf0.992.wav,20210224T115952,33
Cernic__S20210224T115952469+0100_E20210224T122948445+0100___00034s__conf0.895.wav,20210224T115952,34
Cernic__S20210224T122949932+0100_E20210224T125948142+0100___00835s__conf0.991.wav,20210224T122949,835
Cernic__S20210224T162948938+0100_E20210224T165947264+0100___01449s__conf0.999.wav,20210224T162948,1449
Cernic__S20210224T162948938+0100_E20210224T165947264+0100___01450s__conf1.000.wav,20210224T162948,1450
Cernic__S20210224T162948938+0100_E20210224T165947264+0100___01451s__conf0.987.wav,20210224T162948,1451
Cernic__S20210224T162948938+0100_E20210224T165947264+0100___01452s__conf0.936.wav,20210224T162948,1452
Cernic__S20210224T162948938+0100_E20210224T165947264+0100___01454s__conf1.000.wav,20210224T162948,1454
Cernic__S20210224T162948938+0100_E20210224T165947264+0100___01455s__conf1.000.wav,20210224T162948,1455
Cernic__S20210224T162948938+0100_E20210224T165947264+0100___01456s__conf0.998.wav,20210224T162948,1456
Cernic__S20210224T162948938+0100_E20210224T165947264+0100___01473s__conf0.998.wav,20210224T162948,1473
Cernic__S20210224T162948938+0100_E20210224T165947264+0100___01474s__conf0.660.wav,20210224T162948,1474
Cernic__S20210224T162948938+0100_E20210224T165947264+0100___01504s__conf1.000.wav,20210224T162948,1504
Cernic__S20210224T162948938+0100_E20210224T165947264+0100___01505s__conf1.000.wav,20210224T162948,1505
Cernic__S20210224T165948356+0100_E20210224T172947403+0100___01481s__conf0.714.wav,20210224T165948,1481
Cernic__S20210224T172948996+0100_E20210224T175947321+0100___00370s__conf1.000.wav,20210224T172948,370
Cernic__S20210224T172948996+0100_E20210224T175947321+0100___00371s__conf1.000.wav,20210224T172948,371
Cernic__S20210224T172948996+0100_E20210224T175947321+0100___00419s__conf0.930.wav,20210224T172948,419
Cernic__S20210224T172948996+0100_E20210224T175947321+0100___00420s__conf1.000.wav,20210224T172948,420
Cernic__S20210224T172948996+0100_E20210224T175947321+0100___00421s__conf1.000.wav,20210224T172948,421
Cernic__S20210224T172948996+0100_E20210224T175947321+0100___00470s__conf0.920.wav,20210224T172948,470
Cernic__S20210224T172948996+0100_E20210224T175947321+0100___00473s__conf0.998.wav,20210224T172948,473
Cernic__S20210224T172948996+0100_E20210224T175947321+0100___00474s__conf0.974.wav,20210224T172948,474
Cernic__S20210224T172948996+0100_E20210224T175947321+0100___01242s__conf0.980.wav,20210224T172948,1242
Cernic__S20210224T172948996+0100_E20210224T175947321+0100___01243s__conf0.995.wav,20210224T172948,1243
Cernic__S20210224T172948996+0100_E20210224T175947321+0100___01324s__conf0.731.wav,20210224T172948,1324
Cernic__S20210224T172948996+0100_E20210224T175947321+0100___01369s__conf0.819.wav,20210224T172948,1369
Cernic__S20210224T172948996+0100_E20210224T175947321+0100___01443s__conf0.795.wav,20210224T172948,1443
Cernic__S20210224T172948996+0100_E20210224T175947321+0100___01497s__conf0.735.wav,20210224T172948,1497
Cernic__S20210224T172948996+0100_E20210224T175947321+0100___01498s__conf0.989.wav,20210224T172948,1498
Cernic__S20210224T175948198+0100_E20210224T182947245+0100___00260s__conf0.928.wav,20210224T175948,260
Cernic__S20210224T175948198+0100_E20210224T182947245+0100___00300s__conf0.627.wav,20210224T175948,300
Cernic__S20210224T175948198+0100_E20210224T182947245+0100___00740s__conf0.914.wav,20210224T175948,740
Cernic__S20210224T175948198+0100_E20210224T182947245+0100___01105s__conf0.522.wav,20210224T175948,1105
Cernic__S20210224T175948198+0100_E20210224T182947245+0100___01137s__conf0.959.wav,20210224T175948,1137
Cernic__S20210224T175948198+0100_E20210224T182947245+0100___01151s__conf0.999.wav,20210224T175948,1151
Cernic__S20210224T182948880+0100_E20210224T185947391+0100___00331s__conf0.720.wav,20210224T182948,331
Cernic__S20210225T022949437+0100_E20210225T025946740+0100___01086s__conf0.610.wav,20210225T022949,1086
Cernic__S20210225T032953552+0100_E20210225T035945533+0100___01588s__conf0.562.wav,20210225T032953,1588
Cernic__S20210225T052948196+0100_E20210225T055946569+0100___01160s__conf0.527.wav,20210225T052948,1160
Cernic__S20210225T052948196+0100_E20210225T055946569+0100___01182s__conf0.903.wav,20210225T052948,1182
Cernic__S20210225T052948196+0100_E20210225T055946569+0100___01190s__conf0.999.wav,20210225T052948,1190
Cernic__S20210225T052948196+0100_E20210225T055946569+0100___01215s__conf0.694.wav,20210225T052948,1215
Cernic__S20210225T052948196+0100_E20210225T055946569+0100___01225s__conf0.965.wav,20210225T052948,1225
Cernic__S20210225T055948077+0100_E20210225T062946751+0100___00262s__conf0.996.wav,20210225T055948,262
Cernic__S20210225T055948077+0100_E20210225T062946751+0100___00263s__conf1.000.wav,20210225T055948,263
Cernic__S20210225T055948077+0100_E20210225T062946751+0100___00264s__conf1.000.wav,20210225T055948,264
Cernic__S20210225T055948077+0100_E20210225T062946751+0100___00265s__conf0.976.wav,20210225T055948,265
Cernic__S20210225T055948077+0100_E20210225T062946751+0100___00266s__conf0.557.wav,20210225T055948,266
Cernic__S20210225T055948077+0100_E20210225T062946751+0100___00278s__conf0.971.wav,20210225T055948,278
Cernic__S20210225T055948077+0100_E20210225T062946751+0100___00279s__conf1.000.wav,20210225T055948,279
Cernic__S20210225T055948077+0100_E20210225T062946751+0100___00280s__conf1.000.wav,20210225T055948,280
Cernic__S20210225T055948077+0100_E20210225T062946751+0100___00281s__conf0.716.wav,20210225T055948,281
Cernic__S20210225T055948077+0100_E20210225T062946751+0100___00289s__conf1.000.wav,20210225T055948,289
Cernic__S20210225T055948077+0100_E20210225T062946751+0100___00290s__conf0.999.wav,20210225T055948,290
Cernic__S20210225T055948077+0100_E20210225T062946751+0100___00303s__conf1.000.wav,20210225T055948,303
Cernic__S20210225T055948077+0100_E20210225T062946751+0100___00304s__conf1.000.wav,20210225T055948,304
Cernic__S20210225T055948077+0100_E20210225T062946751+0100___00305s__conf1.000.wav,20210225T055948,305
Cernic__S20210225T055948077+0100_E20210225T062946751+0100___00306s__conf0.993.wav,20210225T055948,306
Cernic__S20210225T055948077+0100_E20210225T062946751+0100___00328s__conf1.000.wav,20210225T055948,328
Cernic__S20210225T055948077+0100_E20210225T062946751+0100___00329s__conf1.000.wav,20210225T055948,329
Cernic__S20210225T062948631+0100_E20210225T065945912+0100___00564s__conf0.505.wav,20210225T062948,564
Cernic__S20210225T082946109+0100_E20210225T085945154+0100___01371s__conf0.859.wav,20210225T082946,1371
Cernic__S20210225T162946578+0100_E20210225T165945352+0100___00331s__conf0.880.wav,20210225T162946,331
Cernic__S20210225T172946652+0100_E20210225T175944682+0100___00094s__conf0.826.wav,20210225T172946,94
Cernic__S20210225T172946652+0100_E20210225T175944682+0100___00667s__conf1.000.wav,20210225T172946,667
Cernic__S20210225T172946652+0100_E20210225T175944682+0100___00668s__conf1.000.wav,20210225T172946,668
Cernic__S20210225T172946652+0100_E20210225T175944682+0100___00669s__conf1.000.wav,20210225T172946,669
Cernic__S20210225T172946652+0100_E20210225T175944682+0100___00670s__conf1.000.wav,20210225T172946,670
Cernic__S20210225T172946652+0100_E20210225T175944682+0100___00671s__conf0.999.wav,20210225T172946,671
Cernic__S20210225T172946652+0100_E20210225T175944682+0100___00672s__conf1.000.wav,20210225T172946,672
Cernic__S20210225T172946652+0100_E20210225T175944682+0100___00673s__conf1.000.wav,20210225T172946,673
Cernic__S20210225T172946652+0100_E20210225T175944682+0100___00674s__conf0.989.wav,20210225T172946,674
Cernic__S20210225T172946652+0100_E20210225T175944682+0100___00675s__conf0.988.wav,20210225T172946,675
Cernic__S20210225T172946652+0100_E20210225T175944682+0100___00677s__conf0.988.wav,20210225T172946,677
Cernic__S20210225T172946652+0100_E20210225T175944682+0100___00678s__conf1.000.wav,20210225T172946,678
Cernic__S20210225T172946652+0100_E20210225T175944682+0100___00679s__conf0.999.wav,20210225T172946,679
Cernic__S20210225T172946652+0100_E20210225T175944682+0100___00680s__conf0.999.wav,20210225T172946,680
Cernic__S20210225T172946652+0100_E20210225T175944682+0100___00695s__conf1.000.wav,20210225T172946,695
Cernic__S20210225T172946652+0100_E20210225T175944682+0100___00696s__conf1.000.wav,20210225T172946,696
Cernic__S20210225T172946652+0100_E20210225T175944682+0100___00697s__conf0.996.wav,20210225T172946,697
Cernic__S20210225T172946652+0100_E20210225T175944682+0100___00714s__conf1.000.wav,20210225T172946,714
Cernic__S20210225T172946652+0100_E20210225T175944682+0100___00715s__conf1.000.wav,20210225T172946,715
Cernic__S20210225T172946652+0100_E20210225T175944682+0100___00730s__conf1.000.wav,20210225T172946,730
Cernic__S20210225T172946652+0100_E20210225T175944682+0100___00731s__conf1.000.wav,20210225T172946,731
Cernic__S20210225T182945463+0100_E20210225T185944816+0100___00471s__conf0.952.wav,20210225T182945,471
Cernic__S20210225T182945463+0100_E20210225T185944816+0100___01496s__conf0.976.wav,20210225T182945,1496
Cernic__S20210225T182945463+0100_E20210225T185944816+0100___01534s__conf0.769.wav,20210225T182945,1534
Cernic__S20210225T182945463+0100_E20210225T185944816+0100___01578s__conf0.824.wav,20210225T182945,1578
Cernic__S20210225T182945463+0100_E20210225T185944816+0100___01582s__conf0.999.wav,20210225T182945,1582
Cernic__S20210225T182945463+0100_E20210225T185944816+0100___01583s__conf0.919.wav,20210225T182945,1583
Cernic__S20210225T182945463+0100_E20210225T185944816+0100___01600s__conf0.988.wav,20210225T182945,1600
Cernic__S20210225T182945463+0100_E20210225T185944816+0100___01602s__conf0.975.wav,20210225T182945,1602
Cernic__S20210225T182945463+0100_E20210225T185944816+0100___01609s__conf0.999.wav,20210225T182945,1609
Cernic__S20210225T195946782+0100_E20210225T202944605+0100___00333s__conf0.875.wav,20210225T195946,333
Cernic__S20210225T195946782+0100_E20210225T202944605+0100___00334s__conf0.826.wav,20210225T195946,334
Cernic__20210222T090000+0100_Short-term_Makokou__00717s__conf0.961.wav,20210222T090000,717
Cernic__20210222T090000+0100_Short-term_Makokou__00718s__conf1.000.wav,20210222T090000,718
Cernic__20210222T090000+0100_Short-term_Makokou__00719s__conf0.991.wav,20210222T090000,719
Cernic__20210222T090000+0100_Short-term_Makokou__00739s__conf0.799.wav,20210222T090000,739
Cernic__20210222T090000+0100_Short-term_Makokou__00740s__conf0.780.wav,20210222T090000,740
Cernic__20210222T090000+0100_Short-term_Makokou__00742s__conf0.942.wav,20210222T090000,742
Cernic__20210222T100000+0100_Short-term_Makokou__01746s__conf0.963.wav,20210222T100000,1746
Cernic__20210222T100000+0100_Short-term_Makokou__01772s__conf0.997.wav,20210222T100000,1772
Cernic__20210222T100000+0100_Short-term_Makokou__01773s__conf1.000.wav,20210222T100000,1773
Cernic__20210222T113000+0100_Short-term_Makokou__00387s__conf1.000.wav,20210222T113000,387
Cernic__20210222T113000+0100_Short-term_Makokou__00388s__conf1.000.wav,20210222T113000,388
Cernic__20210222T113000+0100_Short-term_Makokou__00389s__conf0.999.wav,20210222T113000,389
Cernic__20210222T113000+0100_Short-term_Makokou__00390s__conf0.926.wav,20210222T113000,390
Cernic__20210222T113000+0100_Short-term_Makokou__00391s__conf1.000.wav,20210222T113000,391
Cernic__20210222T113000+0100_Short-term_Makokou__00392s__conf1.000.wav,20210222T113000,392
Cernic__20210222T113000+0100_Short-term_Makokou__00393s__conf0.905.wav,20210222T113000,393
Cernic__20210222T113000+0100_Short-term_Makokou__00394s__conf0.939.wav,20210222T113000,394
Cernic__20210222T113000+0100_Short-term_Makokou__00396s__conf0.895.wav,20210222T113000,396
Cernic__20210222T113000+0100_Short-term_Makokou__00414s__conf0.950.wav,20210222T113000,414
Cernic__20210222T113000+0100_Short-term_Makokou__00416s__conf0.571.wav,20210222T113000,416
Cernic__20210222T113000+0100_Short-term_Makokou__00417s__conf0.975.wav,20210222T113000,417
Cernic__20210222T113000+0100_Short-term_Makokou__00432s__conf1.000.wav,20210222T113000,432
Cernic__20210222T113000+0100_Short-term_Makokou__00433s__conf1.000.wav,20210222T113000,433
Cernic__20210222T113000+0100_Short-term_Makokou__00458s__conf1.000.wav,20210222T113000,458
Cernic__20210222T113000+0100_Short-term_Makokou__00459s__conf1.000.wav,20210222T113000,459
Cernic__20210222T113000+0100_Short-term_Makokou__00460s__conf1.000.wav,20210222T113000,460
Cernic__20210222T113000+0100_Short-term_Makokou__00461s__conf0.999.wav,20210222T113000,461
Cernic__20210222T113000+0100_Short-term_Makokou__00462s__conf0.999.wav,20210222T113000,462
Cernic__20210222T180000+0100_Short-term_Makokou__00981s__conf0.931.wav,20210222T180000,981
Cernic__20210222T180000+0100_Short-term_Makokou__00982s__conf0.820.wav,20210222T180000,982
Cernic__20210223T090000+0100_Short-term_Makokou__01307s__conf0.946.wav,20210223T090000,1307
Cernic__20210223T090000+0100_Short-term_Makokou__01308s__conf0.932.wav,20210223T090000,1308
Cernic__20210224T073000+0100_Short-term_Makokou__00189s__conf0.985.wav,20210224T073000,189
Cernic__20210224T073000+0100_Short-term_Makokou__00190s__conf0.966.wav,20210224T073000,190
Cernic__20210224T103000+0100_Short-term_Makokou__01200s__conf0.996.wav,20210224T103000,1200
Cernic__20210224T103000+0100_Short-term_Makokou__01240s__conf0.999.wav,20210224T103000,1240
Cernic__20210224T103000+0100_Short-term_Makokou__01241s__conf0.998.wav,20210224T103000,1241
Cernic__20210224T120000+0100_Short-term_Makokou__00789s__conf0.822.wav,20210224T120000,789
Cernic__20210224T150000+0100_Short-term_Makokou__00421s__conf0.893.wav,20210224T150000,421
Cernic__20210224T150000+0100_Short-term_Makokou__00422s__conf0.583.wav,20210224T150000,422
Cernic__20210224T150000+0100_Short-term_Makokou__00445s__conf0.866.wav,20210224T150000,445
Cernic__20210224T150000+0100_Short-term_Makokou__00446s__conf0.887.wav,20210224T150000,446
Cernic__20210224T150000+0100_Short-term_Makokou__00473s__conf0.999.wav,20210224T150000,473
Cernic__20210224T150000+0100_Short-term_Makokou__00474s__conf0.998.wav,20210224T150000,474
Cernic__20210225T053000+0100_Short-term_Makokou__01403s__conf0.997.wav,20210225T053000,1403
Cernic__20210225T060000+0100_Short-term_Makokou__01175s__conf0.991.wav,20210225T060000,1175
Cernic__20210225T060000+0100_Short-term_Makokou__01176s__conf0.831.wav,20210225T060000,1176
Cernic__20210225T060000+0100_Short-term_Makokou__01211s__conf0.983.wav,20210225T060000,1211
Cernic__20210225T060000+0100_Short-term_Makokou__01249s__conf0.744.wav,20210225T060000,1249
Cernic__20210225T060000+0100_Short-term_Makokou__01250s__conf1.000.wav,20210225T060000,1250
Cernic__20210225T080000+0100_Short-term_Makokou__01198s__conf0.783.wav,20210225T080000,1198
Cernic__20210225T080000+0100_Short-term_Makokou__01199s__conf0.678.wav,20210225T080000,1199
Cernic__20210225T090000+0100_Short-term_Makokou__00384s__conf1.000.wav,20210225T090000,384
Cernic__20210225T090000+0100_Short-term_Makokou__00387s__conf0.999.wav,20210225T090000,387
Cernic__20210225T110000+0100_Short-term_Makokou__01175s__conf0.795.wav,20210225T110000,1175
Cernic__20210225T113000+0100_Short-term_Makokou__00443s__conf0.979.wav,20210225T113000,443
Cernic__20210225T113000+0100_Short-term_Makokou__00444s__conf0.514.wav,20210225T113000,444
Cernic__20210225T133000+0100_Short-term_Makokou__00693s__conf0.745.wav,20210225T133000,693
Cernic__20210225T133000+0100_Short-term_Makokou__00694s__conf0.995.wav,20210225T133000,694
Cernic__20210225T133000+0100_Short-term_Makokou__00698s__conf0.977.wav,20210225T133000,698
Cernic__20210225T133000+0100_Short-term_Makokou__00706s__conf0.949.wav,20210225T133000,706
Cernic__20210225T133000+0100_Short-term_Makokou__00711s__conf0.767.wav,20210225T133000,711
Cernic__20210225T133000+0100_Short-term_Makokou__00875s__conf0.931.wav,20210225T133000,875
Cernic__20210225T133000+0100_Short-term_Makokou__00892s__conf0.587.wav,20210225T133000,892
Cernic__20210225T133000+0100_Short-term_Makokou__00893s__conf0.639.wav,20210225T133000,893
Cernic__20210225T133000+0100_Short-term_Makokou__00894s__conf0.835.wav,20210225T133000,894
Cernic__20210225T133000+0100_Short-term_Makokou__00895s__conf0.977.wav,20210225T133000,895
Cernic__20210225T133000+0100_Short-term_Makokou__00912s__conf0.998.wav,20210225T133000,912
Cernic__20210225T133000+0100_Short-term_Makokou__00913s__conf0.991.wav,20210225T133000,913
Cernic__20210225T133000+0100_Short-term_Makokou__00914s__conf0.986.wav,20210225T133000,914
Cernic__20210225T133000+0100_Short-term_Makokou__00915s__conf0.969.wav,20210225T133000,915
Cernic__20210225T133000+0100_Short-term_Makokou__00937s__conf0.928.wav,20210225T133000,937
Cernic__20210225T133000+0100_Short-term_Makokou__00938s__conf0.988.wav,20210225T133000,938
Cernic__20210225T153000+0100_Short-term_Makokou__00132s__conf0.890.wav,20210225T153000,132
Cernic__20210225T170000+0100_Short-term_Makokou__01634s__conf0.927.wav,20210225T170000,1634
Cernic__20210225T173000+0100_Short-term_Makokou__00128s__conf0.766.wav,20210225T173000,128
Cernic__20210225T173000+0100_Short-term_Makokou__00790s__conf0.816.wav,20210225T173000,790
Cernic__20210225T173000+0100_Short-term_Makokou__00791s__conf0.846.wav,20210225T173000,791
Cernic__20210225T173000+0100_Short-term_Makokou__01085s__conf0.933.wav,20210225T173000,1085
Cernic__20210225T173000+0100_Short-term_Makokou__01086s__conf0.900.wav,20210225T173000,1086
Cernic__20210225T173000+0100_Short-term_Makokou__01236s__conf0.732.wav,20210225T173000,1236
Cernic__20210225T183000+0100_Short-term_Makokou__01659s__conf0.732.wav,20210225T183000,1659
Cernic__S20210222T095955XXX+0100_E20210222T095955XXX+0100_+000.0000+000.0000__00278s__conf1.000.wav,20210222T095955,278
Cernic__S20210222T095955XXX+0100_E20210222T095955XXX+0100_+000.0000+000.0000__00279s__conf1.000.wav,20210222T095955,279
Cernic__S20210222T095955XXX+0100_E20210222T095955XXX+0100_+000.0000+000.0000__00280s__conf0.998.wav,20210222T095955,280
Cernic__S20210222T095955XXX+0100_E20210222T095955XXX+0100_+000.0000+000.0000__00281s__conf1.000.wav,20210222T095955,281
Cernic__S20210222T095955XXX+0100_E20210222T095955XXX+0100_+000.0000+000.0000__00282s__conf1.000.wav,20210222T095955,282
Cernic__S20210222T095955XXX+0100_E20210222T095955XXX+0100_+000.0000+000.0000__00283s__conf1.000.wav,20210222T095955,283
Cernic__S20210222T095955XXX+0100_E20210222T095955XXX+0100_+000.0000+000.0000__00284s__conf0.999.wav,20210222T095955,284
Cernic__S20210222T095955XXX+0100_E20210222T095955XXX+0100_+000.0000+000.0000__00285s__conf1.000.wav,20210222T095955,285
Cernic__S20210222T095955XXX+0100_E20210222T095955XXX+0100_+000.0000+000.0000__00286s__conf1.000.wav,20210222T095955,286
Cernic__S20210222T095955XXX+0100_E20210222T095955XXX+0100_+000.0000+000.0000__00287s__conf0.999.wav,20210222T095955,287
Cernic__S20210222T095955XXX+0100_E20210222T095955XXX+0100_+000.0000+000.0000__00298s__conf1.000.wav,20210222T095955,298
Cernic__S20210222T095955XXX+0100_E20210222T095955XXX+0100_+000.0000+000.0000__00299s__conf0.999.wav,20210222T095955,299
Cernic__S20210222T095955XXX+0100_E20210222T095955XXX+0100_+000.0000+000.0000__00300s__conf0.974.wav,20210222T095955,300
Cernic__S20210222T095955XXX+0100_E20210222T095955XXX+0100_+000.0000+000.0000__00318s__conf1.000.wav,20210222T095955,318
Cernic__S20210222T095955XXX+0100_E20210222T095955XXX+0100_+000.0000+000.0000__00319s__conf1.000.wav,20210222T095955,319
Cernic__S20210222T095955XXX+0100_E20210222T095955XXX+0100_+000.0000+000.0000__00342s__conf1.000.wav,20210222T095955,342
Cernic__S20210222T095955XXX+0100_E20210222T095955XXX+0100_+000.0000+000.0000__00343s__conf1.000.wav,20210222T095955,343
Cernic__S20210222T095955XXX+0100_E20210222T095955XXX+0100_+000.0000+000.0000__00346s__conf0.999.wav,20210222T095955,346
Cernic__S20210222T095955XXX+0100_E20210222T095955XXX+0100_+000.0000+000.0000__00367s__conf0.998.wav,20210222T095955,367
Cernic__S20210222T095955XXX+0100_E20210222T095955XXX+0100_+000.0000+000.0000__00368s__conf1.000.wav,20210222T095955,368
Cernic__S20210222T095955XXX+0100_E20210222T095955XXX+0100_+000.0000+000.0000__00369s__conf0.978.wav,20210222T095955,369
Cernic__S20210222T102955XXX+0100_E20210222T102955XXX+0100_+000.0000+000.0000__00739s__conf0.974.wav,20210222T102955,739
Cernic__S20210222T112955XXX+0100_E20210222T112955XXX+0100_+000.0000+000.0000__00012s__conf0.809.wav,20210222T112955,12
Cernic__S20210222T112955XXX+0100_E20210222T112955XXX+0100_+000.0000+000.0000__00013s__conf0.951.wav,20210222T112955,13
Cernic__S20210222T112955XXX+0100_E20210222T112955XXX+0100_+000.0000+000.0000__00030s__conf0.973.wav,20210222T112955,30
Cernic__S20210222T112955XXX+0100_E20210222T112955XXX+0100_+000.0000+000.0000__00031s__conf0.998.wav,20210222T112955,31
Cernic__S20210222T112955XXX+0100_E20210222T112955XXX+0100_+000.0000+000.0000__00067s__conf0.819.wav,20210222T112955,67
Cernic__S20210222T112955XXX+0100_E20210222T112955XXX+0100_+000.0000+000.0000__00068s__conf0.961.wav,20210222T112955,68
Cernic__S20210222T112955XXX+0100_E20210222T112955XXX+0100_+000.0000+000.0000__00112s__conf0.977.wav,20210222T112955,112
Cernic__S20210222T112955XXX+0100_E20210222T112955XXX+0100_+000.0000+000.0000__00113s__conf0.631.wav,20210222T112955,113
Cernic__S20210222T132955XXX+0100_E20210222T132955XXX+0100_+000.0000+000.0000__00056s__conf0.997.wav,20210222T132955,56
Cernic__S20210222T132955XXX+0100_E20210222T132955XXX+0100_+000.0000+000.0000__00057s__conf0.999.wav,20210222T132955,57
Cernic__S20210222T132955XXX+0100_E20210222T132955XXX+0100_+000.0000+000.0000__00058s__conf1.000.wav,20210222T132955,58
Cernic__S20210222T132955XXX+0100_E20210222T132955XXX+0100_+000.0000+000.0000__00059s__conf1.000.wav,20210222T132955,59
Cernic__S20210222T132955XXX+0100_E20210222T132955XXX+0100_+000.0000+000.0000__00060s__conf1.000.wav,20210222T132955,60
Cernic__S20210222T132955XXX+0100_E20210222T132955XXX+0100_+000.0000+000.0000__00061s__conf1.000.wav,20210222T132955,61
Cernic__S20210222T132955XXX+0100_E20210222T132955XXX+0100_+000.0000+000.0000__00062s__conf1.000.wav,20210222T132955,62
Cernic__S20210222T132955XXX+0100_E20210222T132955XXX+0100_+000.0000+000.0000__00063s__conf1.000.wav,20210222T132955,63
Cernic__S20210222T132955XXX+0100_E20210222T132955XXX+0100_+000.0000+000.0000__00064s__conf0.998.wav,20210222T132955,64
Cernic__S20210222T132955XXX+0100_E20210222T132955XXX+0100_+000.0000+000.0000__00065s__conf0.997.wav,20210222T132955,65
Cernic__S20210222T132955XXX+0100_E20210222T132955XXX+0100_+000.0000+000.0000__00066s__conf1.000.wav,20210222T132955,66
Cernic__S20210222T132955XXX+0100_E20210222T132955XXX+0100_+000.0000+000.0000__00067s__conf1.000.wav,20210222T132955,67
Cernic__S20210222T132955XXX+0100_E20210222T132955XXX+0100_+000.0000+000.0000__00068s__conf0.999.wav,20210222T132955,68
Cernic__S20210222T132955XXX+0100_E20210222T132955XXX+0100_+000.0000+000.0000__00113s__conf0.997.wav,20210222T132955,113
Cernic__S20210222T135955XXX+0100_E20210222T135955XXX+0100_+000.0000+000.0000__01728s__conf0.999.wav,20210222T135955,1728
Cernic__S20210222T135955XXX+0100_E20210222T135955XXX+0100_+000.0000+000.0000__01729s__conf1.000.wav,20210222T135955,1729
Cernic__S20210222T135955XXX+0100_E20210222T135955XXX+0100_+000.0000+000.0000__01730s__conf1.000.wav,20210222T135955,1730
Cernic__S20210222T135955XXX+0100_E20210222T135955XXX+0100_+000.0000+000.0000__01731s__conf1.000.wav,20210222T135955,1731
Cernic__S20210222T135955XXX+0100_E20210222T135955XXX+0100_+000.0000+000.0000__01732s__conf0.999.wav,20210222T135955,1732
Cernic__S20210222T135955XXX+0100_E20210222T135955XXX+0100_+000.0000+000.0000__01734s__conf0.983.wav,20210222T135955,1734
Cernic__S20210222T135955XXX+0100_E20210222T135955XXX+0100_+000.0000+000.0000__01735s__conf0.874.wav,20210222T135955,1735
Cernic__S20210222T135955XXX+0100_E20210222T135955XXX+0100_+000.0000+000.0000__01736s__conf0.996.wav,20210222T135955,1736
Cernic__S20210222T135955XXX+0100_E20210222T135955XXX+0100_+000.0000+000.0000__01741s__conf0.999.wav,20210222T135955,1741
Cernic__S20210222T135955XXX+0100_E20210222T135955XXX+0100_+000.0000+000.0000__01742s__conf0.994.wav,20210222T135955,1742
Cernic__S20210222T135955XXX+0100_E20210222T135955XXX+0100_+000.0000+000.0000__01744s__conf0.836.wav,20210222T135955,1744
Cernic__S20210222T135955XXX+0100_E20210222T135955XXX+0100_+000.0000+000.0000__01745s__conf0.941.wav,20210222T135955,1745
Cernic__S20210222T135955XXX+0100_E20210222T135955XXX+0100_+000.0000+000.0000__01751s__conf0.999.wav,20210222T135955,1751
Cernic__S20210222T135955XXX+0100_E20210222T135955XXX+0100_+000.0000+000.0000__01752s__conf1.000.wav,20210222T135955,1752
Cernic__S20210222T135955XXX+0100_E20210222T135955XXX+0100_+000.0000+000.0000__01753s__conf1.000.wav,20210222T135955,1753
Cernic__S20210222T135955XXX+0100_E20210222T135955XXX+0100_+000.0000+000.0000__01754s__conf0.999.wav,20210222T135955,1754
Cernic__S20210222T135955XXX+0100_E20210222T135955XXX+0100_+000.0000+000.0000__01763s__conf1.000.wav,20210222T135955,1763
Cernic__S20210222T135955XXX+0100_E20210222T135955XXX+0100_+000.0000+000.0000__01764s__conf1.000.wav,20210222T135955,1764
Cernic__S20210222T135955XXX+0100_E20210222T135955XXX+0100_+000.0000+000.0000__01765s__conf0.999.wav,20210222T135955,1765
Cernic__S20210222T135955XXX+0100_E20210222T135955XXX+0100_+000.0000+000.0000__01766s__conf1.000.wav,20210222T135955,1766
Cernic__S20210222T135955XXX+0100_E20210222T135955XXX+0100_+000.0000+000.0000__01778s__conf0.998.wav,20210222T135955,1778
Cernic__S20210222T135955XXX+0100_E20210222T135955XXX+0100_+000.0000+000.0000__01779s__conf0.996.wav,20210222T135955,1779
Cernic__S20210222T135955XXX+0100_E20210222T135955XXX+0100_+000.0000+000.0000__01780s__conf1.000.wav,20210222T135955,1780
Cernic__S20210222T135955XXX+0100_E20210222T135955XXX+0100_+000.0000+000.0000__01781s__conf0.999.wav,20210222T135955,1781
Cernic__S20210222T135955XXX+0100_E20210222T135955XXX+0100_+000.0000+000.0000__01782s__conf1.000.wav,20210222T135955,1782
Cernic__S20210222T142955XXX+0100_E20210222T142955XXX+0100_+000.0000+000.0000__00015s__conf1.000.wav,20210222T142955,15
Cernic__S20210222T142955XXX+0100_E20210222T142955XXX+0100_+000.0000+000.0000__00016s__conf1.000.wav,20210222T142955,16
Cernic__S20210222T142955XXX+0100_E20210222T142955XXX+0100_+000.0000+000.0000__00018s__conf1.000.wav,20210222T142955,18
Cernic__S20210222T142955XXX+0100_E20210222T142955XXX+0100_+000.0000+000.0000__00019s__conf1.000.wav,20210222T142955,19
Cernic__S20210222T142955XXX+0100_E20210222T142955XXX+0100_+000.0000+000.0000__00029s__conf1.000.wav,20210222T142955,29
Cernic__S20210222T142955XXX+0100_E20210222T142955XXX+0100_+000.0000+000.0000__00030s__conf1.000.wav,20210222T142955,30
Cernic__S20210222T142955XXX+0100_E20210222T142955XXX+0100_+000.0000+000.0000__00031s__conf1.000.wav,20210222T142955,31
Cernic__S20210222T142955XXX+0100_E20210222T142955XXX+0100_+000.0000+000.0000__00032s__conf1.000.wav,20210222T142955,32
Cernic__S20210222T142955XXX+0100_E20210222T142955XXX+0100_+000.0000+000.0000__00033s__conf0.926.wav,20210222T142955,33
Cernic__S20210222T142955XXX+0100_E20210222T142955XXX+0100_+000.0000+000.0000__00048s__conf1.000.wav,20210222T142955,48
Cernic__S20210222T142955XXX+0100_E20210222T142955XXX+0100_+000.0000+000.0000__00049s__conf1.000.wav,20210222T142955,49
Cernic__S20210222T142955XXX+0100_E20210222T142955XXX+0100_+000.0000+000.0000__00050s__conf1.000.wav,20210222T142955,50
Cernic__S20210222T142955XXX+0100_E20210222T142955XXX+0100_+000.0000+000.0000__00051s__conf1.000.wav,20210222T142955,51
Cernic__S20210222T142955XXX+0100_E20210222T142955XXX+0100_+000.0000+000.0000__00052s__conf1.000.wav,20210222T142955,52
Cernic__S20210222T142955XXX+0100_E20210222T142955XXX+0100_+000.0000+000.0000__00053s__conf1.000.wav,20210222T142955,53
Cernic__S20210222T142955XXX+0100_E20210222T142955XXX+0100_+000.0000+000.0000__00067s__conf1.000.wav,20210222T142955,67
Cernic__S20210222T142955XXX+0100_E20210222T142955XXX+0100_+000.0000+000.0000__00068s__conf1.000.wav,20210222T142955,68
Cernic__S20210222T165955XXX+0100_E20210222T165955XXX+0100_+000.0000+000.0000__01400s__conf1.000.wav,20210222T165955,1400
Cernic__S20210222T165955XXX+0100_E20210222T165955XXX+0100_+000.0000+000.0000__01401s__conf1.000.wav,20210222T165955,1401
Cernic__S20210222T165955XXX+0100_E20210222T165955XXX+0100_+000.0000+000.0000__01402s__conf1.000.wav,20210222T165955,1402
Cernic__S20210222T165955XXX+0100_E20210222T165955XXX+0100_+000.0000+000.0000__01403s__conf1.000.wav,20210222T165955,1403
Cernic__S20210222T165955XXX+0100_E20210222T165955XXX+0100_+000.0000+000.0000__01404s__conf1.000.wav,20210222T165955,1404
Cernic__S20210222T165955XXX+0100_E20210222T165955XXX+0100_+000.0000+000.0000__01405s__conf1.000.wav,20210222T165955,1405
Cernic__S20210222T165955XXX+0100_E20210222T165955XXX+0100_+000.0000+000.0000__01406s__conf1.000.wav,20210222T165955,1406
Cernic__S20210222T165955XXX+0100_E20210222T165955XXX+0100_+000.0000+000.0000__01407s__conf1.000.wav,20210222T165955,1407
Cernic__S20210222T165955XXX+0100_E20210222T165955XXX+0100_+000.0000+000.0000__01408s__conf0.845.wav,20210222T165955,1408
Cernic__S20210222T165955XXX+0100_E20210222T165955XXX+0100_+000.0000+000.0000__01411s__conf1.000.wav,20210222T165955,1411
Cernic__S20210222T165955XXX+0100_E20210222T165955XXX+0100_+000.0000+000.0000__01412s__conf1.000.wav,20210222T165955,1412
Cernic__S20210222T165955XXX+0100_E20210222T165955XXX+0100_+000.0000+000.0000__01413s__conf1.000.wav,20210222T165955,1413
Cernic__S20210222T165955XXX+0100_E20210222T165955XXX+0100_+000.0000+000.0000__01414s__conf1.000.wav,20210222T165955,1414
Cernic__S20210222T165955XXX+0100_E20210222T165955XXX+0100_+000.0000+000.0000__01415s__conf0.999.wav,20210222T165955,1415
Cernic__S20210222T165955XXX+0100_E20210222T165955XXX+0100_+000.0000+000.0000__01416s__conf0.996.wav,20210222T165955,1416
Cernic__S20210222T165955XXX+0100_E20210222T165955XXX+0100_+000.0000+000.0000__01432s__conf0.993.wav,20210222T165955,1432
Cernic__S20210222T165955XXX+0100_E20210222T165955XXX+0100_+000.0000+000.0000__01433s__conf0.995.wav,20210222T165955,1433
Cernic__S20210222T165955XXX+0100_E20210222T165955XXX+0100_+000.0000+000.0000__01434s__conf0.987.wav,20210222T165955,1434
Cernic__S20210222T165955XXX+0100_E20210222T165955XXX+0100_+000.0000+000.0000__01436s__conf1.000.wav,20210222T165955,1436
Cernic__S20210222T165955XXX+0100_E20210222T165955XXX+0100_+000.0000+000.0000__01437s__conf1.000.wav,20210222T165955,1437
Cernic__S20210222T165955XXX+0100_E20210222T165955XXX+0100_+000.0000+000.0000__01456s__conf1.000.wav,20210222T165955,1456
Cernic__S20210222T165955XXX+0100_E20210222T165955XXX+0100_+000.0000+000.0000__01457s__conf1.000.wav,20210222T165955,1457
Cernic__S20210222T165955XXX+0100_E20210222T165955XXX+0100_+000.0000+000.0000__01480s__conf1.000.wav,20210222T165955,1480
Cernic__S20210222T165955XXX+0100_E20210222T165955XXX+0100_+000.0000+000.0000__01481s__conf1.000.wav,20210222T165955,1481
Cernic__S20210222T175955XXX+0100_E20210222T175955XXX+0100_+000.0000+000.0000__00542s__conf1.000.wav,20210222T175955,542
Cernic__S20210222T175955XXX+0100_E20210222T175955XXX+0100_+000.0000+000.0000__00543s__conf1.000.wav,20210222T175955,543
Cernic__S20210222T175955XXX+0100_E20210222T175955XXX+0100_+000.0000+000.0000__00544s__conf1.000.wav,20210222T175955,544
Cernic__S20210222T175955XXX+0100_E20210222T175955XXX+0100_+000.0000+000.0000__00545s__conf0.999.wav,20210222T175955,545
Cernic__S20210222T175955XXX+0100_E20210222T175955XXX+0100_+000.0000+000.0000__00546s__conf1.000.wav,20210222T175955,546
Cernic__S20210222T175955XXX+0100_E20210222T175955XXX+0100_+000.0000+000.0000__00547s__conf1.000.wav,20210222T175955,547
Cernic__S20210222T175955XXX+0100_E20210222T175955XXX+0100_+000.0000+000.0000__00562s__conf1.000.wav,20210222T175955,562
Cernic__S20210222T175955XXX+0100_E20210222T175955XXX+0100_+000.0000+000.0000__00563s__conf1.000.wav,20210222T175955,563
Cernic__S20210222T175955XXX+0100_E20210222T175955XXX+0100_+000.0000+000.0000__00564s__conf1.000.wav,20210222T175955,564
Cernic__S20210222T175955XXX+0100_E20210222T175955XXX+0100_+000.0000+000.0000__00565s__conf1.000.wav,20210222T175955,565
Cernic__S20210222T175955XXX+0100_E20210222T175955XXX+0100_+000.0000+000.0000__00580s__conf1.000.wav,20210222T175955,580
Cernic__S20210222T175955XXX+0100_E20210222T175955XXX+0100_+000.0000+000.0000__00581s__conf1.000.wav,20210222T175955,581
Cernic__S20210222T175955XXX+0100_E20210222T175955XXX+0100_+000.0000+000.0000__00582s__conf1.000.wav,20210222T175955,582
Cernic__S20210222T175955XXX+0100_E20210222T175955XXX+0100_+000.0000+000.0000__00583s__conf1.000.wav,20210222T175955,583
Cernic__S20210222T175955XXX+0100_E20210222T175955XXX+0100_+000.0000+000.0000__00597s__conf0.999.wav,20210222T175955,597
Cernic__S20210222T175955XXX+0100_E20210222T175955XXX+0100_+000.0000+000.0000__00598s__conf1.000.wav,20210222T175955,598
Cernic__S20210223T085955313+0100_E20210223T092951356+0100___00453s__conf0.974.wav,20210223T085955,453
Cernic__S20210223T085955313+0100_E20210223T092951356+0100___00454s__conf0.937.wav,20210223T085955,454
Cernic__S20210223T102954143+0100_E20210223T105951187+0100___00210s__conf0.928.wav,20210223T102954,210
Cernic__S20210223T102954143+0100_E20210223T105951187+0100___00211s__conf0.997.wav,20210223T102954,211
Cernic__S20210223T132955798+0100_E20210223T135950842+0100___00337s__conf0.819.wav,20210223T132955,337
Cernic__S20210223T132955798+0100_E20210223T135950842+0100___00651s__conf0.998.wav,20210223T132955,651
Cernic__S20210223T132955798+0100_E20210223T135950842+0100___00652s__conf0.987.wav,20210223T132955,652
Cernic__S20210223T132955798+0100_E20210223T135950842+0100___00653s__conf0.998.wav,20210223T132955,653
Cernic__S20210223T132955798+0100_E20210223T135950842+0100___00654s__conf0.850.wav,20210223T132955,654
Cernic__S20210223T132955798+0100_E20210223T135950842+0100___00655s__conf0.778.wav,20210223T132955,655
Cernic__S20210223T132955798+0100_E20210223T135950842+0100___00656s__conf0.779.wav,20210223T132955,656
Cernic__S20210223T132955798+0100_E20210223T135950842+0100___00657s__conf0.988.wav,20210223T132955,657
Cernic__S20210223T132955798+0100_E20210223T135950842+0100___00658s__conf0.953.wav,20210223T132955,658
Cernic__S20210223T132955798+0100_E20210223T135950842+0100___00661s__conf0.701.wav,20210223T132955,661
Cernic__S20210223T132955798+0100_E20210223T135950842+0100___00674s__conf0.668.wav,20210223T132955,674
Cernic__S20210223T132955798+0100_E20210223T135950842+0100___00702s__conf0.991.wav,20210223T132955,702
Cernic__S20210223T132955798+0100_E20210223T135950842+0100___00703s__conf0.999.wav,20210223T132955,703
Cernic__S20210223T132955798+0100_E20210223T135950842+0100___00704s__conf0.998.wav,20210223T132955,704
Cernic__S20210223T132955798+0100_E20210223T135950842+0100___00705s__conf0.987.wav,20210223T132955,705
Cernic__S20210223T132955798+0100_E20210223T135950842+0100___00706s__conf0.967.wav,20210223T132955,706
Cernic__S20210223T132955798+0100_E20210223T135950842+0100___00707s__conf0.958.wav,20210223T132955,707
Cernic__S20210223T135955750+0100_E20210223T142950795+0100___01029s__conf0.977.wav,20210223T135955,1029
Cernic__S20210223T135955750+0100_E20210223T142950795+0100___01030s__conf0.587.wav,20210223T135955,1030
Cernic__S20210223T135955750+0100_E20210223T142950795+0100___01063s__conf0.772.wav,20210223T135955,1063
Cernic__S20210223T155954517+0100_E20210223T162950562+0100___00137s__conf0.880.wav,20210223T155954,137
Cernic__S20210223T155954517+0100_E20210223T162950562+0100___00138s__conf0.993.wav,20210223T155954,138
Cernic__S20210223T155954517+0100_E20210223T162950562+0100___00157s__conf0.973.wav,20210223T155954,157
Cernic__S20210223T155954517+0100_E20210223T162950562+0100___00158s__conf1.000.wav,20210223T155954,158
Cernic__S20210223T165954406+0100_E20210223T172950451+0100___00445s__conf0.999.wav,20210223T165954,445
Cernic__S20210223T165954406+0100_E20210223T172950451+0100___00446s__conf1.000.wav,20210223T165954,446
Cernic__S20210223T165954406+0100_E20210223T172950451+0100___00447s__conf1.000.wav,20210223T165954,447
Cernic__S20210223T165954406+0100_E20210223T172950451+0100___00448s__conf0.998.wav,20210223T165954,448
Cernic__S20210223T165954406+0100_E20210223T172950451+0100___00451s__conf0.890.wav,20210223T165954,451
Cernic__S20210223T165954406+0100_E20210223T172950451+0100___00453s__conf1.000.wav,20210223T165954,453
Cernic__S20210223T165954406+0100_E20210223T172950451+0100___00454s__conf0.998.wav,20210223T165954,454
Cernic__S20210223T165954406+0100_E20210223T172950451+0100___00463s__conf1.000.wav,20210223T165954,463
Cernic__S20210223T165954406+0100_E20210223T172950451+0100___00464s__conf1.000.wav,20210223T165954,464
Cernic__S20210223T165954406+0100_E20210223T172950451+0100___00465s__conf1.000.wav,20210223T165954,465
Cernic__S20210223T165954406+0100_E20210223T172950451+0100___00466s__conf1.000.wav,20210223T165954,466
Cernic__S20210223T165954406+0100_E20210223T172950451+0100___00467s__conf0.999.wav,20210223T165954,467
Cernic__S20210223T175954291+0100_E20210223T182950336+0100___00219s__conf1.000.wav,20210223T175954,219
Cernic__S20210223T175954291+0100_E20210223T182950336+0100___00221s__conf0.982.wav,20210223T175954,221
Cernic__S20210223T175954291+0100_E20210223T182950336+0100___00223s__conf1.000.wav,20210223T175954,223
Cernic__S20210223T175954291+0100_E20210223T182950336+0100___00224s__conf1.000.wav,20210223T175954,224
Cernic__S20210223T175954291+0100_E20210223T182950336+0100___00225s__conf0.999.wav,20210223T175954,225
Cernic__S20210223T175954291+0100_E20210223T182950336+0100___00226s__conf0.999.wav,20210223T175954,226
Cernic__S20210223T175954291+0100_E20210223T182950336+0100___00505s__conf0.993.wav,20210223T175954,505
Cernic__S20210223T175954291+0100_E20210223T182950336+0100___00506s__conf1.000.wav,20210223T175954,506
Cernic__S20210223T175954291+0100_E20210223T182950336+0100___00513s__conf1.000.wav,20210223T175954,513
Cernic__S20210223T175954291+0100_E20210223T182950336+0100___00514s__conf1.000.wav,20210223T175954,514
Cernic__S20210223T175954291+0100_E20210223T182950336+0100___00515s__conf1.000.wav,20210223T175954,515
Cernic__S20210223T175954291+0100_E20210223T182950336+0100___00516s__conf1.000.wav,20210223T175954,516
Cernic__S20210223T175954291+0100_E20210223T182950336+0100___00517s__conf1.000.wav,20210223T175954,517
Cernic__S20210223T175954291+0100_E20210223T182950336+0100___00518s__conf1.000.wav,20210223T175954,518
Cernic__S20210223T175954291+0100_E20210223T182950336+0100___00519s__conf1.000.wav,20210223T175954,519
Cernic__S20210223T175954291+0100_E20210223T182950336+0100___00520s__conf1.000.wav,20210223T175954,520
Cernic__S20210223T175954291+0100_E20210223T182950336+0100___00532s__conf1.000.wav,20210223T175954,532
Cernic__S20210223T175954291+0100_E20210223T182950336+0100___00533s__conf1.000.wav,20210223T175954,533
Cernic__S20210223T175954291+0100_E20210223T182950336+0100___00534s__conf1.000.wav,20210223T175954,534
Cernic__S20210223T175954291+0100_E20210223T182950336+0100___00535s__conf1.000.wav,20210223T175954,535
Cernic__S20210223T175954291+0100_E20210223T182950336+0100___00536s__conf1.000.wav,20210223T175954,536
Cernic__S20210223T175954291+0100_E20210223T182950336+0100___00538s__conf1.000.wav,20210223T175954,538
Cernic__S20210223T175954291+0100_E20210223T182950336+0100___00539s__conf1.000.wav,20210223T175954,539
Cernic__S20210223T175954291+0100_E20210223T182950336+0100___00540s__conf1.000.wav,20210223T175954,540
Cernic__S20210223T175954291+0100_E20210223T182950336+0100___00541s__conf1.000.wav,20210223T175954,541
Cernic__S20210223T175954291+0100_E20210223T182950336+0100___00542s__conf1.000.wav,20210223T175954,542
Cernic__S20210223T175954291+0100_E20210223T182950336+0100___00543s__conf1.000.wav,20210223T175954,543
Cernic__S20210223T175954291+0100_E20210223T182950336+0100___00552s__conf1.000.wav,20210223T175954,552
Cernic__S20210223T175954291+0100_E20210223T182950336+0100___00553s__conf1.000.wav,20210223T175954,553
Cernic__S20210223T175954291+0100_E20210223T182950336+0100___00554s__conf1.000.wav,20210223T175954,554
Cernic__S20210223T175954291+0100_E20210223T182950336+0100___00555s__conf1.000.wav,20210223T175954,555
Cernic__S20210223T175954291+0100_E20210223T182950336+0100___00556s__conf1.000.wav,20210223T175954,556
Cernic__S20210223T175954291+0100_E20210223T182950336+0100___00557s__conf0.998.wav,20210223T175954,557
Cernic__S20210223T175954291+0100_E20210223T182950336+0100___00558s__conf1.000.wav,20210223T175954,558
Cernic__S20210223T175954291+0100_E20210223T182950336+0100___00559s__conf0.998.wav,20210223T175954,559
Cernic__S20210223T175954291+0100_E20210223T182950336+0100___00560s__conf0.999.wav,20210223T175954,560
Cernic__S20210223T175954291+0100_E20210223T182950336+0100___00577s__conf1.000.wav,20210223T175954,577
Cernic__S20210223T175954291+0100_E20210223T182950336+0100___00578s__conf1.000.wav,20210223T175954,578
Cernic__S20210223T175954291+0100_E20210223T182950336+0100___00579s__conf1.000.wav,20210223T175954,579
Cernic__S20210223T175954291+0100_E20210223T182950336+0100___00580s__conf1.000.wav,20210223T175954,580
Cernic__S20210223T175954291+0100_E20210223T182950336+0100___00582s__conf1.000.wav,20210223T175954,582
Cernic__S20210223T175954291+0100_E20210223T182950336+0100___00583s__conf1.000.wav,20210223T175954,583
Cernic__S20210223T175954291+0100_E20210223T182950336+0100___00590s__conf1.000.wav,20210223T175954,590
Cernic__S20210223T175954291+0100_E20210223T182950336+0100___00591s__conf1.000.wav,20210223T175954,591
Cernic__S20210223T175954291+0100_E20210223T182950336+0100___00600s__conf0.687.wav,20210223T175954,600
Cernic__S20210223T175954291+0100_E20210223T182950336+0100___00601s__conf0.981.wav,20210223T175954,601
Cernic__S20210223T175954291+0100_E20210223T182950336+0100___00602s__conf0.934.wav,20210223T175954,602
Cernic__S20210223T175954291+0100_E20210223T182950336+0100___00612s__conf1.000.wav,20210223T175954,612
Cernic__S20210223T175954291+0100_E20210223T182950336+0100___00613s__conf1.000.wav,20210223T175954,613
Cernic__S20210223T175954291+0100_E20210223T182950336+0100___00619s__conf1.000.wav,20210223T175954,619
Cernic__S20210223T175954291+0100_E20210223T182950336+0100___00620s__conf1.000.wav,20210223T175954,620
Cernic__S20210223T175954291+0100_E20210223T182950336+0100___00623s__conf1.000.wav,20210223T175954,623
Cernic__S20210223T175954291+0100_E20210223T182950336+0100___00624s__conf1.000.wav,20210223T175954,624
Cernic__S20210223T175954291+0100_E20210223T182950336+0100___00625s__conf1.000.wav,20210223T175954,625
Cernic__S20210223T175954291+0100_E20210223T182950336+0100___00626s__conf1.000.wav,20210223T175954,626
Cernic__S20210223T175954291+0100_E20210223T182950336+0100___00627s__conf0.999.wav,20210223T175954,627
Cernic__S20210223T175954291+0100_E20210223T182950336+0100___00638s__conf1.000.wav,20210223T175954,638
Cernic__S20210223T175954291+0100_E20210223T182950336+0100___00639s__conf1.000.wav,20210223T175954,639
Cernic__S20210223T175954291+0100_E20210223T182950336+0100___00640s__conf1.000.wav,20210223T175954,640
Cernic__S20210223T175954291+0100_E20210223T182950336+0100___00641s__conf1.000.wav,20210223T175954,641
Cernic__S20210223T175954291+0100_E20210223T182950336+0100___00656s__conf1.000.wav,20210223T175954,656
Cernic__S20210223T175954291+0100_E20210223T182950336+0100___00657s__conf1.000.wav,20210223T175954,657
Cernic__S20210224T062951887+0100_E20210224T065949395+0100___00612s__conf0.582.wav,20210224T062951,612
Cernic__S20210224T062951887+0100_E20210224T065949395+0100___00613s__conf0.976.wav,20210224T062951,613
Cernic__S20210224T062951887+0100_E20210224T065949395+0100___00614s__conf0.745.wav,20210224T062951,614
Cernic__S20210224T062951887+0100_E20210224T065949395+0100___00636s__conf0.999.wav,20210224T062951,636
Cernic__S20210224T062951887+0100_E20210224T065949395+0100___00637s__conf0.997.wav,20210224T062951,637
Cernic__S20210224T075951720+0100_E20210224T082948764+0100___00210s__conf1.000.wav,20210224T075951,210
Cernic__S20210224T075951720+0100_E20210224T082948764+0100___00211s__conf1.000.wav,20210224T075951,211
Cernic__S20210224T075951720+0100_E20210224T082948764+0100___00212s__conf1.000.wav,20210224T075951,212
Cernic__S20210224T075951720+0100_E20210224T082948764+0100___00213s__conf1.000.wav,20210224T075951,213
Cernic__S20210224T075951720+0100_E20210224T082948764+0100___00214s__conf0.998.wav,20210224T075951,214
Cernic__S20210224T075951720+0100_E20210224T082948764+0100___00215s__conf0.994.wav,20210224T075951,215
Cernic__S20210224T075951720+0100_E20210224T082948764+0100___00216s__conf0.990.wav,20210224T075951,216
Cernic__S20210224T075951720+0100_E20210224T082948764+0100___00217s__conf1.000.wav,20210224T075951,217
Cernic__S20210224T075951720+0100_E20210224T082948764+0100___00218s__conf1.000.wav,20210224T075951,218
Cernic__S20210224T075951720+0100_E20210224T082948764+0100___00229s__conf0.938.wav,20210224T075951,229
Cernic__S20210224T075951720+0100_E20210224T082948764+0100___00230s__conf1.000.wav,20210224T075951,230
Cernic__S20210224T075951720+0100_E20210224T082948764+0100___00231s__conf1.000.wav,20210224T075951,231
Cernic__S20210224T075951720+0100_E20210224T082948764+0100___00232s__conf1.000.wav,20210224T075951,232
Cernic__S20210224T075951720+0100_E20210224T082948764+0100___00233s__conf1.000.wav,20210224T075951,233
Cernic__S20210224T075951720+0100_E20210224T082948764+0100___00268s__conf1.000.wav,20210224T075951,268
Cernic__S20210224T075951720+0100_E20210224T082948764+0100___00269s__conf1.000.wav,20210224T075951,269
Cernic__S20210224T075951720+0100_E20210224T082948764+0100___00270s__conf1.000.wav,20210224T075951,270
Cernic__S20210224T075951720+0100_E20210224T082948764+0100___00271s__conf1.000.wav,20210224T075951,271
Cernic__S20210224T075951720+0100_E20210224T082948764+0100___00272s__conf1.000.wav,20210224T075951,272
Cernic__S20210224T075951720+0100_E20210224T082948764+0100___00273s__conf1.000.wav,20210224T075951,273
Cernic__S20210224T092953546+0100_E20210224T095948590+0100___01668s__conf0.889.wav,20210224T092953,1668
Cernic__S20210224T092953546+0100_E20210224T095948590+0100___01669s__conf0.875.wav,20210224T092953,1669
Cernic__S20210224T105953379+0100_E20210224T112948702+0100___01672s__conf0.755.wav,20210224T105953,1672
Cernic__S20210224T105953379+0100_E20210224T112948702+0100___01673s__conf0.982.wav,20210224T105953,1673
Cernic__S20210224T105953379+0100_E20210224T112948702+0100___01674s__conf1.000.wav,20210224T105953,1674
Cernic__S20210224T105953379+0100_E20210224T112948702+0100___01675s__conf1.000.wav,20210224T105953,1675
Cernic__S20210224T105953379+0100_E20210224T112948702+0100___01682s__conf0.998.wav,20210224T105953,1682
Cernic__S20210224T105953379+0100_E20210224T112948702+0100___01689s__conf1.000.wav,20210224T105953,1689
Cernic__S20210224T105953379+0100_E20210224T112948702+0100___01690s__conf1.000.wav,20210224T105953,1690
Cernic__S20210224T105953379+0100_E20210224T112948702+0100___01691s__conf0.997.wav,20210224T105953,1691
Cernic__S20210224T105953379+0100_E20210224T112948702+0100___01692s__conf0.891.wav,20210224T105953,1692
Cernic__S20210224T105953379+0100_E20210224T112948702+0100___01694s__conf0.999.wav,20210224T105953,1694
Cernic__S20210224T105953379+0100_E20210224T112948702+0100___01697s__conf0.810.wav,20210224T105953,1697
Cernic__S20210224T105953379+0100_E20210224T112948702+0100___01718s__conf0.980.wav,20210224T105953,1718
Cernic__S20210224T105953379+0100_E20210224T112948702+0100___01719s__conf1.000.wav,20210224T105953,1719
Cernic__S20210224T105953379+0100_E20210224T112948702+0100___01751s__conf0.982.wav,20210224T105953,1751
Cernic__S20210224T105953379+0100_E20210224T112948702+0100___01752s__conf0.997.wav,20210224T105953,1752
Cernic__S20210224T105953379+0100_E20210224T112948702+0100___01753s__conf0.953.wav,20210224T105953,1753
Cernic__S20210224T112951321+0100_E20210224T115948366+0100___00068s__conf0.678.wav,20210224T112951,68
Cernic__S20210224T112951321+0100_E20210224T115948366+0100___00097s__conf0.982.wav,20210224T112951,97
Cernic__S20210224T112951321+0100_E20210224T115948366+0100___00139s__conf0.995.wav,20210224T112951,139
Cernic__S20210224T112951321+0100_E20210224T115948366+0100___00140s__conf0.996.wav,20210224T112951,140
Cernic__S20210224T125953159+0100_E20210224T132948297+0100___00100s__conf0.966.wav,20210224T125953,100
Cernic__S20210224T125953159+0100_E20210224T132948297+0100___00101s__conf0.899.wav,20210224T125953,101
Cernic__S20210224T125953159+0100_E20210224T132948297+0100___00103s__conf1.000.wav,20210224T125953,103
Cernic__S20210224T125953159+0100_E20210224T132948297+0100___00122s__conf0.981.wav,20210224T125953,122
Cernic__S20210224T125953159+0100_E20210224T132948297+0100___00123s__conf0.996.wav,20210224T125953,123
Cernic__S20210224T125953159+0100_E20210224T132948297+0100___00124s__conf0.868.wav,20210224T125953,124
Cernic__S20210224T125953159+0100_E20210224T132948297+0100___00125s__conf0.849.wav,20210224T125953,125
Cernic__S20210224T125953159+0100_E20210224T132948297+0100___00134s__conf0.967.wav,20210224T125953,134
Cernic__S20210224T125953159+0100_E20210224T132948297+0100___00144s__conf0.679.wav,20210224T125953,144
Cernic__S20210224T125953159+0100_E20210224T132948297+0100___00145s__conf0.995.wav,20210224T125953,145
Cernic__S20210224T125953159+0100_E20210224T132948297+0100___00149s__conf0.982.wav,20210224T125953,149
Cernic__S20210224T125953159+0100_E20210224T132948297+0100___00150s__conf0.976.wav,20210224T125953,150
Cernic__S20210224T125953159+0100_E20210224T132948297+0100___00151s__conf1.000.wav,20210224T125953,151
Cernic__S20210224T125953159+0100_E20210224T132948297+0100___00152s__conf0.996.wav,20210224T125953,152
Cernic__S20210224T125953159+0100_E20210224T132948297+0100___00153s__conf0.859.wav,20210224T125953,153
Cernic__S20210224T125953159+0100_E20210224T132948297+0100___00159s__conf1.000.wav,20210224T125953,159
Cernic__S20210224T125953159+0100_E20210224T132948297+0100___00160s__conf1.000.wav,20210224T125953,160
Cernic__S20210224T125953159+0100_E20210224T132948297+0100___00178s__conf1.000.wav,20210224T125953,178
Cernic__S20210224T125953159+0100_E20210224T132948297+0100___00179s__conf1.000.wav,20210224T125953,179
Cernic__S20210224T132953104+0100_E20210224T135948150+0100___01188s__conf0.994.wav,20210224T132953,1188
Cernic__S20210224T135951050+0100_E20210224T142948095+0100___01777s__conf1.000.wav,20210224T135951,1777
Cernic__S20210224T135951050+0100_E20210224T142948095+0100___01778s__conf1.000.wav,20210224T135951,1778
Cernic__S20210224T135951050+0100_E20210224T142948095+0100___01779s__conf1.000.wav,20210224T135951,1779
Cernic__S20210224T135951050+0100_E20210224T142948095+0100___01780s__conf1.000.wav,20210224T135951,1780
Cernic__S20210224T135951050+0100_E20210224T142948095+0100___01781s__conf1.000.wav,20210224T135951,1781
Cernic__S20210224T135951050+0100_E20210224T142948095+0100___01782s__conf1.000.wav,20210224T135951,1782
Cernic__S20210224T135951050+0100_E20210224T142948095+0100___01783s__conf1.000.wav,20210224T135951,1783
Cernic__S20210224T135951050+0100_E20210224T142948095+0100___01786s__conf1.000.wav,20210224T135951,1786
Cernic__S20210224T135951050+0100_E20210224T142948095+0100___01787s__conf1.000.wav,20210224T135951,1787
Cernic__S20210224T135951050+0100_E20210224T142948095+0100___01788s__conf1.000.wav,20210224T135951,1788
Cernic__S20210224T135951050+0100_E20210224T142948095+0100___01789s__conf0.972.wav,20210224T135951,1789
Cernic__S20210224T135951050+0100_E20210224T142948095+0100___01790s__conf0.985.wav,20210224T135951,1790
Cernic__S20210224T135951050+0100_E20210224T142948095+0100___01792s__conf1.000.wav,20210224T135951,1792
Cernic__S20210224T142950992+0100_E20210224T145948038+0100___00023s__conf1.000.wav,20210224T142950,23
Cernic__S20210224T142950992+0100_E20210224T145948038+0100___00024s__conf1.000.wav,20210224T142950,24
Cernic__S20210224T142950992+0100_E20210224T145948038+0100___00032s__conf1.000.wav,20210224T142950,32
Cernic__S20210224T142950992+0100_E20210224T145948038+0100___00033s__conf1.000.wav,20210224T142950,33
Cernic__S20210224T142950992+0100_E20210224T145948038+0100___00034s__conf0.998.wav,20210224T142950,34
Cernic__S20210224T142950992+0100_E20210224T145948038+0100___00035s__conf1.000.wav,20210224T142950,35
Cernic__S20210224T142950992+0100_E20210224T145948038+0100___00049s__conf0.980.wav,20210224T142950,49
Cernic__S20210224T142950992+0100_E20210224T145948038+0100___00050s__conf1.000.wav,20210224T142950,50
Cernic__S20210224T142950992+0100_E20210224T145948038+0100___00051s__conf0.996.wav,20210224T142950,51
Cernic__S20210224T142950992+0100_E20210224T145948038+0100___00078s__conf1.000.wav,20210224T142950,78
Cernic__S20210224T142950992+0100_E20210224T145948038+0100___00079s__conf1.000.wav,20210224T142950,79
Cernic__S20210224T142950992+0100_E20210224T145948038+0100___00096s__conf1.000.wav,20210224T142950,96
Cernic__S20210224T142950992+0100_E20210224T145948038+0100___00097s__conf1.000.wav,20210224T142950,97
Cernic__S20210224T142950992+0100_E20210224T145948038+0100___00098s__conf0.998.wav,20210224T142950,98
Cernic__S20210224T142950992+0100_E20210224T145948038+0100___00099s__conf0.996.wav,20210224T142950,99
Cernic__S20210224T142950992+0100_E20210224T145948038+0100___00117s__conf1.000.wav,20210224T142950,117
Cernic__S20210224T142950992+0100_E20210224T145948038+0100___00118s__conf1.000.wav,20210224T142950,118
Cernic__S20210224T142950992+0100_E20210224T145948038+0100___00119s__conf0.999.wav,20210224T142950,119
Cernic__S20210224T142950992+0100_E20210224T145948038+0100___00120s__conf1.000.wav,20210224T142950,120
Cernic__S20210224T142950992+0100_E20210224T145948038+0100___00126s__conf1.000.wav,20210224T142950,126
Cernic__S20210224T142950992+0100_E20210224T145948038+0100___00127s__conf1.000.wav,20210224T142950,127
Cernic__S20210224T142950992+0100_E20210224T145948038+0100___00128s__conf1.000.wav,20210224T142950,128
Cernic__S20210224T142950992+0100_E20210224T145948038+0100___00150s__conf1.000.wav,20210224T142950,150
Cernic__S20210224T142950992+0100_E20210224T145948038+0100___00151s__conf1.000.wav,20210224T142950,151
Cernic__S20210224T142950992+0100_E20210224T145948038+0100___00164s__conf0.999.wav,20210224T142950,164
Cernic__S20210224T142950992+0100_E20210224T145948038+0100___00165s__conf1.000.wav,20210224T142950,165
Cernic__S20210224T142950992+0100_E20210224T145948038+0100___00166s__conf1.000.wav,20210224T142950,166
Cernic__S20210224T142950992+0100_E20210224T145948038+0100___00167s__conf1.000.wav,20210224T142950,167
Cernic__S20210224T142950992+0100_E20210224T145948038+0100___00175s__conf1.000.wav,20210224T142950,175
Cernic__S20210224T142950992+0100_E20210224T145948038+0100___00176s__conf1.000.wav,20210224T142950,176
Cernic__S20210224T142950992+0100_E20210224T145948038+0100___00177s__conf0.998.wav,20210224T142950,177
Cernic__S20210224T142950992+0100_E20210224T145948038+0100___00178s__conf1.000.wav,20210224T142950,178
Cernic__S20210224T142950992+0100_E20210224T145948038+0100___00179s__conf1.000.wav,20210224T142950,179
Cernic__S20210224T142950992+0100_E20210224T145948038+0100___00180s__conf1.000.wav,20210224T142950,180
Cernic__S20210224T142950992+0100_E20210224T145948038+0100___00187s__conf0.992.wav,20210224T142950,187
Cernic__S20210224T142950992+0100_E20210224T145948038+0100___00188s__conf1.000.wav,20210224T142950,188
Cernic__S20210224T142950992+0100_E20210224T145948038+0100___00189s__conf0.999.wav,20210224T142950,189
Cernic__S20210224T142950992+0100_E20210224T145948038+0100___00190s__conf1.000.wav,20210224T142950,190
Cernic__S20210224T142950992+0100_E20210224T145948038+0100___00191s__conf0.963.wav,20210224T142950,191
Cernic__S20210224T142950992+0100_E20210224T145948038+0100___00192s__conf0.979.wav,20210224T142950,192
Cernic__S20210224T142950992+0100_E20210224T145948038+0100___00200s__conf1.000.wav,20210224T142950,200
Cernic__S20210224T142950992+0100_E20210224T145948038+0100___00201s__conf1.000.wav,20210224T142950,201
Cernic__S20210224T142950992+0100_E20210224T145948038+0100___00202s__conf1.000.wav,20210224T142950,202
Cernic__S20210224T142950992+0100_E20210224T145948038+0100___00203s__conf1.000.wav,20210224T142950,203
Cernic__S20210224T142950992+0100_E20210224T145948038+0100___00204s__conf1.000.wav,20210224T142950,204
Cernic__S20210224T142950992+0100_E20210224T145948038+0100___00218s__conf0.989.wav,20210224T142950,218
Cernic__S20210224T142950992+0100_E20210224T145948038+0100___00219s__conf1.000.wav,20210224T142950,219
Cernic__S20210224T142950992+0100_E20210224T145948038+0100___00220s__conf0.999.wav,20210224T142950,220
Cernic__S20210224T142950992+0100_E20210224T145948038+0100___00221s__conf1.000.wav,20210224T142950,221
Cernic__S20210224T142950992+0100_E20210224T145948038+0100___00222s__conf1.000.wav,20210224T142950,222
Cernic__S20210224T142950992+0100_E20210224T145948038+0100___00223s__conf1.000.wav,20210224T142950,223
Cernic__S20210224T142950992+0100_E20210224T145948038+0100___00224s__conf1.000.wav,20210224T142950,224
Cernic__S20210224T142950992+0100_E20210224T145948038+0100___00231s__conf1.000.wav,20210224T142950,231
Cernic__S20210224T142950992+0100_E20210224T145948038+0100___00232s__conf0.999.wav,20210224T142950,232
Cernic__S20210224T142950992+0100_E20210224T145948038+0100___00235s__conf0.986.wav,20210224T142950,235
Cernic__S20210224T142950992+0100_E20210224T145948038+0100___00236s__conf1.000.wav,20210224T142950,236
Cernic__S20210224T142950992+0100_E20210224T145948038+0100___00248s__conf1.000.wav,20210224T142950,248
Cernic__S20210224T142950992+0100_E20210224T145948038+0100___00249s__conf1.000.wav,20210224T142950,249
Cernic__S20210224T142950992+0100_E20210224T145948038+0100___00251s__conf1.000.wav,20210224T142950,251
Cernic__S20210224T142950992+0100_E20210224T145948038+0100___00252s__conf1.000.wav,20210224T142950,252
Cernic__S20210224T142950992+0100_E20210224T145948038+0100___00253s__conf1.000.wav,20210224T142950,253
Cernic__S20210224T142950992+0100_E20210224T145948038+0100___00254s__conf0.986.wav,20210224T142950,254
Cernic__S20210224T142950992+0100_E20210224T145948038+0100___00758s__conf0.998.wav,20210224T142950,758
Cernic__S20210224T142950992+0100_E20210224T145948038+0100___00759s__conf0.997.wav,20210224T142950,759
Cernic__S20210224T142950992+0100_E20210224T145948038+0100___00762s__conf0.967.wav,20210224T142950,762
Cernic__S20210224T142950992+0100_E20210224T145948038+0100___00763s__conf0.984.wav,20210224T142950,763
Cernic__S20210224T142950992+0100_E20210224T145948038+0100___00764s__conf1.000.wav,20210224T142950,764
Cernic__S20210224T142950992+0100_E20210224T145948038+0100___00765s__conf1.000.wav,20210224T142950,765
Cernic__S20210224T142950992+0100_E20210224T145948038+0100___00767s__conf0.573.wav,20210224T142950,767
Cernic__S20210224T142950992+0100_E20210224T145948038+0100___00780s__conf0.998.wav,20210224T142950,780
Cernic__S20210224T142950992+0100_E20210224T145948038+0100___00781s__conf1.000.wav,20210224T142950,781
Cernic__S20210224T175952593+0100_E20210224T182947638+0100___00126s__conf0.813.wav,20210224T175952,126
Cernic__S20210224T175952593+0100_E20210224T182947638+0100___00696s__conf0.506.wav,20210224T175952,696
Cernic__S20210224T175952593+0100_E20210224T182947638+0100___01514s__conf0.830.wav,20210224T175952,1514
Cernic__S20210224T175952593+0100_E20210224T182947638+0100___01517s__conf0.746.wav,20210224T175952,1517
Cernic__S20210225T055949264+0100_E20210225T062947050+0100___01025s__conf0.770.wav,20210225T055949,1025
Cernic__S20210225T055949264+0100_E20210225T062947050+0100___01026s__conf0.724.wav,20210225T055949,1026
Cernic__S20210225T082950968+0100_E20210225T085946011+0100___00097s__conf0.836.wav,20210225T082950,97
Cernic__S20210225T085948913+0100_E20210225T092945956+0100___00917s__conf0.580.wav,20210225T085948,917
Cernic__S20210225T085948913+0100_E20210225T092945956+0100___00918s__conf0.999.wav,20210225T085948,918
Cernic__S20210225T102948736+0100_E20210225T105945873+0100___01398s__conf1.000.wav,20210225T102948,1398
Cernic__S20210225T102948736+0100_E20210225T105945873+0100___01399s__conf0.997.wav,20210225T102948,1399
Cernic__S20210225T102948736+0100_E20210225T105945873+0100___01400s__conf0.746.wav,20210225T102948,1400
Cernic__S20210225T102948736+0100_E20210225T105945873+0100___01401s__conf0.967.wav,20210225T102948,1401
Cernic__S20210225T102948736+0100_E20210225T105945873+0100___01402s__conf0.997.wav,20210225T102948,1402
Cernic__S20210225T102948736+0100_E20210225T105945873+0100___01403s__conf0.987.wav,20210225T102948,1403
Cernic__S20210225T102948736+0100_E20210225T105945873+0100___01404s__conf0.925.wav,20210225T102948,1404
Cernic__S20210225T102948736+0100_E20210225T105945873+0100___01405s__conf1.000.wav,20210225T102948,1405
Cernic__S20210225T102948736+0100_E20210225T105945873+0100___01406s__conf1.000.wav,20210225T102948,1406
Cernic__S20210225T102948736+0100_E20210225T105945873+0100___01407s__conf1.000.wav,20210225T102948,1407
Cernic__S20210225T102948736+0100_E20210225T105945873+0100___01408s__conf0.963.wav,20210225T102948,1408
Cernic__S20210225T102948736+0100_E20210225T105945873+0100___01409s__conf0.996.wav,20210225T102948,1409
Cernic__S20210225T102948736+0100_E20210225T105945873+0100___01430s__conf0.998.wav,20210225T102948,1430
Cernic__S20210225T102948736+0100_E20210225T105945873+0100___01446s__conf0.748.wav,20210225T102948,1446
Cernic__S20210225T102948736+0100_E20210225T105945873+0100___01447s__conf1.000.wav,20210225T102948,1447
Cernic__S20210225T102948736+0100_E20210225T105945873+0100___01448s__conf1.000.wav,20210225T102948,1448
Cernic__S20210225T125948457+0100_E20210225T132945502+0100___01550s__conf0.965.wav,20210225T125948,1550
Cernic__S20210225T125948457+0100_E20210225T132945502+0100___01551s__conf0.588.wav,20210225T125948,1551
Cernic__S20210225T125948457+0100_E20210225T132945502+0100___01552s__conf0.983.wav,20210225T125948,1552
Cernic__S20210225T125948457+0100_E20210225T132945502+0100___01553s__conf0.614.wav,20210225T125948,1553
Cernic__S20210225T125948457+0100_E20210225T132945502+0100___01587s__conf0.945.wav,20210225T125948,1587
Cernic__S20210225T172949954+0100_E20210225T175944999+0100___01338s__conf0.685.wav,20210225T172949,1338
Cernic__S20210225T172949954+0100_E20210225T175944999+0100___01509s__conf0.959.wav,20210225T172949,1509
Cernic__S20210225T172949954+0100_E20210225T175944999+0100___01510s__conf0.999.wav,20210225T172949,1510
Cernic__S20210225T175949946+0100_E20210225T182944991+0100___01115s__conf0.978.wav,20210225T175949,1115
Cernic__S20210225T175949946+0100_E20210225T182944991+0100___01120s__conf0.952.wav,20210225T175949,1120
Cernic__S20210225T175949946+0100_E20210225T182944991+0100___01126s__conf0.999.wav,20210225T175949,1126
Cernic__S20210225T175949946+0100_E20210225T182944991+0100___01127s__conf1.000.wav,20210225T175949,1127
Cernic__S20210225T175949946+0100_E20210225T182944991+0100___01128s__conf1.000.wav,20210225T175949,1128
Cernic__S20210225T175949946+0100_E20210225T182944991+0100___01138s__conf1.000.wav,20210225T175949,1138
Cernic__S20210225T175949946+0100_E20210225T182944991+0100___01139s__conf1.000.wav,20210225T175949,1139
Cernic__S20210225T175949946+0100_E20210225T182944991+0100___01141s__conf0.595.wav,20210225T175949,1141
Cernic__S20210225T175949946+0100_E20210225T182944991+0100___01145s__conf0.863.wav,20210225T175949,1145
Cernic__S20210225T175949946+0100_E20210225T182944991+0100___01146s__conf0.995.wav,20210225T175949,1146
Cernic__S20210225T175949946+0100_E20210225T182944991+0100___01151s__conf0.695.wav,20210225T175949,1151
Cernic__S20210225T175949946+0100_E20210225T182944991+0100___01153s__conf0.995.wav,20210225T175949,1153
Cernic__S20210225T175949946+0100_E20210225T182944991+0100___01155s__conf0.813.wav,20210225T175949,1155
Cernic__S20210225T175949946+0100_E20210225T182944991+0100___01160s__conf0.592.wav,20210225T175949,1160
Cernic__S20210225T175949946+0100_E20210225T182944991+0100___01274s__conf0.992.wav,20210225T175949,1274
Cernic__S20210225T175949946+0100_E20210225T182944991+0100___01275s__conf0.999.wav,20210225T175949,1275
Cernic__S20210225T175949946+0100_E20210225T182944991+0100___01293s__conf0.846.wav,20210225T175949,1293
Cernic__S20210225T175949946+0100_E20210225T182944991+0100___01469s__conf0.999.wav,20210225T175949,1469
Cernic__S20210225T175949946+0100_E20210225T182944991+0100___01470s__conf1.000.wav,20210225T175949,1470
Cernic__S20210225T175949946+0100_E20210225T182944991+0100___01471s__conf0.999.wav,20210225T175949,1471
Cernic__S20210225T175949946+0100_E20210225T182944991+0100___01472s__conf0.998.wav,20210225T175949,1472
Cernic__S20210225T175949946+0100_E20210225T182944991+0100___01473s__conf0.999.wav,20210225T175949,1473
Cernic__S20210225T175949946+0100_E20210225T182944991+0100___01474s__conf0.881.wav,20210225T175949,1474
Cernic__S20210225T175949946+0100_E20210225T182944991+0100___01475s__conf1.000.wav,20210225T175949,1475
Cernic__S20210225T175949946+0100_E20210225T182944991+0100___01476s__conf1.000.wav,20210225T175949,1476
Cernic__S20210225T175949946+0100_E20210225T182944991+0100___01492s__conf1.000.wav,20210225T175949,1492
Cernic__S20210225T175949946+0100_E20210225T182944991+0100___01493s__conf1.000.wav,20210225T175949,1493
Cernic__S20210225T175949946+0100_E20210225T182944991+0100___01494s__conf0.990.wav,20210225T175949,1494
Cernic__S20210225T175949946+0100_E20210225T182944991+0100___01495s__conf0.643.wav,20210225T175949,1495
Cernic__S20210225T175949946+0100_E20210225T182944991+0100___01509s__conf0.998.wav,20210225T175949,1509
Cernic__S20210225T175949946+0100_E20210225T182944991+0100___01510s__conf0.997.wav,20210225T175949,1510
Cernic__S20210225T175949946+0100_E20210225T182944991+0100___01767s__conf0.583.wav,20210225T175949,1767
Cernic__S20210225T175949946+0100_E20210225T182944991+0100___01768s__conf0.995.wav,20210225T175949,1768
Cernic__S20210225T202947666+0100_E20210225T205944896+0100___01133s__conf0.859.wav,20210225T202947,1133
Cernic__S20210225T202947666+0100_E20210225T205944896+0100___01134s__conf0.720.wav,20210225T202947,1134
Cernic__20210222T053000+0100_Short-term_Makokou__00776s__conf0.906.wav,20210222T053000,776
Cernic__20210222T053000+0100_Short-term_Makokou__00777s__conf0.989.wav,20210222T053000,777
Cernic__20210222T053000+0100_Short-term_Makokou__00780s__conf0.987.wav,20210222T053000,780
Cernic__20210222T053000+0100_Short-term_Makokou__00802s__conf0.951.wav,20210222T053000,802
Cernic__20210222T053000+0100_Short-term_Makokou__00803s__conf0.999.wav,20210222T053000,803
Cernic__20210222T053000+0100_Short-term_Makokou__00804s__conf1.000.wav,20210222T053000,804
Cernic__20210222T053000+0100_Short-term_Makokou__00805s__conf1.000.wav,20210222T053000,805
Cernic__20210222T053000+0100_Short-term_Makokou__00867s__conf0.914.wav,20210222T053000,867
Cernic__20210222T053000+0100_Short-term_Makokou__00868s__conf0.948.wav,20210222T053000,868
Cernic__20210222T053000+0100_Short-term_Makokou__01687s__conf0.894.wav,20210222T053000,1687
Cernic__20210222T053000+0100_Short-term_Makokou__01716s__conf0.645.wav,20210222T053000,1716
Cernic__20210222T053000+0100_Short-term_Makokou__01738s__conf0.989.wav,20210222T053000,1738
Cernic__20210222T053000+0100_Short-term_Makokou__01739s__conf0.800.wav,20210222T053000,1739
Cernic__20210222T060000+0100_Short-term_Makokou__00788s__conf0.990.wav,20210222T060000,788
Cernic__20210222T060000+0100_Short-term_Makokou__00789s__conf0.962.wav,20210222T060000,789
Cernic__20210222T060000+0100_Short-term_Makokou__00790s__conf0.811.wav,20210222T060000,790
Cernic__20210222T060000+0100_Short-term_Makokou__00820s__conf0.899.wav,20210222T060000,820
Cernic__20210222T060000+0100_Short-term_Makokou__00821s__conf0.996.wav,20210222T060000,821
Cernic__20210222T060000+0100_Short-term_Makokou__00839s__conf0.957.wav,20210222T060000,839
Cernic__20210222T060000+0100_Short-term_Makokou__00841s__conf0.995.wav,20210222T060000,841
Cernic__20210222T060000+0100_Short-term_Makokou__00859s__conf0.521.wav,20210222T060000,859
Cernic__20210222T083000+0100_Short-term_Makokou__00075s__conf0.511.wav,20210222T083000,75
Cernic__20210222T093000+0100_Short-term_Makokou__01234s__conf0.973.wav,20210222T093000,1234
Cernic__20210222T093000+0100_Short-term_Makokou__01235s__conf0.680.wav,20210222T093000,1235
Cernic__20210222T103000+0100_Short-term_Makokou__01613s__conf1.000.wav,20210222T103000,1613
Cernic__20210222T103000+0100_Short-term_Makokou__01614s__conf1.000.wav,20210222T103000,1614
Cernic__20210222T103000+0100_Short-term_Makokou__01615s__conf1.000.wav,20210222T103000,1615
Cernic__20210222T103000+0100_Short-term_Makokou__01616s__conf0.998.wav,20210222T103000,1616
Cernic__20210222T103000+0100_Short-term_Makokou__01617s__conf0.984.wav,20210222T103000,1617
Cernic__20210222T103000+0100_Short-term_Makokou__01618s__conf0.585.wav,20210222T103000,1618
Cernic__20210222T103000+0100_Short-term_Makokou__01622s__conf0.997.wav,20210222T103000,1622
Cernic__20210222T103000+0100_Short-term_Makokou__01629s__conf0.999.wav,20210222T103000,1629
Cernic__20210222T103000+0100_Short-term_Makokou__01630s__conf0.998.wav,20210222T103000,1630
Cernic__20210222T103000+0100_Short-term_Makokou__01637s__conf0.992.wav,20210222T103000,1637
Cernic__20210222T103000+0100_Short-term_Makokou__01638s__conf0.997.wav,20210222T103000,1638
Cernic__20210222T103000+0100_Short-term_Makokou__01639s__conf0.957.wav,20210222T103000,1639
Cernic__20210222T103000+0100_Short-term_Makokou__01648s__conf0.860.wav,20210222T103000,1648
Cernic__20210222T103000+0100_Short-term_Makokou__01649s__conf1.000.wav,20210222T103000,1649
Cernic__20210222T103000+0100_Short-term_Makokou__01650s__conf1.000.wav,20210222T103000,1650
Cernic__20210222T103000+0100_Short-term_Makokou__01651s__conf0.997.wav,20210222T103000,1651
Cernic__20210222T103000+0100_Short-term_Makokou__01670s__conf0.977.wav,20210222T103000,1670
Cernic__20210222T103000+0100_Short-term_Makokou__01671s__conf0.997.wav,20210222T103000,1671
Cernic__20210222T103000+0100_Short-term_Makokou__01672s__conf0.998.wav,20210222T103000,1672
Cernic__20210222T103000+0100_Short-term_Makokou__01753s__conf0.664.wav,20210222T103000,1753
Cernic__20210222T130000+0100_Short-term_Makokou__00747s__conf0.537.wav,20210222T130000,747
Cernic__20210222T170000+0100_Short-term_Makokou__00143s__conf0.995.wav,20210222T170000,143
Cernic__20210222T170000+0100_Short-term_Makokou__00144s__conf0.998.wav,20210222T170000,144
Cernic__20210222T170000+0100_Short-term_Makokou__00477s__conf0.919.wav,20210222T170000,477
Cernic__20210222T170000+0100_Short-term_Makokou__00823s__conf0.502.wav,20210222T170000,823
Cernic__20210222T170000+0100_Short-term_Makokou__00835s__conf0.940.wav,20210222T170000,835
Cernic__20210222T170000+0100_Short-term_Makokou__01634s__conf0.690.wav,20210222T170000,1634
Cernic__20210222T180000+0100_Short-term_Makokou__01019s__conf0.971.wav,20210222T180000,1019
Cernic__20210222T180000+0100_Short-term_Makokou__01020s__conf0.994.wav,20210222T180000,1020
Cernic__20210222T200000+0100_Short-term_Makokou__01771s__conf0.716.wav,20210222T200000,1771
Cernic__20210222T203000+0100_Short-term_Makokou__00651s__conf0.874.wav,20210222T203000,651
Cernic__20210222T203000+0100_Short-term_Makokou__00713s__conf0.633.wav,20210222T203000,713
Cernic__20210222T210000+0100_Short-term_Makokou__01232s__conf0.964.wav,20210222T210000,1232
Cernic__20210222T213000+0100_Short-term_Makokou__01547s__conf0.597.wav,20210222T213000,1547
Cernic__20210222T213000+0100_Short-term_Makokou__01558s__conf0.947.wav,20210222T213000,1558
Cernic__20210222T213000+0100_Short-term_Makokou__01560s__conf0.656.wav,20210222T213000,1560
Cernic__20210222T220000+0100_Short-term_Makokou__00085s__conf0.551.wav,20210222T220000,85
Cernic__20210222T220000+0100_Short-term_Makokou__00639s__conf0.592.wav,20210222T220000,639
Cernic__20210222T220000+0100_Short-term_Makokou__00700s__conf0.989.wav,20210222T220000,700
Cernic__20210222T220000+0100_Short-term_Makokou__00947s__conf0.523.wav,20210222T220000,947
Cernic__20210222T220000+0100_Short-term_Makokou__00953s__conf0.583.wav,20210222T220000,953
Cernic__20210222T220000+0100_Short-term_Makokou__00957s__conf0.951.wav,20210222T220000,957
Cernic__20210222T220000+0100_Short-term_Makokou__01101s__conf0.609.wav,20210222T220000,1101
Cernic__20210222T220000+0100_Short-term_Makokou__01282s__conf0.876.wav,20210222T220000,1282
Cernic__20210222T220000+0100_Short-term_Makokou__01318s__conf0.910.wav,20210222T220000,1318
Cernic__20210222T220000+0100_Short-term_Makokou__01344s__conf0.813.wav,20210222T220000,1344
Cernic__20210222T220000+0100_Short-term_Makokou__01388s__conf0.895.wav,20210222T220000,1388
Cernic__20210222T220000+0100_Short-term_Makokou__01396s__conf0.983.wav,20210222T220000,1396
Cernic__20210222T220000+0100_Short-term_Makokou__01398s__conf0.647.wav,20210222T220000,1398
Cernic__20210222T220000+0100_Short-term_Makokou__01399s__conf0.785.wav,20210222T220000,1399
Cernic__20210222T220000+0100_Short-term_Makokou__01474s__conf0.760.wav,20210222T220000,1474
Cernic__20210222T220000+0100_Short-term_Makokou__01500s__conf0.921.wav,20210222T220000,1500
Cernic__20210222T220000+0100_Short-term_Makokou__01553s__conf0.606.wav,20210222T220000,1553
Cernic__20210222T220000+0100_Short-term_Makokou__01575s__conf0.844.wav,20210222T220000,1575
Cernic__20210222T220000+0100_Short-term_Makokou__01581s__conf0.807.wav,20210222T220000,1581
Cernic__20210222T220000+0100_Short-term_Makokou__01665s__conf0.863.wav,20210222T220000,1665
Cernic__20210222T220000+0100_Short-term_Makokou__01712s__conf0.959.wav,20210222T220000,1712
Cernic__20210222T223000+0100_Short-term_Makokou__00360s__conf0.949.wav,20210222T223000,360
Cernic__20210222T230000+0100_Short-term_Makokou__00661s__conf0.985.wav,20210222T230000,661
Cernic__20210222T233000+0100_Short-term_Makokou__00758s__conf0.920.wav,20210222T233000,758
Cernic__20210223T000000+0100_Short-term_Makokou__01745s__conf0.781.wav,20210223T000000,1745
Cernic__20210223T000000+0100_Short-term_Makokou__01746s__conf0.965.wav,20210223T000000,1746
Cernic__20210223T000000+0100_Short-term_Makokou__01747s__conf0.986.wav,20210223T000000,1747
Cernic__20210223T000000+0100_Short-term_Makokou__01748s__conf0.637.wav,20210223T000000,1748
Cernic__20210223T000000+0100_Short-term_Makokou__01752s__conf0.685.wav,20210223T000000,1752
Cernic__20210223T000000+0100_Short-term_Makokou__01753s__conf0.983.wav,20210223T000000,1753
Cernic__20210223T000000+0100_Short-term_Makokou__01754s__conf0.976.wav,20210223T000000,1754
Cernic__20210223T000000+0100_Short-term_Makokou__01755s__conf0.990.wav,20210223T000000,1755
Cernic__20210223T000000+0100_Short-term_Makokou__01759s__conf0.591.wav,20210223T000000,1759
Cernic__20210223T000000+0100_Short-term_Makokou__01760s__conf0.685.wav,20210223T000000,1760
Cernic__20210223T000000+0100_Short-term_Makokou__01761s__conf0.798.wav,20210223T000000,1761
Cernic__20210223T000000+0100_Short-term_Makokou__01762s__conf0.931.wav,20210223T000000,1762
Cernic__20210223T000000+0100_Short-term_Makokou__01763s__conf0.999.wav,20210223T000000,1763
Cernic__20210223T000000+0100_Short-term_Makokou__01764s__conf0.996.wav,20210223T000000,1764
Cernic__20210223T000000+0100_Short-term_Makokou__01765s__conf0.975.wav,20210223T000000,1765
Cernic__20210223T000000+0100_Short-term_Makokou__01766s__conf0.993.wav,20210223T000000,1766
Cernic__20210223T000000+0100_Short-term_Makokou__01767s__conf0.973.wav,20210223T000000,1767
Cernic__20210223T000000+0100_Short-term_Makokou__01768s__conf1.000.wav,20210223T000000,1768
Cernic__20210223T000000+0100_Short-term_Makokou__01769s__conf1.000.wav,20210223T000000,1769
Cernic__20210223T000000+0100_Short-term_Makokou__01770s__conf0.725.wav,20210223T000000,1770
Cernic__20210223T000000+0100_Short-term_Makokou__01772s__conf0.942.wav,20210223T000000,1772
Cernic__20210223T000000+0100_Short-term_Makokou__01773s__conf0.994.wav,20210223T000000,1773
Cernic__20210223T000000+0100_Short-term_Makokou__01774s__conf0.974.wav,20210223T000000,1774
Cernic__20210223T000000+0100_Short-term_Makokou__01775s__conf0.524.wav,20210223T000000,1775
Cernic__20210223T000000+0100_Short-term_Makokou__01776s__conf0.788.wav,20210223T000000,1776
Cernic__20210223T000000+0100_Short-term_Makokou__01778s__conf0.659.wav,20210223T000000,1778
Cernic__20210223T000000+0100_Short-term_Makokou__01780s__conf0.999.wav,20210223T000000,1780
Cernic__20210223T000000+0100_Short-term_Makokou__01783s__conf0.997.wav,20210223T000000,1783
Cernic__20210223T000000+0100_Short-term_Makokou__01784s__conf0.956.wav,20210223T000000,1784
Cernic__20210223T000000+0100_Short-term_Makokou__01785s__conf0.892.wav,20210223T000000,1785
Cernic__20210223T000000+0100_Short-term_Makokou__01788s__conf0.633.wav,20210223T000000,1788
Cernic__20210223T000000+0100_Short-term_Makokou__01790s__conf0.979.wav,20210223T000000,1790
Cernic__20210223T000000+0100_Short-term_Makokou__01791s__conf0.859.wav,20210223T000000,1791
Cernic__20210223T000000+0100_Short-term_Makokou__01792s__conf0.990.wav,20210223T000000,1792
Cernic__20210223T000000+0100_Short-term_Makokou__01792s__conf0.998.wav,20210223T000000,1792
Cernic__20210223T003000+0100_Short-term_Makokou__00000s__conf0.999.wav,20210223T003000,0
Cernic__20210223T003000+0100_Short-term_Makokou__00001s__conf1.000.wav,20210223T003000,1
Cernic__20210223T003000+0100_Short-term_Makokou__00002s__conf0.987.wav,20210223T003000,2
Cernic__20210223T003000+0100_Short-term_Makokou__00003s__conf1.000.wav,20210223T003000,3
Cernic__20210223T003000+0100_Short-term_Makokou__00004s__conf0.999.wav,20210223T003000,4
Cernic__20210223T003000+0100_Short-term_Makokou__00005s__conf0.829.wav,20210223T003000,5
Cernic__20210223T003000+0100_Short-term_Makokou__00006s__conf0.546.wav,20210223T003000,6
Cernic__20210223T003000+0100_Short-term_Makokou__00007s__conf0.784.wav,20210223T003000,7
Cernic__20210223T003000+0100_Short-term_Makokou__00008s__conf0.996.wav,20210223T003000,8
Cernic__20210223T003000+0100_Short-term_Makokou__00009s__conf0.906.wav,20210223T003000,9
Cernic__20210223T003000+0100_Short-term_Makokou__00011s__conf0.574.wav,20210223T003000,11
Cernic__20210223T003000+0100_Short-term_Makokou__00012s__conf0.864.wav,20210223T003000,12
Cernic__20210223T003000+0100_Short-term_Makokou__00013s__conf0.999.wav,20210223T003000,13
Cernic__20210223T003000+0100_Short-term_Makokou__00014s__conf1.000.wav,20210223T003000,14
Cernic__20210223T003000+0100_Short-term_Makokou__00015s__conf1.000.wav,20210223T003000,15
Cernic__20210223T003000+0100_Short-term_Makokou__00017s__conf0.999.wav,20210223T003000,17
Cernic__20210223T003000+0100_Short-term_Makokou__00018s__conf1.000.wav,20210223T003000,18
Cernic__20210223T003000+0100_Short-term_Makokou__00019s__conf0.999.wav,20210223T003000,19
Cernic__20210223T003000+0100_Short-term_Makokou__00020s__conf0.998.wav,20210223T003000,20
Cernic__20210223T003000+0100_Short-term_Makokou__00021s__conf0.606.wav,20210223T003000,21
Cernic__20210223T003000+0100_Short-term_Makokou__00022s__conf0.954.wav,20210223T003000,22
Cernic__20210223T003000+0100_Short-term_Makokou__00023s__conf0.999.wav,20210223T003000,23
Cernic__20210223T003000+0100_Short-term_Makokou__00024s__conf0.935.wav,20210223T003000,24
Cernic__20210223T003000+0100_Short-term_Makokou__00025s__conf0.970.wav,20210223T003000,25
Cernic__20210223T003000+0100_Short-term_Makokou__00026s__conf0.994.wav,20210223T003000,26
Cernic__20210223T003000+0100_Short-term_Makokou__00027s__conf0.918.wav,20210223T003000,27
Cernic__20210223T003000+0100_Short-term_Makokou__00028s__conf0.998.wav,20210223T003000,28
Cernic__20210223T003000+0100_Short-term_Makokou__00029s__conf0.648.wav,20210223T003000,29
Cernic__20210223T003000+0100_Short-term_Makokou__00030s__conf0.999.wav,20210223T003000,30
Cernic__20210223T003000+0100_Short-term_Makokou__00031s__conf0.999.wav,20210223T003000,31
Cernic__20210223T003000+0100_Short-term_Makokou__00032s__conf0.989.wav,20210223T003000,32
Cernic__20210223T003000+0100_Short-term_Makokou__00033s__conf0.934.wav,20210223T003000,33
Cernic__20210223T003000+0100_Short-term_Makokou__00035s__conf0.951.wav,20210223T003000,35
Cernic__20210223T003000+0100_Short-term_Makokou__00036s__conf0.639.wav,20210223T003000,36
Cernic__20210223T003000+0100_Short-term_Makokou__00102s__conf0.956.wav,20210223T003000,102
Cernic__20210223T003000+0100_Short-term_Makokou__00103s__conf0.981.wav,20210223T003000,103
Cernic__20210223T003000+0100_Short-term_Makokou__00104s__conf0.929.wav,20210223T003000,104
Cernic__20210223T003000+0100_Short-term_Makokou__00105s__conf0.990.wav,20210223T003000,105
Cernic__20210223T003000+0100_Short-term_Makokou__00106s__conf0.959.wav,20210223T003000,106
Cernic__20210223T003000+0100_Short-term_Makokou__00107s__conf0.998.wav,20210223T003000,107
Cernic__20210223T003000+0100_Short-term_Makokou__00108s__conf0.997.wav,20210223T003000,108
Cernic__20210223T003000+0100_Short-term_Makokou__00109s__conf0.830.wav,20210223T003000,109
Cernic__20210223T003000+0100_Short-term_Makokou__00110s__conf0.996.wav,20210223T003000,110
Cernic__20210223T003000+0100_Short-term_Makokou__00111s__conf0.999.wav,20210223T003000,111
Cernic__20210223T003000+0100_Short-term_Makokou__00112s__conf0.998.wav,20210223T003000,112
Cernic__20210223T003000+0100_Short-term_Makokou__00113s__conf0.996.wav,20210223T003000,113
Cernic__20210223T003000+0100_Short-term_Makokou__00114s__conf0.869.wav,20210223T003000,114
Cernic__20210223T003000+0100_Short-term_Makokou__00115s__conf0.928.wav,20210223T003000,115
Cernic__20210223T003000+0100_Short-term_Makokou__00116s__conf0.997.wav,20210223T003000,116
Cernic__20210223T003000+0100_Short-term_Makokou__00118s__conf0.872.wav,20210223T003000,118
Cernic__20210223T003000+0100_Short-term_Makokou__00119s__conf0.557.wav,20210223T003000,119
Cernic__20210223T003000+0100_Short-term_Makokou__00121s__conf0.980.wav,20210223T003000,121
Cernic__20210223T003000+0100_Short-term_Makokou__00123s__conf0.999.wav,20210223T003000,123
Cernic__20210223T003000+0100_Short-term_Makokou__00124s__conf0.998.wav,20210223T003000,124
Cernic__20210223T003000+0100_Short-term_Makokou__00125s__conf0.954.wav,20210223T003000,125
Cernic__20210223T003000+0100_Short-term_Makokou__00126s__conf0.992.wav,20210223T003000,126
Cernic__20210223T003000+0100_Short-term_Makokou__00127s__conf0.998.wav,20210223T003000,127
Cernic__20210223T003000+0100_Short-term_Makokou__00128s__conf1.000.wav,20210223T003000,128
Cernic__20210223T003000+0100_Short-term_Makokou__00129s__conf1.000.wav,20210223T003000,129
Cernic__20210223T003000+0100_Short-term_Makokou__00130s__conf0.997.wav,20210223T003000,130
Cernic__20210223T003000+0100_Short-term_Makokou__00131s__conf0.996.wav,20210223T003000,131
Cernic__20210223T003000+0100_Short-term_Makokou__00133s__conf0.964.wav,20210223T003000,133
Cernic__20210223T003000+0100_Short-term_Makokou__00134s__conf0.917.wav,20210223T003000,134
Cernic__20210223T003000+0100_Short-term_Makokou__00135s__conf0.929.wav,20210223T003000,135
Cernic__20210223T003000+0100_Short-term_Makokou__00136s__conf0.538.wav,20210223T003000,136
Cernic__20210223T003000+0100_Short-term_Makokou__00137s__conf0.999.wav,20210223T003000,137
Cernic__20210223T003000+0100_Short-term_Makokou__00138s__conf0.993.wav,20210223T003000,138
Cernic__20210223T003000+0100_Short-term_Makokou__00142s__conf0.992.wav,20210223T003000,142
Cernic__20210223T003000+0100_Short-term_Makokou__00143s__conf0.998.wav,20210223T003000,143
Cernic__20210223T003000+0100_Short-term_Makokou__00144s__conf0.998.wav,20210223T003000,144
Cernic__20210223T003000+0100_Short-term_Makokou__00145s__conf0.969.wav,20210223T003000,145
Cernic__20210223T003000+0100_Short-term_Makokou__00146s__conf0.983.wav,20210223T003000,146
Cernic__20210223T003000+0100_Short-term_Makokou__00147s__conf0.990.wav,20210223T003000,147
Cernic__20210223T003000+0100_Short-term_Makokou__00148s__conf0.975.wav,20210223T003000,148
Cernic__20210223T003000+0100_Short-term_Makokou__00149s__conf0.961.wav,20210223T003000,149
Cernic__20210223T003000+0100_Short-term_Makokou__00150s__conf0.996.wav,20210223T003000,150
Cernic__20210223T003000+0100_Short-term_Makokou__00151s__conf0.995.wav,20210223T003000,151
Cernic__20210223T003000+0100_Short-term_Makokou__00152s__conf0.998.wav,20210223T003000,152
Cernic__20210223T003000+0100_Short-term_Makokou__00153s__conf0.969.wav,20210223T003000,153
Cernic__20210223T003000+0100_Short-term_Makokou__00154s__conf0.978.wav,20210223T003000,154
Cernic__20210223T003000+0100_Short-term_Makokou__00155s__conf0.919.wav,20210223T003000,155
Cernic__20210223T003000+0100_Short-term_Makokou__00156s__conf0.918.wav,20210223T003000,156
Cernic__20210223T003000+0100_Short-term_Makokou__00157s__conf0.817.wav,20210223T003000,157
Cernic__20210223T003000+0100_Short-term_Makokou__00158s__conf0.712.wav,20210223T003000,158
Cernic__20210223T003000+0100_Short-term_Makokou__00160s__conf0.954.wav,20210223T003000,160
Cernic__20210223T003000+0100_Short-term_Makokou__00161s__conf0.993.wav,20210223T003000,161
Cernic__20210223T003000+0100_Short-term_Makokou__00162s__conf0.999.wav,20210223T003000,162
Cernic__20210223T003000+0100_Short-term_Makokou__00163s__conf0.986.wav,20210223T003000,163
Cernic__20210223T003000+0100_Short-term_Makokou__00165s__conf0.928.wav,20210223T003000,165
Cernic__20210223T003000+0100_Short-term_Makokou__00166s__conf0.996.wav,20210223T003000,166
Cernic__20210223T003000+0100_Short-term_Makokou__00167s__conf1.000.wav,20210223T003000,167
Cernic__20210223T003000+0100_Short-term_Makokou__00168s__conf0.999.wav,20210223T003000,168
Cernic__20210223T003000+0100_Short-term_Makokou__00169s__conf0.984.wav,20210223T003000,169
Cernic__20210223T003000+0100_Short-term_Makokou__00170s__conf1.000.wav,20210223T003000,170
Cernic__20210223T003000+0100_Short-term_Makokou__00171s__conf0.999.wav,20210223T003000,171
Cernic__20210223T003000+0100_Short-term_Makokou__00173s__conf1.000.wav,20210223T003000,173
Cernic__20210223T003000+0100_Short-term_Makokou__00174s__conf1.000.wav,20210223T003000,174
Cernic__20210223T003000+0100_Short-term_Makokou__00175s__conf0.725.wav,20210223T003000,175
Cernic__20210223T003000+0100_Short-term_Makokou__00176s__conf0.986.wav,20210223T003000,176
Cernic__20210223T003000+0100_Short-term_Makokou__00177s__conf0.999.wav,20210223T003000,177
Cernic__20210223T003000+0100_Short-term_Makokou__00178s__conf0.997.wav,20210223T003000,178
Cernic__20210223T003000+0100_Short-term_Makokou__00179s__conf1.000.wav,20210223T003000,179
Cernic__20210223T003000+0100_Short-term_Makokou__00180s__conf0.969.wav,20210223T003000,180
Cernic__20210223T003000+0100_Short-term_Makokou__00181s__conf0.999.wav,20210223T003000,181
Cernic__20210223T003000+0100_Short-term_Makokou__00182s__conf0.999.wav,20210223T003000,182
Cernic__20210223T003000+0100_Short-term_Makokou__00183s__conf1.000.wav,20210223T003000,183
Cernic__20210223T003000+0100_Short-term_Makokou__00184s__conf0.999.wav,20210223T003000,184
Cernic__20210223T003000+0100_Short-term_Makokou__00185s__conf0.919.wav,20210223T003000,185
Cernic__20210223T003000+0100_Short-term_Makokou__00186s__conf0.997.wav,20210223T003000,186
Cernic__20210223T003000+0100_Short-term_Makokou__00187s__conf0.986.wav,20210223T003000,187
Cernic__20210223T003000+0100_Short-term_Makokou__00188s__conf1.000.wav,20210223T003000,188
Cernic__20210223T003000+0100_Short-term_Makokou__00189s__conf1.000.wav,20210223T003000,189
Cernic__20210223T003000+0100_Short-term_Makokou__00190s__conf1.000.wav,20210223T003000,190
Cernic__20210223T003000+0100_Short-term_Makokou__00191s__conf1.000.wav,20210223T003000,191
Cernic__20210223T003000+0100_Short-term_Makokou__00192s__conf1.000.wav,20210223T003000,192
Cernic__20210223T003000+0100_Short-term_Makokou__00193s__conf0.859.wav,20210223T003000,193
Cernic__20210223T003000+0100_Short-term_Makokou__00194s__conf1.000.wav,20210223T003000,194
Cernic__20210223T003000+0100_Short-term_Makokou__00195s__conf0.999.wav,20210223T003000,195
Cernic__20210223T003000+0100_Short-term_Makokou__00196s__conf1.000.wav,20210223T003000,196
Cernic__20210223T003000+0100_Short-term_Makokou__00198s__conf1.000.wav,20210223T003000,198
Cernic__20210223T003000+0100_Short-term_Makokou__00199s__conf0.999.wav,20210223T003000,199
Cernic__20210223T003000+0100_Short-term_Makokou__00200s__conf0.995.wav,20210223T003000,200
Cernic__20210223T003000+0100_Short-term_Makokou__00201s__conf0.996.wav,20210223T003000,201
Cernic__20210223T003000+0100_Short-term_Makokou__00202s__conf0.978.wav,20210223T003000,202
Cernic__20210223T003000+0100_Short-term_Makokou__00203s__conf0.770.wav,20210223T003000,203
Cernic__20210223T003000+0100_Short-term_Makokou__00204s__conf0.994.wav,20210223T003000,204
Cernic__20210223T003000+0100_Short-term_Makokou__00206s__conf0.999.wav,20210223T003000,206
Cernic__20210223T003000+0100_Short-term_Makokou__00207s__conf0.982.wav,20210223T003000,207
Cernic__20210223T003000+0100_Short-term_Makokou__00208s__conf1.000.wav,20210223T003000,208
Cernic__20210223T003000+0100_Short-term_Makokou__00209s__conf0.993.wav,20210223T003000,209
Cernic__20210223T003000+0100_Short-term_Makokou__00210s__conf0.909.wav,20210223T003000,210
Cernic__20210223T003000+0100_Short-term_Makokou__00211s__conf0.999.wav,20210223T003000,211
Cernic__20210223T003000+0100_Short-term_Makokou__00212s__conf0.888.wav,20210223T003000,212
Cernic__20210223T003000+0100_Short-term_Makokou__00213s__conf0.998.wav,20210223T003000,213
Cernic__20210223T003000+0100_Short-term_Makokou__00214s__conf0.994.wav,20210223T003000,214
Cernic__20210223T003000+0100_Short-term_Makokou__00215s__conf0.987.wav,20210223T003000,215
Cernic__20210223T003000+0100_Short-term_Makokou__00216s__conf0.988.wav,20210223T003000,216
Cernic__20210223T003000+0100_Short-term_Makokou__00217s__conf0.995.wav,20210223T003000,217
Cernic__20210223T003000+0100_Short-term_Makokou__00218s__conf0.969.wav,20210223T003000,218
Cernic__20210223T003000+0100_Short-term_Makokou__00219s__conf0.903.wav,20210223T003000,219
Cernic__20210223T003000+0100_Short-term_Makokou__00220s__conf0.813.wav,20210223T003000,220
Cernic__20210223T003000+0100_Short-term_Makokou__00221s__conf0.995.wav,20210223T003000,221
Cernic__20210223T003000+0100_Short-term_Makokou__00222s__conf0.994.wav,20210223T003000,222
Cernic__20210223T003000+0100_Short-term_Makokou__00223s__conf0.998.wav,20210223T003000,223
Cernic__20210223T003000+0100_Short-term_Makokou__00224s__conf1.000.wav,20210223T003000,224
Cernic__20210223T003000+0100_Short-term_Makokou__00225s__conf0.959.wav,20210223T003000,225
Cernic__20210223T003000+0100_Short-term_Makokou__00228s__conf0.724.wav,20210223T003000,228
Cernic__20210223T003000+0100_Short-term_Makokou__00229s__conf0.999.wav,20210223T003000,229
Cernic__20210223T003000+0100_Short-term_Makokou__00231s__conf0.993.wav,20210223T003000,231
Cernic__20210223T003000+0100_Short-term_Makokou__00232s__conf0.999.wav,20210223T003000,232
Cernic__20210223T003000+0100_Short-term_Makokou__00233s__conf1.000.wav,20210223T003000,233
Cernic__20210223T003000+0100_Short-term_Makokou__00234s__conf0.998.wav,20210223T003000,234
Cernic__20210223T003000+0100_Short-term_Makokou__00235s__conf1.000.wav,20210223T003000,235
Cernic__20210223T003000+0100_Short-term_Makokou__00236s__conf0.997.wav,20210223T003000,236
Cernic__20210223T003000+0100_Short-term_Makokou__00237s__conf0.717.wav,20210223T003000,237
Cernic__20210223T003000+0100_Short-term_Makokou__00238s__conf1.000.wav,20210223T003000,238
Cernic__20210223T003000+0100_Short-term_Makokou__00239s__conf1.000.wav,20210223T003000,239
Cernic__20210223T003000+0100_Short-term_Makokou__00240s__conf0.998.wav,20210223T003000,240
Cernic__20210223T003000+0100_Short-term_Makokou__00241s__conf1.000.wav,20210223T003000,241
Cernic__20210223T003000+0100_Short-term_Makokou__00242s__conf1.000.wav,20210223T003000,242
Cernic__20210223T003000+0100_Short-term_Makokou__00244s__conf0.989.wav,20210223T003000,244
Cernic__20210223T003000+0100_Short-term_Makokou__00245s__conf0.995.wav,20210223T003000,245
Cernic__20210223T003000+0100_Short-term_Makokou__00246s__conf0.997.wav,20210223T003000,246
Cernic__20210223T003000+0100_Short-term_Makokou__00247s__conf0.996.wav,20210223T003000,247
Cernic__20210223T003000+0100_Short-term_Makokou__00248s__conf0.987.wav,20210223T003000,248
Cernic__20210223T003000+0100_Short-term_Makokou__00249s__conf0.987.wav,20210223T003000,249
Cernic__20210223T003000+0100_Short-term_Makokou__00250s__conf1.000.wav,20210223T003000,250
Cernic__20210223T003000+0100_Short-term_Makokou__00251s__conf1.000.wav,20210223T003000,251
Cernic__20210223T003000+0100_Short-term_Makokou__00252s__conf0.985.wav,20210223T003000,252
Cernic__20210223T003000+0100_Short-term_Makokou__00253s__conf0.929.wav,20210223T003000,253
Cernic__20210223T003000+0100_Short-term_Makokou__00254s__conf0.999.wav,20210223T003000,254
Cernic__20210223T003000+0100_Short-term_Makokou__00255s__conf1.000.wav,20210223T003000,255
Cernic__20210223T003000+0100_Short-term_Makokou__00256s__conf1.000.wav,20210223T003000,256
Cernic__20210223T003000+0100_Short-term_Makokou__00257s__conf0.999.wav,20210223T003000,257
Cernic__20210223T003000+0100_Short-term_Makokou__00258s__conf0.999.wav,20210223T003000,258
Cernic__20210223T003000+0100_Short-term_Makokou__00259s__conf1.000.wav,20210223T003000,259
Cernic__20210223T003000+0100_Short-term_Makokou__00260s__conf1.000.wav,20210223T003000,260
Cernic__20210223T003000+0100_Short-term_Makokou__00261s__conf0.999.wav,20210223T003000,261
Cernic__20210223T003000+0100_Short-term_Makokou__00262s__conf0.969.wav,20210223T003000,262
Cernic__20210223T003000+0100_Short-term_Makokou__00263s__conf1.000.wav,20210223T003000,263
Cernic__20210223T003000+0100_Short-term_Makokou__00264s__conf0.998.wav,20210223T003000,264
Cernic__20210223T003000+0100_Short-term_Makokou__00265s__conf0.998.wav,20210223T003000,265
Cernic__20210223T003000+0100_Short-term_Makokou__00266s__conf1.000.wav,20210223T003000,266
Cernic__20210223T003000+0100_Short-term_Makokou__00267s__conf0.991.wav,20210223T003000,267
Cernic__20210223T003000+0100_Short-term_Makokou__00268s__conf0.995.wav,20210223T003000,268
Cernic__20210223T003000+0100_Short-term_Makokou__00269s__conf0.977.wav,20210223T003000,269
Cernic__20210223T003000+0100_Short-term_Makokou__00270s__conf0.996.wav,20210223T003000,270
Cernic__20210223T003000+0100_Short-term_Makokou__00271s__conf0.997.wav,20210223T003000,271
Cernic__20210223T003000+0100_Short-term_Makokou__00272s__conf0.901.wav,20210223T003000,272
Cernic__20210223T003000+0100_Short-term_Makokou__00273s__conf0.999.wav,20210223T003000,273
Cernic__20210223T003000+0100_Short-term_Makokou__00274s__conf1.000.wav,20210223T003000,274
Cernic__20210223T003000+0100_Short-term_Makokou__00275s__conf0.999.wav,20210223T003000,275
Cernic__20210223T003000+0100_Short-term_Makokou__00276s__conf0.999.wav,20210223T003000,276
Cernic__20210223T003000+0100_Short-term_Makokou__00277s__conf0.959.wav,20210223T003000,277
Cernic__20210223T003000+0100_Short-term_Makokou__00278s__conf0.748.wav,20210223T003000,278
Cernic__20210223T003000+0100_Short-term_Makokou__00279s__conf0.971.wav,20210223T003000,279
Cernic__20210223T003000+0100_Short-term_Makokou__00280s__conf0.875.wav,20210223T003000,280
Cernic__20210223T003000+0100_Short-term_Makokou__00281s__conf0.992.wav,20210223T003000,281
Cernic__20210223T003000+0100_Short-term_Makokou__00282s__conf0.997.wav,20210223T003000,282
Cernic__20210223T003000+0100_Short-term_Makokou__00283s__conf0.865.wav,20210223T003000,283
Cernic__20210223T003000+0100_Short-term_Makokou__00284s__conf0.980.wav,20210223T003000,284
Cernic__20210223T003000+0100_Short-term_Makokou__00285s__conf0.755.wav,20210223T003000,285
Cernic__20210223T003000+0100_Short-term_Makokou__00286s__conf0.943.wav,20210223T003000,286
Cernic__20210223T003000+0100_Short-term_Makokou__00288s__conf0.973.wav,20210223T003000,288
Cernic__20210223T003000+0100_Short-term_Makokou__00289s__conf0.912.wav,20210223T003000,289
Cernic__20210223T003000+0100_Short-term_Makokou__00290s__conf0.979.wav,20210223T003000,290
Cernic__20210223T003000+0100_Short-term_Makokou__00291s__conf0.986.wav,20210223T003000,291
Cernic__20210223T003000+0100_Short-term_Makokou__00292s__conf0.998.wav,20210223T003000,292
Cernic__20210223T003000+0100_Short-term_Makokou__00297s__conf0.990.wav,20210223T003000,297
Cernic__20210223T003000+0100_Short-term_Makokou__00298s__conf0.977.wav,20210223T003000,298
Cernic__20210223T003000+0100_Short-term_Makokou__00299s__conf0.989.wav,20210223T003000,299
Cernic__20210223T003000+0100_Short-term_Makokou__00301s__conf0.952.wav,20210223T003000,301
Cernic__20210223T003000+0100_Short-term_Makokou__00302s__conf1.000.wav,20210223T003000,302
Cernic__20210223T003000+0100_Short-term_Makokou__00303s__conf0.999.wav,20210223T003000,303
Cernic__20210223T003000+0100_Short-term_Makokou__00304s__conf0.998.wav,20210223T003000,304
Cernic__20210223T003000+0100_Short-term_Makokou__00305s__conf1.000.wav,20210223T003000,305
Cernic__20210223T003000+0100_Short-term_Makokou__00306s__conf0.994.wav,20210223T003000,306
Cernic__20210223T003000+0100_Short-term_Makokou__00307s__conf0.932.wav,20210223T003000,307
Cernic__20210223T003000+0100_Short-term_Makokou__00308s__conf0.739.wav,20210223T003000,308
Cernic__20210223T003000+0100_Short-term_Makokou__00309s__conf0.999.wav,20210223T003000,309
Cernic__20210223T003000+0100_Short-term_Makokou__00310s__conf0.973.wav,20210223T003000,310
Cernic__20210223T003000+0100_Short-term_Makokou__00311s__conf0.978.wav,20210223T003000,311
Cernic__20210223T003000+0100_Short-term_Makokou__00312s__conf0.972.wav,20210223T003000,312
Cernic__20210223T003000+0100_Short-term_Makokou__00314s__conf0.891.wav,20210223T003000,314
Cernic__20210223T003000+0100_Short-term_Makokou__00315s__conf0.992.wav,20210223T003000,315
Cernic__20210223T003000+0100_Short-term_Makokou__00316s__conf0.998.wav,20210223T003000,316
Cernic__20210223T003000+0100_Short-term_Makokou__00317s__conf0.997.wav,20210223T003000,317
Cernic__20210223T003000+0100_Short-term_Makokou__00318s__conf0.938.wav,20210223T003000,318
Cernic__20210223T003000+0100_Short-term_Makokou__00321s__conf0.979.wav,20210223T003000,321
Cernic__20210223T003000+0100_Short-term_Makokou__00322s__conf0.999.wav,20210223T003000,322
Cernic__20210223T003000+0100_Short-term_Makokou__00323s__conf0.992.wav,20210223T003000,323
Cernic__20210223T003000+0100_Short-term_Makokou__00324s__conf0.985.wav,20210223T003000,324
Cernic__20210223T003000+0100_Short-term_Makokou__00325s__conf1.000.wav,20210223T003000,325
Cernic__20210223T003000+0100_Short-term_Makokou__00326s__conf1.000.wav,20210223T003000,326
Cernic__20210223T003000+0100_Short-term_Makokou__00327s__conf0.832.wav,20210223T003000,327
Cernic__20210223T003000+0100_Short-term_Makokou__00329s__conf0.981.wav,20210223T003000,329
Cernic__20210223T003000+0100_Short-term_Makokou__00330s__conf0.999.wav,20210223T003000,330
Cernic__20210223T003000+0100_Short-term_Makokou__00331s__conf0.995.wav,20210223T003000,331
Cernic__20210223T003000+0100_Short-term_Makokou__00332s__conf1.000.wav,20210223T003000,332
Cernic__20210223T003000+0100_Short-term_Makokou__00333s__conf1.000.wav,20210223T003000,333
Cernic__20210223T003000+0100_Short-term_Makokou__00334s__conf0.999.wav,20210223T003000,334
Cernic__20210223T003000+0100_Short-term_Makokou__00336s__conf0.539.wav,20210223T003000,336
Cernic__20210223T003000+0100_Short-term_Makokou__00339s__conf0.879.wav,20210223T003000,339
Cernic__20210223T003000+0100_Short-term_Makokou__00342s__conf0.999.wav,20210223T003000,342
Cernic__20210223T003000+0100_Short-term_Makokou__00343s__conf1.000.wav,20210223T003000,343
Cernic__20210223T003000+0100_Short-term_Makokou__00344s__conf1.000.wav,20210223T003000,344
Cernic__20210223T003000+0100_Short-term_Makokou__00345s__conf0.998.wav,20210223T003000,345
Cernic__20210223T003000+0100_Short-term_Makokou__00346s__conf1.000.wav,20210223T003000,346
Cernic__20210223T003000+0100_Short-term_Makokou__00347s__conf0.999.wav,20210223T003000,347
Cernic__20210223T003000+0100_Short-term_Makokou__00348s__conf1.000.wav,20210223T003000,348
Cernic__20210223T003000+0100_Short-term_Makokou__00349s__conf0.999.wav,20210223T003000,349
Cernic__20210223T003000+0100_Short-term_Makokou__00350s__conf0.999.wav,20210223T003000,350
Cernic__20210223T003000+0100_Short-term_Makokou__00352s__conf0.999.wav,20210223T003000,352
Cernic__20210223T003000+0100_Short-term_Makokou__00353s__conf0.989.wav,20210223T003000,353
Cernic__20210223T003000+0100_Short-term_Makokou__00354s__conf0.808.wav,20210223T003000,354
Cernic__20210223T003000+0100_Short-term_Makokou__00355s__conf0.893.wav,20210223T003000,355
Cernic__20210223T003000+0100_Short-term_Makokou__00356s__conf0.935.wav,20210223T003000,356
Cernic__20210223T003000+0100_Short-term_Makokou__00357s__conf0.996.wav,20210223T003000,357
Cernic__20210223T003000+0100_Short-term_Makokou__00358s__conf0.979.wav,20210223T003000,358
Cernic__20210223T003000+0100_Short-term_Makokou__00360s__conf0.959.wav,20210223T003000,360
Cernic__20210223T053000+0100_Short-term_Makokou__01568s__conf0.997.wav,20210223T053000,1568
Cernic__20210223T053000+0100_Short-term_Makokou__01570s__conf0.941.wav,20210223T053000,1570
Cernic__20210223T053000+0100_Short-term_Makokou__01613s__conf0.995.wav,20210223T053000,1613
Cernic__20210223T053000+0100_Short-term_Makokou__01614s__conf0.570.wav,20210223T053000,1614
Cernic__20210223T053000+0100_Short-term_Makokou__01617s__conf0.778.wav,20210223T053000,1617
Cernic__20210223T053000+0100_Short-term_Makokou__01640s__conf1.000.wav,20210223T053000,1640
Cernic__20210223T053000+0100_Short-term_Makokou__01641s__conf1.000.wav,20210223T053000,1641
Cernic__20210223T053000+0100_Short-term_Makokou__01642s__conf0.950.wav,20210223T053000,1642
Cernic__20210223T060000+0100_Short-term_Makokou__01256s__conf0.956.wav,20210223T060000,1256
Cernic__20210223T060000+0100_Short-term_Makokou__01293s__conf1.000.wav,20210223T060000,1293
Cernic__20210223T060000+0100_Short-term_Makokou__01310s__conf0.924.wav,20210223T060000,1310
Cernic__20210223T140000+0100_Short-term_Makokou__01228s__conf0.910.wav,20210223T140000,1228
Cernic__20210223T140000+0100_Short-term_Makokou__01284s__conf0.999.wav,20210223T140000,1284
Cernic__20210223T140000+0100_Short-term_Makokou__01729s__conf0.665.wav,20210223T140000,1729
Cernic__20210223T143000+0100_Short-term_Makokou__00633s__conf0.574.wav,20210223T143000,633
Cernic__20210223T143000+0100_Short-term_Makokou__00700s__conf0.819.wav,20210223T143000,700
Cernic__20210223T143000+0100_Short-term_Makokou__00778s__conf0.984.wav,20210223T143000,778
Cernic__20210223T143000+0100_Short-term_Makokou__00779s__conf0.986.wav,20210223T143000,779
Cernic__20210223T143000+0100_Short-term_Makokou__00811s__conf0.690.wav,20210223T143000,811
Cernic__20210223T143000+0100_Short-term_Makokou__00812s__conf0.623.wav,20210223T143000,812
Cernic__20210223T143000+0100_Short-term_Makokou__01050s__conf0.823.wav,20210223T143000,1050
Cernic__20210223T143000+0100_Short-term_Makokou__01051s__conf0.737.wav,20210223T143000,1051
Cernic__20210223T143000+0100_Short-term_Makokou__01230s__conf0.766.wav,20210223T143000,1230
Cernic__20210223T180000+0100_Short-term_Makokou__00108s__conf0.997.wav,20210223T180000,108
Cernic__20210223T180000+0100_Short-term_Makokou__00130s__conf0.999.wav,20210223T180000,130
Cernic__20210223T180000+0100_Short-term_Makokou__00131s__conf0.970.wav,20210223T180000,131
Cernic__20210223T213000+0100_Short-term_Makokou__01298s__conf0.844.wav,20210223T213000,1298
Cernic__20210223T213000+0100_Short-term_Makokou__01587s__conf0.751.wav,20210223T213000,1587
Cernic__20210223T213000+0100_Short-term_Makokou__01607s__conf0.826.wav,20210223T213000,1607
Cernic__20210223T213000+0100_Short-term_Makokou__01654s__conf0.814.wav,20210223T213000,1654
Cernic__20210223T213000+0100_Short-term_Makokou__01666s__conf0.788.wav,20210223T213000,1666
Cernic__20210223T213000+0100_Short-term_Makokou__01706s__conf0.551.wav,20210223T213000,1706
Cernic__20210223T213000+0100_Short-term_Makokou__01787s__conf0.772.wav,20210223T213000,1787
Cernic__20210223T220000+0100_Short-term_Makokou__00007s__conf0.619.wav,20210223T220000,7
Cernic__20210223T220000+0100_Short-term_Makokou__00093s__conf0.744.wav,20210223T220000,93
Cernic__20210223T220000+0100_Short-term_Makokou__00135s__conf0.816.wav,20210223T220000,135
Cernic__20210223T220000+0100_Short-term_Makokou__00140s__conf0.965.wav,20210223T220000,140
Cernic__20210223T220000+0100_Short-term_Makokou__00606s__conf0.976.wav,20210223T220000,606
Cernic__20210223T220000+0100_Short-term_Makokou__01559s__conf0.549.wav,20210223T220000,1559
Cernic__20210223T220000+0100_Short-term_Makokou__01676s__conf0.750.wav,20210223T220000,1676
Cernic__20210223T220000+0100_Short-term_Makokou__01716s__conf1.000.wav,20210223T220000,1716
Cernic__20210223T220000+0100_Short-term_Makokou__01735s__conf0.713.wav,20210223T220000,1735
Cernic__20210223T220000+0100_Short-term_Makokou__01772s__conf0.946.wav,20210223T220000,1772
Cernic__20210223T223000+0100_Short-term_Makokou__00119s__conf0.520.wav,20210223T223000,119
Cernic__20210223T223000+0100_Short-term_Makokou__00712s__conf0.525.wav,20210223T223000,712
Cernic__20210224T003000+0100_Short-term_Makokou__00428s__conf0.874.wav,20210224T003000,428
Cernic__20210224T003000+0100_Short-term_Makokou__00459s__conf0.628.wav,20210224T003000,459
Cernic__20210224T003000+0100_Short-term_Makokou__00460s__conf0.838.wav,20210224T003000,460
Cernic__20210224T003000+0100_Short-term_Makokou__00464s__conf0.951.wav,20210224T003000,464
Cernic__20210224T043000+0100_Short-term_Makokou__01087s__conf0.999.wav,20210224T043000,1087
Cernic__20210224T043000+0100_Short-term_Makokou__01088s__conf0.993.wav,20210224T043000,1088
Cernic__20210224T043000+0100_Short-term_Makokou__01090s__conf0.979.wav,20210224T043000,1090
Cernic__20210224T043000+0100_Short-term_Makokou__01121s__conf0.998.wav,20210224T043000,1121
Cernic__20210224T043000+0100_Short-term_Makokou__01122s__conf0.999.wav,20210224T043000,1122
Cernic__20210224T043000+0100_Short-term_Makokou__01147s__conf1.000.wav,20210224T043000,1147
Cernic__20210224T043000+0100_Short-term_Makokou__01148s__conf0.999.wav,20210224T043000,1148
Cernic__20210224T043000+0100_Short-term_Makokou__01149s__conf0.911.wav,20210224T043000,1149
Cernic__20210224T043000+0100_Short-term_Makokou__01150s__conf0.563.wav,20210224T043000,1150
Cernic__20210224T070000+0100_Short-term_Makokou__00293s__conf1.000.wav,20210224T070000,293
Cernic__20210224T070000+0100_Short-term_Makokou__00294s__conf0.999.wav,20210224T070000,294
Cernic__20210224T070000+0100_Short-term_Makokou__00295s__conf0.999.wav,20210224T070000,295
Cernic__20210224T070000+0100_Short-term_Makokou__00296s__conf0.999.wav,20210224T070000,296
Cernic__20210224T070000+0100_Short-term_Makokou__00297s__conf0.948.wav,20210224T070000,297
Cernic__20210224T070000+0100_Short-term_Makokou__00298s__conf0.901.wav,20210224T070000,298
Cernic__20210224T070000+0100_Short-term_Makokou__00300s__conf0.730.wav,20210224T070000,300
Cernic__20210224T070000+0100_Short-term_Makokou__00306s__conf0.959.wav,20210224T070000,306
Cernic__20210224T070000+0100_Short-term_Makokou__00307s__conf0.994.wav,20210224T070000,307
Cernic__20210224T070000+0100_Short-term_Makokou__00314s__conf0.999.wav,20210224T070000,314
Cernic__20210224T070000+0100_Short-term_Makokou__00317s__conf0.999.wav,20210224T070000,317
Cernic__20210224T070000+0100_Short-term_Makokou__00318s__conf1.000.wav,20210224T070000,318
Cernic__20210224T070000+0100_Short-term_Makokou__00319s__conf1.000.wav,20210224T070000,319
Cernic__20210224T070000+0100_Short-term_Makokou__00320s__conf1.000.wav,20210224T070000,320
Cernic__20210224T070000+0100_Short-term_Makokou__00337s__conf1.000.wav,20210224T070000,337
Cernic__20210224T070000+0100_Short-term_Makokou__00338s__conf1.000.wav,20210224T070000,338
Cernic__20210224T070000+0100_Short-term_Makokou__00339s__conf1.000.wav,20210224T070000,339
Cernic__20210224T070000+0100_Short-term_Makokou__00340s__conf1.000.wav,20210224T070000,340
Cernic__20210224T070000+0100_Short-term_Makokou__00341s__conf0.556.wav,20210224T070000,341
Cernic__20210224T070000+0100_Short-term_Makokou__00375s__conf0.891.wav,20210224T070000,375
Cernic__20210224T083000+0100_Short-term_Makokou__00441s__conf0.990.wav,20210224T083000,441
Cernic__20210224T083000+0100_Short-term_Makokou__00445s__conf0.813.wav,20210224T083000,445
Cernic__20210224T083000+0100_Short-term_Makokou__00501s__conf0.652.wav,20210224T083000,501
Cernic__20210224T083000+0100_Short-term_Makokou__00502s__conf0.932.wav,20210224T083000,502
Cernic__20210224T083000+0100_Short-term_Makokou__00508s__conf0.624.wav,20210224T083000,508
Cernic__20210224T083000+0100_Short-term_Makokou__00531s__conf0.765.wav,20210224T083000,531
Cernic__20210224T083000+0100_Short-term_Makokou__00551s__conf0.570.wav,20210224T083000,551
Cernic__20210224T083000+0100_Short-term_Makokou__00552s__conf0.857.wav,20210224T083000,552
Cernic__20210224T083000+0100_Short-term_Makokou__00619s__conf0.773.wav,20210224T083000,619
Cernic__20210224T083000+0100_Short-term_Makokou__00620s__conf0.960.wav,20210224T083000,620
Cernic__20210224T083000+0100_Short-term_Makokou__00621s__conf0.773.wav,20210224T083000,621
Cernic__20210224T093000+0100_Short-term_Makokou__01676s__conf0.767.wav,20210224T093000,1676
Cernic__20210224T093000+0100_Short-term_Makokou__01677s__conf0.995.wav,20210224T093000,1677
Cernic__20210224T093000+0100_Short-term_Makokou__01678s__conf0.981.wav,20210224T093000,1678
Cernic__20210224T093000+0100_Short-term_Makokou__01679s__conf0.709.wav,20210224T093000,1679
Cernic__20210224T093000+0100_Short-term_Makokou__01697s__conf0.994.wav,20210224T093000,1697
Cernic__20210224T100000+0100_Short-term_Makokou__00070s__conf0.910.wav,20210224T100000,70
Cernic__20210224T120000+0100_Short-term_Makokou__00013s__conf0.872.wav,20210224T120000,13
Cernic__20210224T143000+0100_Short-term_Makokou__01625s__conf0.872.wav,20210224T143000,1625
Cernic__20210224T180000+0100_Short-term_Makokou__00179s__conf0.921.wav,20210224T180000,179
Cernic__20210224T213000+0100_Short-term_Makokou__00626s__conf0.738.wav,20210224T213000,626
Cernic__20210224T220000+0100_Short-term_Makokou__01230s__conf0.998.wav,20210224T220000,1230
Cernic__20210224T220000+0100_Short-term_Makokou__01231s__conf0.995.wav,20210224T220000,1231
Cernic__20210224T220000+0100_Short-term_Makokou__01232s__conf0.998.wav,20210224T220000,1232
Cernic__20210224T220000+0100_Short-term_Makokou__01233s__conf0.982.wav,20210224T220000,1233
Cernic__20210224T220000+0100_Short-term_Makokou__01236s__conf0.957.wav,20210224T220000,1236
Cernic__20210224T220000+0100_Short-term_Makokou__01237s__conf0.991.wav,20210224T220000,1237
Cernic__20210224T220000+0100_Short-term_Makokou__01238s__conf0.991.wav,20210224T220000,1238
Cernic__20210224T220000+0100_Short-term_Makokou__01239s__conf0.934.wav,20210224T220000,1239
Cernic__20210224T220000+0100_Short-term_Makokou__01244s__conf0.649.wav,20210224T220000,1244
Cernic__20210224T220000+0100_Short-term_Makokou__01249s__conf0.523.wav,20210224T220000,1249
Cernic__20210224T220000+0100_Short-term_Makokou__01250s__conf0.986.wav,20210224T220000,1250
Cernic__20210224T220000+0100_Short-term_Makokou__01253s__conf0.758.wav,20210224T220000,1253
Cernic__20210224T220000+0100_Short-term_Makokou__01254s__conf0.878.wav,20210224T220000,1254
Cernic__20210224T220000+0100_Short-term_Makokou__01255s__conf0.698.wav,20210224T220000,1255
Cernic__20210224T220000+0100_Short-term_Makokou__01257s__conf0.987.wav,20210224T220000,1257
Cernic__20210224T220000+0100_Short-term_Makokou__01258s__conf0.761.wav,20210224T220000,1258
Cernic__20210224T220000+0100_Short-term_Makokou__01259s__conf0.799.wav,20210224T220000,1259
Cernic__20210224T220000+0100_Short-term_Makokou__01260s__conf0.636.wav,20210224T220000,1260
Cernic__20210224T220000+0100_Short-term_Makokou__01261s__conf0.783.wav,20210224T220000,1261
Cernic__20210224T220000+0100_Short-term_Makokou__01263s__conf0.609.wav,20210224T220000,1263
Cernic__20210224T220000+0100_Short-term_Makokou__01264s__conf0.744.wav,20210224T220000,1264
Cernic__20210224T220000+0100_Short-term_Makokou__01266s__conf0.823.wav,20210224T220000,1266
Cernic__20210224T220000+0100_Short-term_Makokou__01271s__conf0.919.wav,20210224T220000,1271
Cernic__20210224T220000+0100_Short-term_Makokou__01272s__conf0.806.wav,20210224T220000,1272
Cernic__20210224T220000+0100_Short-term_Makokou__01273s__conf0.985.wav,20210224T220000,1273
Cernic__20210224T220000+0100_Short-term_Makokou__01274s__conf0.649.wav,20210224T220000,1274
Cernic__20210224T220000+0100_Short-term_Makokou__01275s__conf0.640.wav,20210224T220000,1275
Cernic__20210224T220000+0100_Short-term_Makokou__01276s__conf0.719.wav,20210224T220000,1276
Cernic__20210224T220000+0100_Short-term_Makokou__01278s__conf0.983.wav,20210224T220000,1278
Cernic__20210224T220000+0100_Short-term_Makokou__01279s__conf0.542.wav,20210224T220000,1279
Cernic__20210224T220000+0100_Short-term_Makokou__01281s__conf0.885.wav,20210224T220000,1281
Cernic__20210224T220000+0100_Short-term_Makokou__01282s__conf0.732.wav,20210224T220000,1282
Cernic__20210224T220000+0100_Short-term_Makokou__01289s__conf0.945.wav,20210224T220000,1289
Cernic__20210224T220000+0100_Short-term_Makokou__01292s__conf0.951.wav,20210224T220000,1292
Cernic__20210224T220000+0100_Short-term_Makokou__01293s__conf0.699.wav,20210224T220000,1293
Cernic__20210224T220000+0100_Short-term_Makokou__01295s__conf0.992.wav,20210224T220000,1295
Cernic__20210224T220000+0100_Short-term_Makokou__01298s__conf0.546.wav,20210224T220000,1298
Cernic__20210224T220000+0100_Short-term_Makokou__01307s__conf0.957.wav,20210224T220000,1307
Cernic__20210224T220000+0100_Short-term_Makokou__01310s__conf0.744.wav,20210224T220000,1310
Cernic__20210224T220000+0100_Short-term_Makokou__01311s__conf0.998.wav,20210224T220000,1311
Cernic__20210224T220000+0100_Short-term_Makokou__01315s__conf0.885.wav,20210224T220000,1315
Cernic__20210224T220000+0100_Short-term_Makokou__01316s__conf0.673.wav,20210224T220000,1316
Cernic__20210224T220000+0100_Short-term_Makokou__01320s__conf0.809.wav,20210224T220000,1320
Cernic__20210224T220000+0100_Short-term_Makokou__01321s__conf0.995.wav,20210224T220000,1321
Cernic__20210224T220000+0100_Short-term_Makokou__01322s__conf0.998.wav,20210224T220000,1322
Cernic__20210224T220000+0100_Short-term_Makokou__01323s__conf0.986.wav,20210224T220000,1323
Cernic__20210224T220000+0100_Short-term_Makokou__01326s__conf0.710.wav,20210224T220000,1326
Cernic__20210224T220000+0100_Short-term_Makokou__01337s__conf0.751.wav,20210224T220000,1337
Cernic__20210224T220000+0100_Short-term_Makokou__01341s__conf0.940.wav,20210224T220000,1341
Cernic__20210224T220000+0100_Short-term_Makokou__01358s__conf0.643.wav,20210224T220000,1358
Cernic__20210224T220000+0100_Short-term_Makokou__01359s__conf0.980.wav,20210224T220000,1359
Cernic__20210224T220000+0100_Short-term_Makokou__01373s__conf0.995.wav,20210224T220000,1373
Cernic__20210224T220000+0100_Short-term_Makokou__01374s__conf0.988.wav,20210224T220000,1374
Cernic__20210224T220000+0100_Short-term_Makokou__01375s__conf0.996.wav,20210224T220000,1375
Cernic__20210224T220000+0100_Short-term_Makokou__01377s__conf0.839.wav,20210224T220000,1377
Cernic__20210224T220000+0100_Short-term_Makokou__01381s__conf0.514.wav,20210224T220000,1381
Cernic__20210224T220000+0100_Short-term_Makokou__01385s__conf0.790.wav,20210224T220000,1385
Cernic__20210224T220000+0100_Short-term_Makokou__01386s__conf0.540.wav,20210224T220000,1386
Cernic__20210224T220000+0100_Short-term_Makokou__01388s__conf0.787.wav,20210224T220000,1388
Cernic__20210224T220000+0100_Short-term_Makokou__01389s__conf0.580.wav,20210224T220000,1389
Cernic__20210224T220000+0100_Short-term_Makokou__01395s__conf0.606.wav,20210224T220000,1395
Cernic__20210224T220000+0100_Short-term_Makokou__01399s__conf0.734.wav,20210224T220000,1399
Cernic__20210224T220000+0100_Short-term_Makokou__01402s__conf0.976.wav,20210224T220000,1402
Cernic__20210224T220000+0100_Short-term_Makokou__01403s__conf0.889.wav,20210224T220000,1403
Cernic__20210224T220000+0100_Short-term_Makokou__01404s__conf0.687.wav,20210224T220000,1404
Cernic__20210224T220000+0100_Short-term_Makokou__01407s__conf0.955.wav,20210224T220000,1407
Cernic__20210224T220000+0100_Short-term_Makokou__01408s__conf0.911.wav,20210224T220000,1408
Cernic__20210224T220000+0100_Short-term_Makokou__01409s__conf0.805.wav,20210224T220000,1409
Cernic__20210224T220000+0100_Short-term_Makokou__01410s__conf0.842.wav,20210224T220000,1410
Cernic__20210224T220000+0100_Short-term_Makokou__01411s__conf0.994.wav,20210224T220000,1411
Cernic__20210224T220000+0100_Short-term_Makokou__01414s__conf0.997.wav,20210224T220000,1414
Cernic__20210224T220000+0100_Short-term_Makokou__01418s__conf0.987.wav,20210224T220000,1418
Cernic__20210224T220000+0100_Short-term_Makokou__01419s__conf0.765.wav,20210224T220000,1419
Cernic__20210224T220000+0100_Short-term_Makokou__01421s__conf0.732.wav,20210224T220000,1421
Cernic__20210224T220000+0100_Short-term_Makokou__01422s__conf0.697.wav,20210224T220000,1422
Cernic__20210224T220000+0100_Short-term_Makokou__01423s__conf0.779.wav,20210224T220000,1423
Cernic__20210224T220000+0100_Short-term_Makokou__01430s__conf0.531.wav,20210224T220000,1430
Cernic__20210224T220000+0100_Short-term_Makokou__01433s__conf0.935.wav,20210224T220000,1433
Cernic__20210224T220000+0100_Short-term_Makokou__01435s__conf0.762.wav,20210224T220000,1435
Cernic__20210224T220000+0100_Short-term_Makokou__01436s__conf0.999.wav,20210224T220000,1436
Cernic__20210224T220000+0100_Short-term_Makokou__01438s__conf0.513.wav,20210224T220000,1438
Cernic__20210224T220000+0100_Short-term_Makokou__01439s__conf0.986.wav,20210224T220000,1439
Cernic__20210224T220000+0100_Short-term_Makokou__01440s__conf0.960.wav,20210224T220000,1440
Cernic__20210224T220000+0100_Short-term_Makokou__01441s__conf0.693.wav,20210224T220000,1441
Cernic__20210224T220000+0100_Short-term_Makokou__01442s__conf0.526.wav,20210224T220000,1442
Cernic__20210224T220000+0100_Short-term_Makokou__01445s__conf0.515.wav,20210224T220000,1445
Cernic__20210224T220000+0100_Short-term_Makokou__01446s__conf0.771.wav,20210224T220000,1446
Cernic__20210224T220000+0100_Short-term_Makokou__01490s__conf0.904.wav,20210224T220000,1490
Cernic__20210224T220000+0100_Short-term_Makokou__01494s__conf0.859.wav,20210224T220000,1494
Cernic__20210224T220000+0100_Short-term_Makokou__01496s__conf0.712.wav,20210224T220000,1496
Cernic__20210224T220000+0100_Short-term_Makokou__01499s__conf0.729.wav,20210224T220000,1499
Cernic__20210224T220000+0100_Short-term_Makokou__01551s__conf0.511.wav,20210224T220000,1551
Cernic__20210224T220000+0100_Short-term_Makokou__01552s__conf0.602.wav,20210224T220000,1552
Cernic__20210224T220000+0100_Short-term_Makokou__01695s__conf0.542.wav,20210224T220000,1695
Cernic__20210224T223000+0100_Short-term_Makokou__00245s__conf0.727.wav,20210224T223000,245
Cernic__20210224T223000+0100_Short-term_Makokou__00430s__conf0.523.wav,20210224T223000,430
Cernic__20210224T223000+0100_Short-term_Makokou__00431s__conf0.885.wav,20210224T223000,431
Cernic__20210224T223000+0100_Short-term_Makokou__00824s__conf0.590.wav,20210224T223000,824
Cernic__20210224T223000+0100_Short-term_Makokou__00951s__conf0.637.wav,20210224T223000,951
Cernic__20210224T223000+0100_Short-term_Makokou__00974s__conf0.635.wav,20210224T223000,974
Cernic__20210224T223000+0100_Short-term_Makokou__01091s__conf0.539.wav,20210224T223000,1091
Cernic__20210224T223000+0100_Short-term_Makokou__01092s__conf0.824.wav,20210224T223000,1092
Cernic__20210224T223000+0100_Short-term_Makokou__01331s__conf0.953.wav,20210224T223000,1331
Cernic__20210224T223000+0100_Short-term_Makokou__01364s__conf0.870.wav,20210224T223000,1364
Cernic__20210224T223000+0100_Short-term_Makokou__01455s__conf0.849.wav,20210224T223000,1455
Cernic__20210224T223000+0100_Short-term_Makokou__01474s__conf0.933.wav,20210224T223000,1474
Cernic__20210224T223000+0100_Short-term_Makokou__01475s__conf0.730.wav,20210224T223000,1475
Cernic__20210224T223000+0100_Short-term_Makokou__01497s__conf0.969.wav,20210224T223000,1497
Cernic__20210224T223000+0100_Short-term_Makokou__01498s__conf0.677.wav,20210224T223000,1498
Cernic__20210224T223000+0100_Short-term_Makokou__01508s__conf0.846.wav,20210224T223000,1508
Cernic__20210224T223000+0100_Short-term_Makokou__01618s__conf0.910.wav,20210224T223000,1618
Cernic__20210224T223000+0100_Short-term_Makokou__01664s__conf0.694.wav,20210224T223000,1664
Cernic__20210224T223000+0100_Short-term_Makokou__01698s__conf0.624.wav,20210224T223000,1698
Cernic__20210224T223000+0100_Short-term_Makokou__01749s__conf0.530.wav,20210224T223000,1749
Cernic__20210224T230000+0100_Short-term_Makokou__00152s__conf0.548.wav,20210224T230000,152
Cernic__20210224T230000+0100_Short-term_Makokou__00168s__conf0.746.wav,20210224T230000,168
Cernic__20210224T230000+0100_Short-term_Makokou__00220s__conf0.786.wav,20210224T230000,220
Cernic__20210224T230000+0100_Short-term_Makokou__00245s__conf0.517.wav,20210224T230000,245
Cernic__20210224T230000+0100_Short-term_Makokou__00509s__conf0.915.wav,20210224T230000,509
Cernic__20210224T230000+0100_Short-term_Makokou__00510s__conf0.558.wav,20210224T230000,510
Cernic__20210224T230000+0100_Short-term_Makokou__00525s__conf0.852.wav,20210224T230000,525
Cernic__20210224T230000+0100_Short-term_Makokou__00582s__conf0.530.wav,20210224T230000,582
Cernic__20210224T230000+0100_Short-term_Makokou__00610s__conf0.825.wav,20210224T230000,610
Cernic__20210224T230000+0100_Short-term_Makokou__01174s__conf0.737.wav,20210224T230000,1174
Cernic__20210224T230000+0100_Short-term_Makokou__01175s__conf0.961.wav,20210224T230000,1175
Cernic__20210224T230000+0100_Short-term_Makokou__01185s__conf0.976.wav,20210224T230000,1185
Cernic__20210224T230000+0100_Short-term_Makokou__01186s__conf0.980.wav,20210224T230000,1186
Cernic__20210224T230000+0100_Short-term_Makokou__01194s__conf0.583.wav,20210224T230000,1194
Cernic__20210224T230000+0100_Short-term_Makokou__01207s__conf0.976.wav,20210224T230000,1207
Cernic__20210224T230000+0100_Short-term_Makokou__01247s__conf0.676.wav,20210224T230000,1247
Cernic__20210224T230000+0100_Short-term_Makokou__01259s__conf0.609.wav,20210224T230000,1259
Cernic__20210224T230000+0100_Short-term_Makokou__01286s__conf0.684.wav,20210224T230000,1286
Cernic__20210224T230000+0100_Short-term_Makokou__01441s__conf0.882.wav,20210224T230000,1441
Cernic__20210224T230000+0100_Short-term_Makokou__01608s__conf0.534.wav,20210224T230000,1608
Cernic__20210224T230000+0100_Short-term_Makokou__01609s__conf0.929.wav,20210224T230000,1609
Cernic__20210224T230000+0100_Short-term_Makokou__01687s__conf0.606.wav,20210224T230000,1687
Cernic__20210224T230000+0100_Short-term_Makokou__01739s__conf0.978.wav,20210224T230000,1739
Cernic__20210224T233000+0100_Short-term_Makokou__00525s__conf0.886.wav,20210224T233000,525
Cernic__20210224T233000+0100_Short-term_Makokou__00527s__conf0.801.wav,20210224T233000,527
Cernic__20210225T020000+0100_Short-term_Makokou__00886s__conf0.982.wav,20210225T020000,886
Cernic__20210225T020000+0100_Short-term_Makokou__01038s__conf0.947.wav,20210225T020000,1038
Cernic__20210225T020000+0100_Short-term_Makokou__01047s__conf0.990.wav,20210225T020000,1047
Cernic__20210225T020000+0100_Short-term_Makokou__01076s__conf0.713.wav,20210225T020000,1076
Cernic__20210225T020000+0100_Short-term_Makokou__01101s__conf0.817.wav,20210225T020000,1101
Cernic__20210225T020000+0100_Short-term_Makokou__01106s__conf0.997.wav,20210225T020000,1106
Cernic__20210225T020000+0100_Short-term_Makokou__01122s__conf0.837.wav,20210225T020000,1122
Cernic__20210225T030000+0100_Short-term_Makokou__00555s__conf0.986.wav,20210225T030000,555
Cernic__20210225T030000+0100_Short-term_Makokou__00557s__conf0.809.wav,20210225T030000,557
Cernic__20210225T030000+0100_Short-term_Makokou__00558s__conf0.995.wav,20210225T030000,558
Cernic__20210225T030000+0100_Short-term_Makokou__00559s__conf0.979.wav,20210225T030000,559
Cernic__20210225T030000+0100_Short-term_Makokou__00560s__conf0.632.wav,20210225T030000,560
Cernic__20210225T030000+0100_Short-term_Makokou__00561s__conf0.855.wav,20210225T030000,561
Cernic__20210225T030000+0100_Short-term_Makokou__00562s__conf0.964.wav,20210225T030000,562
Cernic__20210225T030000+0100_Short-term_Makokou__00565s__conf0.877.wav,20210225T030000,565
Cernic__20210225T030000+0100_Short-term_Makokou__00570s__conf0.772.wav,20210225T030000,570
Cernic__20210225T030000+0100_Short-term_Makokou__00573s__conf0.947.wav,20210225T030000,573
Cernic__20210225T030000+0100_Short-term_Makokou__00575s__conf0.997.wav,20210225T030000,575
Cernic__20210225T030000+0100_Short-term_Makokou__00576s__conf0.558.wav,20210225T030000,576
Cernic__20210225T030000+0100_Short-term_Makokou__00577s__conf0.957.wav,20210225T030000,577
Cernic__20210225T030000+0100_Short-term_Makokou__00578s__conf0.999.wav,20210225T030000,578
Cernic__20210225T030000+0100_Short-term_Makokou__00579s__conf0.994.wav,20210225T030000,579
Cernic__20210225T030000+0100_Short-term_Makokou__00580s__conf0.943.wav,20210225T030000,580
Cernic__20210225T030000+0100_Short-term_Makokou__00581s__conf0.999.wav,20210225T030000,581
Cernic__20210225T030000+0100_Short-term_Makokou__00582s__conf0.990.wav,20210225T030000,582
Cernic__20210225T030000+0100_Short-term_Makokou__00583s__conf0.975.wav,20210225T030000,583
Cernic__20210225T030000+0100_Short-term_Makokou__00584s__conf0.566.wav,20210225T030000,584
Cernic__20210225T030000+0100_Short-term_Makokou__00588s__conf0.829.wav,20210225T030000,588
Cernic__20210225T030000+0100_Short-term_Makokou__00589s__conf0.977.wav,20210225T030000,589
Cernic__20210225T030000+0100_Short-term_Makokou__00590s__conf0.990.wav,20210225T030000,590
Cernic__20210225T030000+0100_Short-term_Makokou__00591s__conf0.995.wav,20210225T030000,591
Cernic__20210225T030000+0100_Short-term_Makokou__00592s__conf0.989.wav,20210225T030000,592
Cernic__20210225T030000+0100_Short-term_Makokou__00593s__conf0.728.wav,20210225T030000,593
Cernic__20210225T030000+0100_Short-term_Makokou__00595s__conf1.000.wav,20210225T030000,595
Cernic__20210225T030000+0100_Short-term_Makokou__00596s__conf0.998.wav,20210225T030000,596
Cernic__20210225T030000+0100_Short-term_Makokou__00599s__conf0.886.wav,20210225T030000,599
Cernic__20210225T030000+0100_Short-term_Makokou__00600s__conf0.742.wav,20210225T030000,600
Cernic__20210225T030000+0100_Short-term_Makokou__00603s__conf0.970.wav,20210225T030000,603
Cernic__20210225T030000+0100_Short-term_Makokou__00604s__conf0.966.wav,20210225T030000,604
Cernic__20210225T030000+0100_Short-term_Makokou__00605s__conf0.993.wav,20210225T030000,605
Cernic__20210225T030000+0100_Short-term_Makokou__00606s__conf0.973.wav,20210225T030000,606
Cernic__20210225T030000+0100_Short-term_Makokou__00607s__conf1.000.wav,20210225T030000,607
Cernic__20210225T030000+0100_Short-term_Makokou__00609s__conf0.949.wav,20210225T030000,609
Cernic__20210225T030000+0100_Short-term_Makokou__00612s__conf0.716.wav,20210225T030000,612
Cernic__20210225T030000+0100_Short-term_Makokou__00613s__conf0.989.wav,20210225T030000,613
Cernic__20210225T030000+0100_Short-term_Makokou__00614s__conf0.709.wav,20210225T030000,614
Cernic__20210225T030000+0100_Short-term_Makokou__00615s__conf0.990.wav,20210225T030000,615
Cernic__20210225T030000+0100_Short-term_Makokou__00616s__conf0.990.wav,20210225T030000,616
Cernic__20210225T030000+0100_Short-term_Makokou__00617s__conf0.913.wav,20210225T030000,617
Cernic__20210225T030000+0100_Short-term_Makokou__00618s__conf0.547.wav,20210225T030000,618
Cernic__20210225T030000+0100_Short-term_Makokou__00665s__conf0.910.wav,20210225T030000,665
Cernic__20210225T030000+0100_Short-term_Makokou__00668s__conf0.965.wav,20210225T030000,668
Cernic__20210225T030000+0100_Short-term_Makokou__00670s__conf0.997.wav,20210225T030000,670
Cernic__20210225T030000+0100_Short-term_Makokou__00671s__conf0.999.wav,20210225T030000,671
Cernic__20210225T030000+0100_Short-term_Makokou__00673s__conf0.887.wav,20210225T030000,673
Cernic__20210225T030000+0100_Short-term_Makokou__00674s__conf0.966.wav,20210225T030000,674
Cernic__20210225T030000+0100_Short-term_Makokou__00675s__conf0.613.wav,20210225T030000,675
Cernic__20210225T030000+0100_Short-term_Makokou__00676s__conf0.997.wav,20210225T030000,676
Cernic__20210225T030000+0100_Short-term_Makokou__00677s__conf0.698.wav,20210225T030000,677
Cernic__20210225T030000+0100_Short-term_Makokou__00681s__conf0.893.wav,20210225T030000,681
Cernic__20210225T030000+0100_Short-term_Makokou__00682s__conf1.000.wav,20210225T030000,682
Cernic__20210225T030000+0100_Short-term_Makokou__00683s__conf0.785.wav,20210225T030000,683
Cernic__20210225T030000+0100_Short-term_Makokou__00684s__conf0.784.wav,20210225T030000,684
Cernic__20210225T030000+0100_Short-term_Makokou__00685s__conf0.935.wav,20210225T030000,685
Cernic__20210225T030000+0100_Short-term_Makokou__00686s__conf0.928.wav,20210225T030000,686
Cernic__20210225T030000+0100_Short-term_Makokou__00687s__conf0.996.wav,20210225T030000,687
Cernic__20210225T030000+0100_Short-term_Makokou__00688s__conf0.998.wav,20210225T030000,688
Cernic__20210225T030000+0100_Short-term_Makokou__00689s__conf1.000.wav,20210225T030000,689
Cernic__20210225T030000+0100_Short-term_Makokou__00690s__conf0.995.wav,20210225T030000,690
Cernic__20210225T030000+0100_Short-term_Makokou__00691s__conf0.969.wav,20210225T030000,691
Cernic__20210225T030000+0100_Short-term_Makokou__00692s__conf0.969.wav,20210225T030000,692
Cernic__20210225T030000+0100_Short-term_Makokou__00693s__conf0.911.wav,20210225T030000,693
Cernic__20210225T030000+0100_Short-term_Makokou__00694s__conf0.999.wav,20210225T030000,694
Cernic__20210225T030000+0100_Short-term_Makokou__00695s__conf0.983.wav,20210225T030000,695
Cernic__20210225T030000+0100_Short-term_Makokou__00696s__conf0.997.wav,20210225T030000,696
Cernic__20210225T030000+0100_Short-term_Makokou__00697s__conf1.000.wav,20210225T030000,697
Cernic__20210225T030000+0100_Short-term_Makokou__00699s__conf0.948.wav,20210225T030000,699
Cernic__20210225T030000+0100_Short-term_Makokou__00700s__conf0.980.wav,20210225T030000,700
Cernic__20210225T030000+0100_Short-term_Makokou__00702s__conf0.804.wav,20210225T030000,702
Cernic__20210225T030000+0100_Short-term_Makokou__00703s__conf0.999.wav,20210225T030000,703
Cernic__20210225T030000+0100_Short-term_Makokou__00704s__conf0.879.wav,20210225T030000,704
Cernic__20210225T030000+0100_Short-term_Makokou__00705s__conf0.905.wav,20210225T030000,705
Cernic__20210225T030000+0100_Short-term_Makokou__00706s__conf0.915.wav,20210225T030000,706
Cernic__20210225T030000+0100_Short-term_Makokou__00708s__conf0.998.wav,20210225T030000,708
Cernic__20210225T030000+0100_Short-term_Makokou__00711s__conf0.695.wav,20210225T030000,711
Cernic__20210225T030000+0100_Short-term_Makokou__00712s__conf0.755.wav,20210225T030000,712
Cernic__20210225T030000+0100_Short-term_Makokou__00713s__conf0.896.wav,20210225T030000,713
Cernic__20210225T030000+0100_Short-term_Makokou__00714s__conf0.618.wav,20210225T030000,714
Cernic__20210225T030000+0100_Short-term_Makokou__00716s__conf0.976.wav,20210225T030000,716
Cernic__20210225T030000+0100_Short-term_Makokou__00717s__conf0.802.wav,20210225T030000,717
Cernic__20210225T030000+0100_Short-term_Makokou__00718s__conf0.647.wav,20210225T030000,718
Cernic__20210225T030000+0100_Short-term_Makokou__00719s__conf0.997.wav,20210225T030000,719
Cernic__20210225T030000+0100_Short-term_Makokou__00720s__conf1.000.wav,20210225T030000,720
Cernic__20210225T030000+0100_Short-term_Makokou__00721s__conf0.985.wav,20210225T030000,721
Cernic__20210225T030000+0100_Short-term_Makokou__00722s__conf0.998.wav,20210225T030000,722
Cernic__20210225T030000+0100_Short-term_Makokou__00723s__conf0.997.wav,20210225T030000,723
Cernic__20210225T030000+0100_Short-term_Makokou__00724s__conf0.903.wav,20210225T030000,724
Cernic__20210225T030000+0100_Short-term_Makokou__00725s__conf0.994.wav,20210225T030000,725
Cernic__20210225T030000+0100_Short-term_Makokou__00726s__conf1.000.wav,20210225T030000,726
Cernic__20210225T030000+0100_Short-term_Makokou__00727s__conf0.997.wav,20210225T030000,727
Cernic__20210225T030000+0100_Short-term_Makokou__00728s__conf0.998.wav,20210225T030000,728
Cernic__20210225T030000+0100_Short-term_Makokou__00729s__conf0.700.wav,20210225T030000,729
Cernic__20210225T030000+0100_Short-term_Makokou__00731s__conf0.857.wav,20210225T030000,731
Cernic__20210225T030000+0100_Short-term_Makokou__00732s__conf0.934.wav,20210225T030000,732
Cernic__20210225T030000+0100_Short-term_Makokou__00733s__conf0.985.wav,20210225T030000,733
Cernic__20210225T030000+0100_Short-term_Makokou__00735s__conf0.929.wav,20210225T030000,735
Cernic__20210225T030000+0100_Short-term_Makokou__00736s__conf0.666.wav,20210225T030000,736
Cernic__20210225T030000+0100_Short-term_Makokou__00741s__conf0.653.wav,20210225T030000,741
Cernic__20210225T030000+0100_Short-term_Makokou__00742s__conf0.981.wav,20210225T030000,742
Cernic__20210225T030000+0100_Short-term_Makokou__00743s__conf0.756.wav,20210225T030000,743
Cernic__20210225T030000+0100_Short-term_Makokou__00744s__conf0.575.wav,20210225T030000,744
Cernic__20210225T030000+0100_Short-term_Makokou__00745s__conf0.951.wav,20210225T030000,745
Cernic__20210225T030000+0100_Short-term_Makokou__00746s__conf0.999.wav,20210225T030000,746
Cernic__20210225T030000+0100_Short-term_Makokou__00747s__conf0.984.wav,20210225T030000,747
Cernic__20210225T030000+0100_Short-term_Makokou__00748s__conf0.997.wav,20210225T030000,748
Cernic__20210225T030000+0100_Short-term_Makokou__00749s__conf0.982.wav,20210225T030000,749
Cernic__20210225T030000+0100_Short-term_Makokou__00750s__conf0.991.wav,20210225T030000,750
Cernic__20210225T030000+0100_Short-term_Makokou__00751s__conf0.997.wav,20210225T030000,751
Cernic__20210225T030000+0100_Short-term_Makokou__00752s__conf0.994.wav,20210225T030000,752
Cernic__20210225T030000+0100_Short-term_Makokou__00753s__conf0.998.wav,20210225T030000,753
Cernic__20210225T030000+0100_Short-term_Makokou__00754s__conf0.995.wav,20210225T030000,754
Cernic__20210225T030000+0100_Short-term_Makokou__00755s__conf0.708.wav,20210225T030000,755
Cernic__20210225T030000+0100_Short-term_Makokou__00756s__conf0.999.wav,20210225T030000,756
Cernic__20210225T030000+0100_Short-term_Makokou__00757s__conf0.997.wav,20210225T030000,757
Cernic__20210225T030000+0100_Short-term_Makokou__00758s__conf0.995.wav,20210225T030000,758
Cernic__20210225T030000+0100_Short-term_Makokou__00759s__conf0.997.wav,20210225T030000,759
Cernic__20210225T030000+0100_Short-term_Makokou__00761s__conf0.999.wav,20210225T030000,761
Cernic__20210225T030000+0100_Short-term_Makokou__00762s__conf0.999.wav,20210225T030000,762
Cernic__20210225T030000+0100_Short-term_Makokou__00763s__conf0.885.wav,20210225T030000,763
Cernic__20210225T030000+0100_Short-term_Makokou__00765s__conf0.765.wav,20210225T030000,765
Cernic__20210225T030000+0100_Short-term_Makokou__00767s__conf0.995.wav,20210225T030000,767
Cernic__20210225T030000+0100_Short-term_Makokou__00768s__conf0.952.wav,20210225T030000,768
Cernic__20210225T030000+0100_Short-term_Makokou__00769s__conf0.981.wav,20210225T030000,769
Cernic__20210225T030000+0100_Short-term_Makokou__00770s__conf0.999.wav,20210225T030000,770
Cernic__20210225T030000+0100_Short-term_Makokou__00771s__conf0.998.wav,20210225T030000,771
Cernic__20210225T030000+0100_Short-term_Makokou__00778s__conf0.996.wav,20210225T030000,778
Cernic__20210225T030000+0100_Short-term_Makokou__00779s__conf0.998.wav,20210225T030000,779
Cernic__20210225T030000+0100_Short-term_Makokou__00780s__conf0.995.wav,20210225T030000,780
Cernic__20210225T030000+0100_Short-term_Makokou__00781s__conf0.928.wav,20210225T030000,781
Cernic__20210225T030000+0100_Short-term_Makokou__00782s__conf0.986.wav,20210225T030000,782
Cernic__20210225T030000+0100_Short-term_Makokou__00783s__conf0.994.wav,20210225T030000,783
Cernic__20210225T030000+0100_Short-term_Makokou__00784s__conf0.742.wav,20210225T030000,784
Cernic__20210225T030000+0100_Short-term_Makokou__00785s__conf0.923.wav,20210225T030000,785
Cernic__20210225T030000+0100_Short-term_Makokou__00788s__conf0.673.wav,20210225T030000,788
Cernic__20210225T030000+0100_Short-term_Makokou__00789s__conf0.929.wav,20210225T030000,789
Cernic__20210225T030000+0100_Short-term_Makokou__00790s__conf0.992.wav,20210225T030000,790
Cernic__20210225T030000+0100_Short-term_Makokou__00791s__conf0.916.wav,20210225T030000,791
Cernic__20210225T030000+0100_Short-term_Makokou__00792s__conf0.999.wav,20210225T030000,792
Cernic__20210225T030000+0100_Short-term_Makokou__00793s__conf0.999.wav,20210225T030000,793
Cernic__20210225T030000+0100_Short-term_Makokou__00794s__conf0.993.wav,20210225T030000,794
Cernic__20210225T030000+0100_Short-term_Makokou__00796s__conf0.773.wav,20210225T030000,796
Cernic__20210225T030000+0100_Short-term_Makokou__00797s__conf0.996.wav,20210225T030000,797
Cernic__20210225T030000+0100_Short-term_Makokou__00800s__conf0.999.wav,20210225T030000,800
Cernic__20210225T030000+0100_Short-term_Makokou__00801s__conf0.995.wav,20210225T030000,801
Cernic__20210225T030000+0100_Short-term_Makokou__00802s__conf0.991.wav,20210225T030000,802
Cernic__20210225T030000+0100_Short-term_Makokou__00803s__conf0.650.wav,20210225T030000,803
Cernic__20210225T030000+0100_Short-term_Makokou__00805s__conf0.986.wav,20210225T030000,805
Cernic__20210225T030000+0100_Short-term_Makokou__00807s__conf0.950.wav,20210225T030000,807
Cernic__20210225T030000+0100_Short-term_Makokou__00808s__conf0.988.wav,20210225T030000,808
Cernic__20210225T030000+0100_Short-term_Makokou__00809s__conf0.942.wav,20210225T030000,809
Cernic__20210225T030000+0100_Short-term_Makokou__00810s__conf0.999.wav,20210225T030000,810
Cernic__20210225T030000+0100_Short-term_Makokou__00811s__conf0.999.wav,20210225T030000,811
Cernic__20210225T030000+0100_Short-term_Makokou__00813s__conf0.995.wav,20210225T030000,813
Cernic__20210225T030000+0100_Short-term_Makokou__00814s__conf0.986.wav,20210225T030000,814
Cernic__20210225T030000+0100_Short-term_Makokou__00815s__conf0.943.wav,20210225T030000,815
Cernic__20210225T030000+0100_Short-term_Makokou__00816s__conf0.985.wav,20210225T030000,816
Cernic__20210225T030000+0100_Short-term_Makokou__00817s__conf0.994.wav,20210225T030000,817
Cernic__20210225T030000+0100_Short-term_Makokou__00818s__conf0.999.wav,20210225T030000,818
Cernic__20210225T030000+0100_Short-term_Makokou__00819s__conf0.983.wav,20210225T030000,819
Cernic__20210225T030000+0100_Short-term_Makokou__00820s__conf0.984.wav,20210225T030000,820
Cernic__20210225T030000+0100_Short-term_Makokou__00821s__conf0.942.wav,20210225T030000,821
Cernic__20210225T030000+0100_Short-term_Makokou__00823s__conf0.988.wav,20210225T030000,823
Cernic__20210225T030000+0100_Short-term_Makokou__00824s__conf0.992.wav,20210225T030000,824
Cernic__20210225T030000+0100_Short-term_Makokou__00825s__conf0.898.wav,20210225T030000,825
Cernic__20210225T030000+0100_Short-term_Makokou__00826s__conf0.940.wav,20210225T030000,826
Cernic__20210225T030000+0100_Short-term_Makokou__00827s__conf0.982.wav,20210225T030000,827
Cernic__20210225T030000+0100_Short-term_Makokou__00828s__conf0.999.wav,20210225T030000,828
Cernic__20210225T030000+0100_Short-term_Makokou__00829s__conf0.999.wav,20210225T030000,829
Cernic__20210225T030000+0100_Short-term_Makokou__00830s__conf0.983.wav,20210225T030000,830
Cernic__20210225T030000+0100_Short-term_Makokou__00831s__conf0.998.wav,20210225T030000,831
Cernic__20210225T030000+0100_Short-term_Makokou__00832s__conf0.994.wav,20210225T030000,832
Cernic__20210225T030000+0100_Short-term_Makokou__00833s__conf0.971.wav,20210225T030000,833
Cernic__20210225T030000+0100_Short-term_Makokou__00834s__conf0.545.wav,20210225T030000,834
Cernic__20210225T030000+0100_Short-term_Makokou__00835s__conf0.970.wav,20210225T030000,835
Cernic__20210225T030000+0100_Short-term_Makokou__00836s__conf0.995.wav,20210225T030000,836
Cernic__20210225T030000+0100_Short-term_Makokou__00837s__conf0.988.wav,20210225T030000,837
Cernic__20210225T030000+0100_Short-term_Makokou__00838s__conf0.984.wav,20210225T030000,838
Cernic__20210225T030000+0100_Short-term_Makokou__00841s__conf0.568.wav,20210225T030000,841
Cernic__20210225T030000+0100_Short-term_Makokou__00843s__conf0.990.wav,20210225T030000,843
Cernic__20210225T030000+0100_Short-term_Makokou__00844s__conf0.826.wav,20210225T030000,844
Cernic__20210225T030000+0100_Short-term_Makokou__00845s__conf0.746.wav,20210225T030000,845
Cernic__20210225T030000+0100_Short-term_Makokou__00859s__conf0.835.wav,20210225T030000,859
Cernic__20210225T030000+0100_Short-term_Makokou__00860s__conf0.989.wav,20210225T030000,860
Cernic__20210225T030000+0100_Short-term_Makokou__00861s__conf0.996.wav,20210225T030000,861
Cernic__20210225T030000+0100_Short-term_Makokou__00862s__conf0.697.wav,20210225T030000,862
Cernic__20210225T030000+0100_Short-term_Makokou__00863s__conf0.630.wav,20210225T030000,863
Cernic__20210225T030000+0100_Short-term_Makokou__00864s__conf0.995.wav,20210225T030000,864
Cernic__20210225T030000+0100_Short-term_Makokou__00866s__conf0.991.wav,20210225T030000,866
Cernic__20210225T030000+0100_Short-term_Makokou__00867s__conf0.999.wav,20210225T030000,867
Cernic__20210225T030000+0100_Short-term_Makokou__00868s__conf0.921.wav,20210225T030000,868
Cernic__20210225T030000+0100_Short-term_Makokou__00869s__conf0.998.wav,20210225T030000,869
Cernic__20210225T030000+0100_Short-term_Makokou__00870s__conf0.997.wav,20210225T030000,870
Cernic__20210225T030000+0100_Short-term_Makokou__00871s__conf0.994.wav,20210225T030000,871
Cernic__20210225T030000+0100_Short-term_Makokou__00872s__conf0.946.wav,20210225T030000,872
Cernic__20210225T030000+0100_Short-term_Makokou__00874s__conf0.975.wav,20210225T030000,874
Cernic__20210225T030000+0100_Short-term_Makokou__00876s__conf0.994.wav,20210225T030000,876
Cernic__20210225T030000+0100_Short-term_Makokou__00877s__conf0.997.wav,20210225T030000,877
Cernic__20210225T030000+0100_Short-term_Makokou__00878s__conf0.667.wav,20210225T030000,878
Cernic__20210225T030000+0100_Short-term_Makokou__00879s__conf0.938.wav,20210225T030000,879
Cernic__20210225T030000+0100_Short-term_Makokou__00881s__conf0.853.wav,20210225T030000,881
Cernic__20210225T030000+0100_Short-term_Makokou__00882s__conf0.982.wav,20210225T030000,882
Cernic__20210225T030000+0100_Short-term_Makokou__00883s__conf0.998.wav,20210225T030000,883
Cernic__20210225T030000+0100_Short-term_Makokou__00884s__conf0.999.wav,20210225T030000,884
Cernic__20210225T030000+0100_Short-term_Makokou__00887s__conf0.959.wav,20210225T030000,887
Cernic__20210225T030000+0100_Short-term_Makokou__00889s__conf0.998.wav,20210225T030000,889
Cernic__20210225T030000+0100_Short-term_Makokou__00890s__conf0.570.wav,20210225T030000,890
Cernic__20210225T030000+0100_Short-term_Makokou__00891s__conf0.911.wav,20210225T030000,891
Cernic__20210225T030000+0100_Short-term_Makokou__00892s__conf0.984.wav,20210225T030000,892
Cernic__20210225T030000+0100_Short-term_Makokou__00893s__conf0.947.wav,20210225T030000,893
Cernic__20210225T030000+0100_Short-term_Makokou__00894s__conf0.962.wav,20210225T030000,894
Cernic__20210225T030000+0100_Short-term_Makokou__00895s__conf0.997.wav,20210225T030000,895
Cernic__20210225T030000+0100_Short-term_Makokou__00896s__conf0.999.wav,20210225T030000,896
Cernic__20210225T030000+0100_Short-term_Makokou__00897s__conf0.959.wav,20210225T030000,897
Cernic__20210225T030000+0100_Short-term_Makokou__00898s__conf0.789.wav,20210225T030000,898
Cernic__20210225T030000+0100_Short-term_Makokou__00902s__conf0.930.wav,20210225T030000,902
Cernic__20210225T030000+0100_Short-term_Makokou__00903s__conf1.000.wav,20210225T030000,903
Cernic__20210225T030000+0100_Short-term_Makokou__00904s__conf0.998.wav,20210225T030000,904
Cernic__20210225T030000+0100_Short-term_Makokou__00906s__conf0.999.wav,20210225T030000,906
Cernic__20210225T030000+0100_Short-term_Makokou__00907s__conf0.997.wav,20210225T030000,907
Cernic__20210225T030000+0100_Short-term_Makokou__00908s__conf0.990.wav,20210225T030000,908
Cernic__20210225T030000+0100_Short-term_Makokou__00909s__conf0.998.wav,20210225T030000,909
Cernic__20210225T030000+0100_Short-term_Makokou__00910s__conf0.519.wav,20210225T030000,910
Cernic__20210225T030000+0100_Short-term_Makokou__00911s__conf0.976.wav,20210225T030000,911
Cernic__20210225T030000+0100_Short-term_Makokou__00912s__conf0.992.wav,20210225T030000,912
Cernic__20210225T030000+0100_Short-term_Makokou__00913s__conf0.971.wav,20210225T030000,913
Cernic__20210225T030000+0100_Short-term_Makokou__00914s__conf0.979.wav,20210225T030000,914
Cernic__20210225T030000+0100_Short-term_Makokou__00915s__conf0.957.wav,20210225T030000,915
Cernic__20210225T030000+0100_Short-term_Makokou__00916s__conf0.997.wav,20210225T030000,916
Cernic__20210225T030000+0100_Short-term_Makokou__00918s__conf0.994.wav,20210225T030000,918
Cernic__20210225T030000+0100_Short-term_Makokou__00919s__conf0.997.wav,20210225T030000,919
Cernic__20210225T030000+0100_Short-term_Makokou__00920s__conf0.999.wav,20210225T030000,920
Cernic__20210225T030000+0100_Short-term_Makokou__00921s__conf0.999.wav,20210225T030000,921
Cernic__20210225T030000+0100_Short-term_Makokou__00922s__conf1.000.wav,20210225T030000,922
Cernic__20210225T030000+0100_Short-term_Makokou__00923s__conf0.999.wav,20210225T030000,923
Cernic__20210225T030000+0100_Short-term_Makokou__00925s__conf0.999.wav,20210225T030000,925
Cernic__20210225T030000+0100_Short-term_Makokou__00926s__conf0.998.wav,20210225T030000,926
Cernic__20210225T030000+0100_Short-term_Makokou__00927s__conf0.997.wav,20210225T030000,927
Cernic__20210225T030000+0100_Short-term_Makokou__00928s__conf0.999.wav,20210225T030000,928
Cernic__20210225T030000+0100_Short-term_Makokou__00929s__conf0.890.wav,20210225T030000,929
Cernic__20210225T030000+0100_Short-term_Makokou__00930s__conf0.973.wav,20210225T030000,930
Cernic__20210225T030000+0100_Short-term_Makokou__00931s__conf0.982.wav,20210225T030000,931
Cernic__20210225T030000+0100_Short-term_Makokou__00932s__conf0.950.wav,20210225T030000,932
Cernic__20210225T030000+0100_Short-term_Makokou__00933s__conf0.920.wav,20210225T030000,933
Cernic__20210225T030000+0100_Short-term_Makokou__00934s__conf0.769.wav,20210225T030000,934
Cernic__20210225T030000+0100_Short-term_Makokou__00937s__conf0.716.wav,20210225T030000,937
Cernic__20210225T030000+0100_Short-term_Makokou__00938s__conf0.999.wav,20210225T030000,938
Cernic__20210225T030000+0100_Short-term_Makokou__00939s__conf0.871.wav,20210225T030000,939
Cernic__20210225T030000+0100_Short-term_Makokou__00940s__conf0.862.wav,20210225T030000,940
Cernic__20210225T030000+0100_Short-term_Makokou__00941s__conf0.992.wav,20210225T030000,941
Cernic__20210225T030000+0100_Short-term_Makokou__00942s__conf0.889.wav,20210225T030000,942
Cernic__20210225T030000+0100_Short-term_Makokou__00944s__conf0.984.wav,20210225T030000,944
Cernic__20210225T030000+0100_Short-term_Makokou__00945s__conf0.741.wav,20210225T030000,945
Cernic__20210225T030000+0100_Short-term_Makokou__00947s__conf0.872.wav,20210225T030000,947
Cernic__20210225T030000+0100_Short-term_Makokou__00948s__conf0.953.wav,20210225T030000,948
Cernic__20210225T030000+0100_Short-term_Makokou__00949s__conf0.955.wav,20210225T030000,949
Cernic__20210225T030000+0100_Short-term_Makokou__00950s__conf0.964.wav,20210225T030000,950
Cernic__20210225T030000+0100_Short-term_Makokou__00951s__conf0.999.wav,20210225T030000,951
Cernic__20210225T030000+0100_Short-term_Makokou__00952s__conf0.830.wav,20210225T030000,952
Cernic__20210225T030000+0100_Short-term_Makokou__00953s__conf0.991.wav,20210225T030000,953
Cernic__20210225T030000+0100_Short-term_Makokou__00954s__conf0.628.wav,20210225T030000,954
Cernic__20210225T030000+0100_Short-term_Makokou__00955s__conf0.999.wav,20210225T030000,955
Cernic__20210225T030000+0100_Short-term_Makokou__00956s__conf0.996.wav,20210225T030000,956
Cernic__20210225T030000+0100_Short-term_Makokou__00958s__conf0.623.wav,20210225T030000,958
Cernic__20210225T030000+0100_Short-term_Makokou__00959s__conf0.726.wav,20210225T030000,959
Cernic__20210225T030000+0100_Short-term_Makokou__00960s__conf0.962.wav,20210225T030000,960
Cernic__20210225T030000+0100_Short-term_Makokou__00962s__conf0.987.wav,20210225T030000,962
Cernic__20210225T030000+0100_Short-term_Makokou__00963s__conf0.983.wav,20210225T030000,963
Cernic__20210225T030000+0100_Short-term_Makokou__00964s__conf0.895.wav,20210225T030000,964
Cernic__20210225T030000+0100_Short-term_Makokou__00965s__conf0.993.wav,20210225T030000,965
Cernic__20210225T030000+0100_Short-term_Makokou__00966s__conf0.724.wav,20210225T030000,966
Cernic__20210225T030000+0100_Short-term_Makokou__00967s__conf0.994.wav,20210225T030000,967
Cernic__20210225T030000+0100_Short-term_Makokou__00968s__conf0.987.wav,20210225T030000,968
Cernic__20210225T030000+0100_Short-term_Makokou__00969s__conf0.997.wav,20210225T030000,969
Cernic__20210225T030000+0100_Short-term_Makokou__00971s__conf0.755.wav,20210225T030000,971
Cernic__20210225T030000+0100_Short-term_Makokou__00972s__conf0.992.wav,20210225T030000,972
Cernic__20210225T030000+0100_Short-term_Makokou__00973s__conf0.999.wav,20210225T030000,973
Cernic__20210225T030000+0100_Short-term_Makokou__00974s__conf0.998.wav,20210225T030000,974
Cernic__20210225T030000+0100_Short-term_Makokou__00975s__conf1.000.wav,20210225T030000,975
Cernic__20210225T030000+0100_Short-term_Makokou__00976s__conf0.998.wav,20210225T030000,976
Cernic__20210225T030000+0100_Short-term_Makokou__00977s__conf0.998.wav,20210225T030000,977
Cernic__20210225T030000+0100_Short-term_Makokou__00978s__conf0.691.wav,20210225T030000,978
Cernic__20210225T030000+0100_Short-term_Makokou__00979s__conf0.846.wav,20210225T030000,979
Cernic__20210225T030000+0100_Short-term_Makokou__00980s__conf0.872.wav,20210225T030000,980
Cernic__20210225T030000+0100_Short-term_Makokou__00981s__conf0.999.wav,20210225T030000,981
Cernic__20210225T030000+0100_Short-term_Makokou__00982s__conf0.999.wav,20210225T030000,982
Cernic__20210225T030000+0100_Short-term_Makokou__00984s__conf0.910.wav,20210225T030000,984
Cernic__20210225T030000+0100_Short-term_Makokou__00985s__conf0.997.wav,20210225T030000,985
Cernic__20210225T030000+0100_Short-term_Makokou__00986s__conf0.996.wav,20210225T030000,986
Cernic__20210225T030000+0100_Short-term_Makokou__00987s__conf0.956.wav,20210225T030000,987
Cernic__20210225T030000+0100_Short-term_Makokou__00988s__conf1.000.wav,20210225T030000,988
Cernic__20210225T030000+0100_Short-term_Makokou__00989s__conf1.000.wav,20210225T030000,989
Cernic__20210225T030000+0100_Short-term_Makokou__00990s__conf0.997.wav,20210225T030000,990
Cernic__20210225T030000+0100_Short-term_Makokou__00991s__conf0.998.wav,20210225T030000,991
Cernic__20210225T030000+0100_Short-term_Makokou__00992s__conf0.991.wav,20210225T030000,992
Cernic__20210225T030000+0100_Short-term_Makokou__00993s__conf1.000.wav,20210225T030000,993
Cernic__20210225T030000+0100_Short-term_Makokou__00994s__conf0.998.wav,20210225T030000,994
Cernic__20210225T030000+0100_Short-term_Makokou__00995s__conf0.994.wav,20210225T030000,995
Cernic__20210225T030000+0100_Short-term_Makokou__00996s__conf0.604.wav,20210225T030000,996
Cernic__20210225T030000+0100_Short-term_Makokou__00997s__conf0.754.wav,20210225T030000,997
Cernic__20210225T030000+0100_Short-term_Makokou__00998s__conf0.986.wav,20210225T030000,998
Cernic__20210225T030000+0100_Short-term_Makokou__00999s__conf0.983.wav,20210225T030000,999
Cernic__20210225T030000+0100_Short-term_Makokou__01000s__conf0.979.wav,20210225T030000,1000
Cernic__20210225T030000+0100_Short-term_Makokou__01001s__conf0.979.wav,20210225T030000,1001
Cernic__20210225T030000+0100_Short-term_Makokou__01002s__conf0.991.wav,20210225T030000,1002
Cernic__20210225T030000+0100_Short-term_Makokou__01003s__conf0.996.wav,20210225T030000,1003
Cernic__20210225T030000+0100_Short-term_Makokou__01004s__conf0.962.wav,20210225T030000,1004
Cernic__20210225T030000+0100_Short-term_Makokou__01005s__conf0.885.wav,20210225T030000,1005
Cernic__20210225T030000+0100_Short-term_Makokou__01006s__conf0.999.wav,20210225T030000,1006
Cernic__20210225T030000+0100_Short-term_Makokou__01007s__conf0.999.wav,20210225T030000,1007
Cernic__20210225T030000+0100_Short-term_Makokou__01008s__conf0.996.wav,20210225T030000,1008
Cernic__20210225T030000+0100_Short-term_Makokou__01009s__conf1.000.wav,20210225T030000,1009
Cernic__20210225T030000+0100_Short-term_Makokou__01010s__conf1.000.wav,20210225T030000,1010
Cernic__20210225T030000+0100_Short-term_Makokou__01011s__conf0.970.wav,20210225T030000,1011
Cernic__20210225T030000+0100_Short-term_Makokou__01012s__conf0.998.wav,20210225T030000,1012
Cernic__20210225T030000+0100_Short-term_Makokou__01013s__conf0.994.wav,20210225T030000,1013
Cernic__20210225T030000+0100_Short-term_Makokou__01014s__conf0.991.wav,20210225T030000,1014
Cernic__20210225T030000+0100_Short-term_Makokou__01015s__conf0.903.wav,20210225T030000,1015
Cernic__20210225T030000+0100_Short-term_Makokou__01016s__conf0.998.wav,20210225T030000,1016
Cernic__20210225T030000+0100_Short-term_Makokou__01017s__conf0.944.wav,20210225T030000,1017
Cernic__20210225T030000+0100_Short-term_Makokou__01019s__conf0.992.wav,20210225T030000,1019
Cernic__20210225T030000+0100_Short-term_Makokou__01020s__conf0.999.wav,20210225T030000,1020
Cernic__20210225T030000+0100_Short-term_Makokou__01021s__conf0.910.wav,20210225T030000,1021
Cernic__20210225T030000+0100_Short-term_Makokou__01022s__conf0.998.wav,20210225T030000,1022
Cernic__20210225T030000+0100_Short-term_Makokou__01023s__conf0.999.wav,20210225T030000,1023
Cernic__20210225T030000+0100_Short-term_Makokou__01024s__conf0.999.wav,20210225T030000,1024
Cernic__20210225T030000+0100_Short-term_Makokou__01025s__conf1.000.wav,20210225T030000,1025
Cernic__20210225T030000+0100_Short-term_Makokou__01026s__conf1.000.wav,20210225T030000,1026
Cernic__20210225T030000+0100_Short-term_Makokou__01027s__conf0.917.wav,20210225T030000,1027
Cernic__20210225T030000+0100_Short-term_Makokou__01028s__conf0.997.wav,20210225T030000,1028
Cernic__20210225T030000+0100_Short-term_Makokou__01029s__conf0.999.wav,20210225T030000,1029
Cernic__20210225T030000+0100_Short-term_Makokou__01030s__conf0.999.wav,20210225T030000,1030
Cernic__20210225T030000+0100_Short-term_Makokou__01031s__conf0.851.wav,20210225T030000,1031
Cernic__20210225T030000+0100_Short-term_Makokou__01032s__conf0.999.wav,20210225T030000,1032
Cernic__20210225T030000+0100_Short-term_Makokou__01033s__conf0.995.wav,20210225T030000,1033
Cernic__20210225T030000+0100_Short-term_Makokou__01034s__conf0.999.wav,20210225T030000,1034
Cernic__20210225T030000+0100_Short-term_Makokou__01035s__conf0.516.wav,20210225T030000,1035
Cernic__20210225T030000+0100_Short-term_Makokou__01038s__conf0.873.wav,20210225T030000,1038
Cernic__20210225T030000+0100_Short-term_Makokou__01039s__conf0.995.wav,20210225T030000,1039
Cernic__20210225T030000+0100_Short-term_Makokou__01040s__conf0.999.wav,20210225T030000,1040
Cernic__20210225T030000+0100_Short-term_Makokou__01041s__conf0.997.wav,20210225T030000,1041
Cernic__20210225T030000+0100_Short-term_Makokou__01042s__conf0.981.wav,20210225T030000,1042
Cernic__20210225T030000+0100_Short-term_Makokou__01043s__conf0.507.wav,20210225T030000,1043
Cernic__20210225T030000+0100_Short-term_Makokou__01044s__conf0.989.wav,20210225T030000,1044
Cernic__20210225T030000+0100_Short-term_Makokou__01045s__conf0.999.wav,20210225T030000,1045
Cernic__20210225T030000+0100_Short-term_Makokou__01046s__conf0.999.wav,20210225T030000,1046
Cernic__20210225T030000+0100_Short-term_Makokou__01047s__conf0.760.wav,20210225T030000,1047
Cernic__20210225T030000+0100_Short-term_Makokou__01048s__conf0.917.wav,20210225T030000,1048
Cernic__20210225T030000+0100_Short-term_Makokou__01049s__conf0.710.wav,20210225T030000,1049
Cernic__20210225T030000+0100_Short-term_Makokou__01050s__conf0.999.wav,20210225T030000,1050
Cernic__20210225T030000+0100_Short-term_Makokou__01051s__conf0.999.wav,20210225T030000,1051
Cernic__20210225T030000+0100_Short-term_Makokou__01053s__conf0.936.wav,20210225T030000,1053
Cernic__20210225T030000+0100_Short-term_Makokou__01054s__conf0.889.wav,20210225T030000,1054
Cernic__20210225T030000+0100_Short-term_Makokou__01055s__conf0.998.wav,20210225T030000,1055
Cernic__20210225T030000+0100_Short-term_Makokou__01056s__conf0.541.wav,20210225T030000,1056
Cernic__20210225T030000+0100_Short-term_Makokou__01057s__conf0.954.wav,20210225T030000,1057
Cernic__20210225T030000+0100_Short-term_Makokou__01058s__conf0.997.wav,20210225T030000,1058
Cernic__20210225T030000+0100_Short-term_Makokou__01060s__conf0.884.wav,20210225T030000,1060
Cernic__20210225T030000+0100_Short-term_Makokou__01063s__conf0.974.wav,20210225T030000,1063
Cernic__20210225T030000+0100_Short-term_Makokou__01064s__conf0.999.wav,20210225T030000,1064
Cernic__20210225T030000+0100_Short-term_Makokou__01065s__conf0.983.wav,20210225T030000,1065
Cernic__20210225T030000+0100_Short-term_Makokou__01066s__conf0.999.wav,20210225T030000,1066
Cernic__20210225T030000+0100_Short-term_Makokou__01067s__conf0.998.wav,20210225T030000,1067
Cernic__20210225T030000+0100_Short-term_Makokou__01068s__conf0.971.wav,20210225T030000,1068
Cernic__20210225T030000+0100_Short-term_Makokou__01069s__conf0.913.wav,20210225T030000,1069
Cernic__20210225T030000+0100_Short-term_Makokou__01070s__conf0.771.wav,20210225T030000,1070
Cernic__20210225T030000+0100_Short-term_Makokou__01071s__conf1.000.wav,20210225T030000,1071
Cernic__20210225T030000+0100_Short-term_Makokou__01072s__conf1.000.wav,20210225T030000,1072
Cernic__20210225T030000+0100_Short-term_Makokou__01073s__conf0.973.wav,20210225T030000,1073
Cernic__20210225T030000+0100_Short-term_Makokou__01074s__conf0.992.wav,20210225T030000,1074
Cernic__20210225T030000+0100_Short-term_Makokou__01075s__conf0.999.wav,20210225T030000,1075
Cernic__20210225T030000+0100_Short-term_Makokou__01076s__conf0.999.wav,20210225T030000,1076
Cernic__20210225T030000+0100_Short-term_Makokou__01077s__conf0.999.wav,20210225T030000,1077
Cernic__20210225T030000+0100_Short-term_Makokou__01078s__conf1.000.wav,20210225T030000,1078
Cernic__20210225T030000+0100_Short-term_Makokou__01079s__conf0.979.wav,20210225T030000,1079
Cernic__20210225T030000+0100_Short-term_Makokou__01081s__conf1.000.wav,20210225T030000,1081
Cernic__20210225T030000+0100_Short-term_Makokou__01082s__conf0.999.wav,20210225T030000,1082
Cernic__20210225T030000+0100_Short-term_Makokou__01084s__conf0.592.wav,20210225T030000,1084
Cernic__20210225T030000+0100_Short-term_Makokou__01085s__conf0.869.wav,20210225T030000,1085
Cernic__20210225T030000+0100_Short-term_Makokou__01086s__conf0.994.wav,20210225T030000,1086
Cernic__20210225T030000+0100_Short-term_Makokou__01087s__conf0.999.wav,20210225T030000,1087
Cernic__20210225T030000+0100_Short-term_Makokou__01088s__conf0.987.wav,20210225T030000,1088
Cernic__20210225T030000+0100_Short-term_Makokou__01089s__conf0.998.wav,20210225T030000,1089
Cernic__20210225T030000+0100_Short-term_Makokou__01090s__conf0.990.wav,20210225T030000,1090
Cernic__20210225T030000+0100_Short-term_Makokou__01091s__conf0.997.wav,20210225T030000,1091
Cernic__20210225T030000+0100_Short-term_Makokou__01092s__conf0.997.wav,20210225T030000,1092
Cernic__20210225T030000+0100_Short-term_Makokou__01094s__conf0.989.wav,20210225T030000,1094
Cernic__20210225T030000+0100_Short-term_Makokou__01095s__conf0.983.wav,20210225T030000,1095
Cernic__20210225T030000+0100_Short-term_Makokou__01096s__conf0.985.wav,20210225T030000,1096
Cernic__20210225T030000+0100_Short-term_Makokou__01097s__conf0.967.wav,20210225T030000,1097
Cernic__20210225T030000+0100_Short-term_Makokou__01098s__conf0.693.wav,20210225T030000,1098
Cernic__20210225T030000+0100_Short-term_Makokou__01099s__conf0.928.wav,20210225T030000,1099
Cernic__20210225T030000+0100_Short-term_Makokou__01100s__conf0.998.wav,20210225T030000,1100
Cernic__20210225T030000+0100_Short-term_Makokou__01101s__conf0.993.wav,20210225T030000,1101
Cernic__20210225T030000+0100_Short-term_Makokou__01102s__conf0.997.wav,20210225T030000,1102
Cernic__20210225T030000+0100_Short-term_Makokou__01103s__conf0.819.wav,20210225T030000,1103
Cernic__20210225T030000+0100_Short-term_Makokou__01104s__conf0.998.wav,20210225T030000,1104
Cernic__20210225T030000+0100_Short-term_Makokou__01105s__conf0.993.wav,20210225T030000,1105
Cernic__20210225T030000+0100_Short-term_Makokou__01106s__conf0.615.wav,20210225T030000,1106
Cernic__20210225T030000+0100_Short-term_Makokou__01107s__conf0.957.wav,20210225T030000,1107
Cernic__20210225T030000+0100_Short-term_Makokou__01108s__conf0.997.wav,20210225T030000,1108
Cernic__20210225T030000+0100_Short-term_Makokou__01110s__conf0.610.wav,20210225T030000,1110
Cernic__20210225T030000+0100_Short-term_Makokou__01112s__conf0.762.wav,20210225T030000,1112
Cernic__20210225T030000+0100_Short-term_Makokou__01113s__conf0.833.wav,20210225T030000,1113
Cernic__20210225T030000+0100_Short-term_Makokou__01114s__conf0.995.wav,20210225T030000,1114
Cernic__20210225T030000+0100_Short-term_Makokou__01115s__conf0.999.wav,20210225T030000,1115
Cernic__20210225T030000+0100_Short-term_Makokou__01116s__conf0.848.wav,20210225T030000,1116
Cernic__20210225T030000+0100_Short-term_Makokou__01117s__conf0.536.wav,20210225T030000,1117
Cernic__20210225T030000+0100_Short-term_Makokou__01118s__conf0.934.wav,20210225T030000,1118
Cernic__20210225T030000+0100_Short-term_Makokou__01119s__conf0.987.wav,20210225T030000,1119
Cernic__20210225T030000+0100_Short-term_Makokou__01120s__conf0.995.wav,20210225T030000,1120
Cernic__20210225T030000+0100_Short-term_Makokou__01121s__conf0.999.wav,20210225T030000,1121
Cernic__20210225T030000+0100_Short-term_Makokou__01122s__conf0.995.wav,20210225T030000,1122
Cernic__20210225T030000+0100_Short-term_Makokou__01123s__conf0.962.wav,20210225T030000,1123
Cernic__20210225T030000+0100_Short-term_Makokou__01124s__conf0.993.wav,20210225T030000,1124
Cernic__20210225T030000+0100_Short-term_Makokou__01125s__conf0.869.wav,20210225T030000,1125
Cernic__20210225T030000+0100_Short-term_Makokou__01126s__conf1.000.wav,20210225T030000,1126
Cernic__20210225T030000+0100_Short-term_Makokou__01127s__conf0.995.wav,20210225T030000,1127
Cernic__20210225T030000+0100_Short-term_Makokou__01128s__conf0.578.wav,20210225T030000,1128
Cernic__20210225T030000+0100_Short-term_Makokou__01129s__conf0.997.wav,20210225T030000,1129
Cernic__20210225T030000+0100_Short-term_Makokou__01130s__conf0.942.wav,20210225T030000,1130
Cernic__20210225T030000+0100_Short-term_Makokou__01131s__conf0.972.wav,20210225T030000,1131
Cernic__20210225T030000+0100_Short-term_Makokou__01133s__conf0.958.wav,20210225T030000,1133
Cernic__20210225T030000+0100_Short-term_Makokou__01134s__conf0.999.wav,20210225T030000,1134
Cernic__20210225T030000+0100_Short-term_Makokou__01136s__conf0.998.wav,20210225T030000,1136
Cernic__20210225T030000+0100_Short-term_Makokou__01137s__conf1.000.wav,20210225T030000,1137
Cernic__20210225T030000+0100_Short-term_Makokou__01138s__conf0.981.wav,20210225T030000,1138
Cernic__20210225T030000+0100_Short-term_Makokou__01139s__conf0.934.wav,20210225T030000,1139
Cernic__20210225T030000+0100_Short-term_Makokou__01140s__conf0.961.wav,20210225T030000,1140
Cernic__20210225T030000+0100_Short-term_Makokou__01142s__conf0.981.wav,20210225T030000,1142
Cernic__20210225T030000+0100_Short-term_Makokou__01143s__conf1.000.wav,20210225T030000,1143
Cernic__20210225T030000+0100_Short-term_Makokou__01144s__conf1.000.wav,20210225T030000,1144
Cernic__20210225T030000+0100_Short-term_Makokou__01145s__conf0.852.wav,20210225T030000,1145
Cernic__20210225T030000+0100_Short-term_Makokou__01147s__conf0.998.wav,20210225T030000,1147
Cernic__20210225T030000+0100_Short-term_Makokou__01148s__conf0.996.wav,20210225T030000,1148
Cernic__20210225T030000+0100_Short-term_Makokou__01150s__conf0.595.wav,20210225T030000,1150
Cernic__20210225T030000+0100_Short-term_Makokou__01151s__conf0.589.wav,20210225T030000,1151
Cernic__20210225T030000+0100_Short-term_Makokou__01152s__conf0.999.wav,20210225T030000,1152
Cernic__20210225T030000+0100_Short-term_Makokou__01153s__conf0.911.wav,20210225T030000,1153
Cernic__20210225T030000+0100_Short-term_Makokou__01155s__conf1.000.wav,20210225T030000,1155
Cernic__20210225T030000+0100_Short-term_Makokou__01157s__conf0.988.wav,20210225T030000,1157
Cernic__20210225T030000+0100_Short-term_Makokou__01159s__conf0.847.wav,20210225T030000,1159
Cernic__20210225T030000+0100_Short-term_Makokou__01160s__conf0.960.wav,20210225T030000,1160
Cernic__20210225T030000+0100_Short-term_Makokou__01161s__conf0.823.wav,20210225T030000,1161
Cernic__20210225T030000+0100_Short-term_Makokou__01162s__conf0.927.wav,20210225T030000,1162
Cernic__20210225T030000+0100_Short-term_Makokou__01164s__conf0.997.wav,20210225T030000,1164
Cernic__20210225T030000+0100_Short-term_Makokou__01165s__conf0.938.wav,20210225T030000,1165
Cernic__20210225T030000+0100_Short-term_Makokou__01167s__conf0.994.wav,20210225T030000,1167
Cernic__20210225T030000+0100_Short-term_Makokou__01168s__conf0.820.wav,20210225T030000,1168
Cernic__20210225T030000+0100_Short-term_Makokou__01169s__conf1.000.wav,20210225T030000,1169
Cernic__20210225T030000+0100_Short-term_Makokou__01170s__conf0.999.wav,20210225T030000,1170
Cernic__20210225T030000+0100_Short-term_Makokou__01171s__conf0.996.wav,20210225T030000,1171
Cernic__20210225T030000+0100_Short-term_Makokou__01172s__conf0.999.wav,20210225T030000,1172
Cernic__20210225T030000+0100_Short-term_Makokou__01173s__conf1.000.wav,20210225T030000,1173
Cernic__20210225T030000+0100_Short-term_Makokou__01174s__conf0.996.wav,20210225T030000,1174
Cernic__20210225T030000+0100_Short-term_Makokou__01175s__conf0.999.wav,20210225T030000,1175
Cernic__20210225T030000+0100_Short-term_Makokou__01176s__conf0.999.wav,20210225T030000,1176
Cernic__20210225T030000+0100_Short-term_Makokou__01179s__conf0.888.wav,20210225T030000,1179
Cernic__20210225T030000+0100_Short-term_Makokou__01180s__conf0.995.wav,20210225T030000,1180
Cernic__20210225T030000+0100_Short-term_Makokou__01181s__conf0.998.wav,20210225T030000,1181
Cernic__20210225T030000+0100_Short-term_Makokou__01183s__conf0.837.wav,20210225T030000,1183
Cernic__20210225T030000+0100_Short-term_Makokou__01185s__conf0.621.wav,20210225T030000,1185
Cernic__20210225T030000+0100_Short-term_Makokou__01187s__conf0.856.wav,20210225T030000,1187
Cernic__20210225T030000+0100_Short-term_Makokou__01188s__conf0.993.wav,20210225T030000,1188
Cernic__20210225T030000+0100_Short-term_Makokou__01190s__conf0.764.wav,20210225T030000,1190
Cernic__20210225T030000+0100_Short-term_Makokou__01191s__conf0.964.wav,20210225T030000,1191
Cernic__20210225T030000+0100_Short-term_Makokou__01192s__conf0.997.wav,20210225T030000,1192
Cernic__20210225T030000+0100_Short-term_Makokou__01193s__conf0.999.wav,20210225T030000,1193
Cernic__20210225T030000+0100_Short-term_Makokou__01194s__conf0.921.wav,20210225T030000,1194
Cernic__20210225T030000+0100_Short-term_Makokou__01195s__conf0.965.wav,20210225T030000,1195
Cernic__20210225T030000+0100_Short-term_Makokou__01196s__conf0.953.wav,20210225T030000,1196
Cernic__20210225T030000+0100_Short-term_Makokou__01198s__conf0.999.wav,20210225T030000,1198
Cernic__20210225T030000+0100_Short-term_Makokou__01199s__conf0.664.wav,20210225T030000,1199
Cernic__20210225T030000+0100_Short-term_Makokou__01203s__conf0.989.wav,20210225T030000,1203
Cernic__20210225T030000+0100_Short-term_Makokou__01204s__conf0.999.wav,20210225T030000,1204
Cernic__20210225T030000+0100_Short-term_Makokou__01205s__conf0.992.wav,20210225T030000,1205
Cernic__20210225T030000+0100_Short-term_Makokou__01206s__conf0.978.wav,20210225T030000,1206
Cernic__20210225T030000+0100_Short-term_Makokou__01207s__conf0.677.wav,20210225T030000,1207
Cernic__20210225T030000+0100_Short-term_Makokou__01208s__conf0.999.wav,20210225T030000,1208
Cernic__20210225T030000+0100_Short-term_Makokou__01209s__conf0.998.wav,20210225T030000,1209
Cernic__20210225T030000+0100_Short-term_Makokou__01210s__conf0.569.wav,20210225T030000,1210
Cernic__20210225T030000+0100_Short-term_Makokou__01212s__conf0.916.wav,20210225T030000,1212
Cernic__20210225T030000+0100_Short-term_Makokou__01213s__conf0.931.wav,20210225T030000,1213
Cernic__20210225T030000+0100_Short-term_Makokou__01214s__conf1.000.wav,20210225T030000,1214
Cernic__20210225T030000+0100_Short-term_Makokou__01215s__conf0.785.wav,20210225T030000,1215
Cernic__20210225T030000+0100_Short-term_Makokou__01216s__conf0.993.wav,20210225T030000,1216
Cernic__20210225T030000+0100_Short-term_Makokou__01217s__conf1.000.wav,20210225T030000,1217
Cernic__20210225T030000+0100_Short-term_Makokou__01218s__conf1.000.wav,20210225T030000,1218
Cernic__20210225T030000+0100_Short-term_Makokou__01219s__conf0.971.wav,20210225T030000,1219
Cernic__20210225T030000+0100_Short-term_Makokou__01220s__conf0.864.wav,20210225T030000,1220
Cernic__20210225T030000+0100_Short-term_Makokou__01221s__conf0.981.wav,20210225T030000,1221
Cernic__20210225T030000+0100_Short-term_Makokou__01222s__conf0.606.wav,20210225T030000,1222
Cernic__20210225T030000+0100_Short-term_Makokou__01223s__conf0.976.wav,20210225T030000,1223
Cernic__20210225T030000+0100_Short-term_Makokou__01224s__conf0.919.wav,20210225T030000,1224
Cernic__20210225T030000+0100_Short-term_Makokou__01225s__conf0.916.wav,20210225T030000,1225
Cernic__20210225T030000+0100_Short-term_Makokou__01226s__conf0.994.wav,20210225T030000,1226
Cernic__20210225T030000+0100_Short-term_Makokou__01227s__conf0.854.wav,20210225T030000,1227
Cernic__20210225T030000+0100_Short-term_Makokou__01229s__conf1.000.wav,20210225T030000,1229
Cernic__20210225T030000+0100_Short-term_Makokou__01230s__conf0.996.wav,20210225T030000,1230
Cernic__20210225T030000+0100_Short-term_Makokou__01232s__conf0.997.wav,20210225T030000,1232
Cernic__20210225T030000+0100_Short-term_Makokou__01233s__conf0.986.wav,20210225T030000,1233
Cernic__20210225T030000+0100_Short-term_Makokou__01234s__conf0.852.wav,20210225T030000,1234
Cernic__20210225T030000+0100_Short-term_Makokou__01238s__conf0.988.wav,20210225T030000,1238
Cernic__20210225T030000+0100_Short-term_Makokou__01239s__conf0.993.wav,20210225T030000,1239
Cernic__20210225T030000+0100_Short-term_Makokou__01240s__conf0.996.wav,20210225T030000,1240
Cernic__20210225T030000+0100_Short-term_Makokou__01241s__conf0.996.wav,20210225T030000,1241
Cernic__20210225T030000+0100_Short-term_Makokou__01242s__conf0.990.wav,20210225T030000,1242
Cernic__20210225T030000+0100_Short-term_Makokou__01243s__conf0.581.wav,20210225T030000,1243
Cernic__20210225T030000+0100_Short-term_Makokou__01245s__conf0.741.wav,20210225T030000,1245
Cernic__20210225T030000+0100_Short-term_Makokou__01246s__conf1.000.wav,20210225T030000,1246
Cernic__20210225T030000+0100_Short-term_Makokou__01247s__conf0.999.wav,20210225T030000,1247
Cernic__20210225T030000+0100_Short-term_Makokou__01248s__conf0.926.wav,20210225T030000,1248
Cernic__20210225T030000+0100_Short-term_Makokou__01249s__conf1.000.wav,20210225T030000,1249
Cernic__20210225T030000+0100_Short-term_Makokou__01250s__conf1.000.wav,20210225T030000,1250
Cernic__20210225T030000+0100_Short-term_Makokou__01251s__conf0.918.wav,20210225T030000,1251
Cernic__20210225T030000+0100_Short-term_Makokou__01252s__conf0.998.wav,20210225T030000,1252
Cernic__20210225T030000+0100_Short-term_Makokou__01253s__conf0.997.wav,20210225T030000,1253
Cernic__20210225T030000+0100_Short-term_Makokou__01254s__conf0.999.wav,20210225T030000,1254
Cernic__20210225T030000+0100_Short-term_Makokou__01255s__conf0.998.wav,20210225T030000,1255
Cernic__20210225T030000+0100_Short-term_Makokou__01256s__conf1.000.wav,20210225T030000,1256
Cernic__20210225T030000+0100_Short-term_Makokou__01257s__conf0.998.wav,20210225T030000,1257
Cernic__20210225T030000+0100_Short-term_Makokou__01258s__conf1.000.wav,20210225T030000,1258
Cernic__20210225T030000+0100_Short-term_Makokou__01259s__conf0.999.wav,20210225T030000,1259
Cernic__20210225T030000+0100_Short-term_Makokou__01260s__conf0.949.wav,20210225T030000,1260
Cernic__20210225T030000+0100_Short-term_Makokou__01262s__conf0.999.wav,20210225T030000,1262
Cernic__20210225T030000+0100_Short-term_Makokou__01264s__conf0.998.wav,20210225T030000,1264
Cernic__20210225T030000+0100_Short-term_Makokou__01265s__conf0.972.wav,20210225T030000,1265
Cernic__20210225T030000+0100_Short-term_Makokou__01266s__conf1.000.wav,20210225T030000,1266
Cernic__20210225T030000+0100_Short-term_Makokou__01267s__conf0.996.wav,20210225T030000,1267
Cernic__20210225T030000+0100_Short-term_Makokou__01268s__conf0.849.wav,20210225T030000,1268
Cernic__20210225T030000+0100_Short-term_Makokou__01271s__conf0.757.wav,20210225T030000,1271
Cernic__20210225T030000+0100_Short-term_Makokou__01272s__conf0.975.wav,20210225T030000,1272
Cernic__20210225T030000+0100_Short-term_Makokou__01275s__conf0.996.wav,20210225T030000,1275
Cernic__20210225T030000+0100_Short-term_Makokou__01276s__conf1.000.wav,20210225T030000,1276
Cernic__20210225T030000+0100_Short-term_Makokou__01277s__conf0.999.wav,20210225T030000,1277
Cernic__20210225T030000+0100_Short-term_Makokou__01278s__conf0.983.wav,20210225T030000,1278
Cernic__20210225T030000+0100_Short-term_Makokou__01279s__conf0.995.wav,20210225T030000,1279
Cernic__20210225T030000+0100_Short-term_Makokou__01280s__conf0.985.wav,20210225T030000,1280
Cernic__20210225T030000+0100_Short-term_Makokou__01281s__conf0.966.wav,20210225T030000,1281
Cernic__20210225T030000+0100_Short-term_Makokou__01282s__conf0.997.wav,20210225T030000,1282
Cernic__20210225T030000+0100_Short-term_Makokou__01283s__conf0.999.wav,20210225T030000,1283
Cernic__20210225T030000+0100_Short-term_Makokou__01284s__conf0.954.wav,20210225T030000,1284
Cernic__20210225T030000+0100_Short-term_Makokou__01285s__conf0.997.wav,20210225T030000,1285
Cernic__20210225T030000+0100_Short-term_Makokou__01286s__conf0.999.wav,20210225T030000,1286
Cernic__20210225T030000+0100_Short-term_Makokou__01287s__conf0.991.wav,20210225T030000,1287
Cernic__20210225T030000+0100_Short-term_Makokou__01288s__conf0.993.wav,20210225T030000,1288
Cernic__20210225T030000+0100_Short-term_Makokou__01290s__conf0.962.wav,20210225T030000,1290
Cernic__20210225T030000+0100_Short-term_Makokou__01291s__conf0.694.wav,20210225T030000,1291
Cernic__20210225T030000+0100_Short-term_Makokou__01293s__conf0.548.wav,20210225T030000,1293
Cernic__20210225T030000+0100_Short-term_Makokou__01294s__conf1.000.wav,20210225T030000,1294
Cernic__20210225T030000+0100_Short-term_Makokou__01295s__conf0.996.wav,20210225T030000,1295
Cernic__20210225T030000+0100_Short-term_Makokou__01296s__conf0.930.wav,20210225T030000,1296
Cernic__20210225T030000+0100_Short-term_Makokou__01297s__conf0.947.wav,20210225T030000,1297
Cernic__20210225T030000+0100_Short-term_Makokou__01298s__conf0.894.wav,20210225T030000,1298
Cernic__20210225T030000+0100_Short-term_Makokou__01299s__conf0.648.wav,20210225T030000,1299
Cernic__20210225T030000+0100_Short-term_Makokou__01300s__conf0.932.wav,20210225T030000,1300
Cernic__20210225T030000+0100_Short-term_Makokou__01301s__conf0.753.wav,20210225T030000,1301
Cernic__20210225T030000+0100_Short-term_Makokou__01302s__conf0.963.wav,20210225T030000,1302
Cernic__20210225T030000+0100_Short-term_Makokou__01303s__conf0.994.wav,20210225T030000,1303
Cernic__20210225T030000+0100_Short-term_Makokou__01304s__conf0.993.wav,20210225T030000,1304
Cernic__20210225T030000+0100_Short-term_Makokou__01306s__conf0.942.wav,20210225T030000,1306
Cernic__20210225T030000+0100_Short-term_Makokou__01307s__conf0.843.wav,20210225T030000,1307
Cernic__20210225T030000+0100_Short-term_Makokou__01308s__conf0.980.wav,20210225T030000,1308
Cernic__20210225T030000+0100_Short-term_Makokou__01309s__conf0.992.wav,20210225T030000,1309
Cernic__20210225T030000+0100_Short-term_Makokou__01310s__conf0.995.wav,20210225T030000,1310
Cernic__20210225T030000+0100_Short-term_Makokou__01311s__conf0.999.wav,20210225T030000,1311
Cernic__20210225T030000+0100_Short-term_Makokou__01312s__conf1.000.wav,20210225T030000,1312
Cernic__20210225T030000+0100_Short-term_Makokou__01313s__conf0.994.wav,20210225T030000,1313
Cernic__20210225T030000+0100_Short-term_Makokou__01314s__conf0.997.wav,20210225T030000,1314
Cernic__20210225T030000+0100_Short-term_Makokou__01315s__conf0.999.wav,20210225T030000,1315
Cernic__20210225T030000+0100_Short-term_Makokou__01316s__conf0.997.wav,20210225T030000,1316
Cernic__20210225T030000+0100_Short-term_Makokou__01317s__conf0.989.wav,20210225T030000,1317
Cernic__20210225T030000+0100_Short-term_Makokou__01318s__conf0.974.wav,20210225T030000,1318
Cernic__20210225T030000+0100_Short-term_Makokou__01319s__conf0.939.wav,20210225T030000,1319
Cernic__20210225T030000+0100_Short-term_Makokou__01320s__conf0.961.wav,20210225T030000,1320
Cernic__20210225T030000+0100_Short-term_Makokou__01321s__conf0.966.wav,20210225T030000,1321
Cernic__20210225T030000+0100_Short-term_Makokou__01322s__conf0.974.wav,20210225T030000,1322
Cernic__20210225T030000+0100_Short-term_Makokou__01323s__conf0.995.wav,20210225T030000,1323
Cernic__20210225T030000+0100_Short-term_Makokou__01324s__conf0.999.wav,20210225T030000,1324
Cernic__20210225T030000+0100_Short-term_Makokou__01326s__conf0.980.wav,20210225T030000,1326
Cernic__20210225T030000+0100_Short-term_Makokou__01327s__conf0.997.wav,20210225T030000,1327
Cernic__20210225T030000+0100_Short-term_Makokou__01328s__conf0.965.wav,20210225T030000,1328
Cernic__20210225T030000+0100_Short-term_Makokou__01329s__conf0.745.wav,20210225T030000,1329
Cernic__20210225T030000+0100_Short-term_Makokou__01330s__conf0.999.wav,20210225T030000,1330
Cernic__20210225T030000+0100_Short-term_Makokou__01331s__conf0.996.wav,20210225T030000,1331
Cernic__20210225T030000+0100_Short-term_Makokou__01332s__conf0.867.wav,20210225T030000,1332
Cernic__20210225T030000+0100_Short-term_Makokou__01333s__conf0.991.wav,20210225T030000,1333
Cernic__20210225T030000+0100_Short-term_Makokou__01334s__conf1.000.wav,20210225T030000,1334
Cernic__20210225T030000+0100_Short-term_Makokou__01335s__conf0.900.wav,20210225T030000,1335
Cernic__20210225T030000+0100_Short-term_Makokou__01336s__conf0.789.wav,20210225T030000,1336
Cernic__20210225T030000+0100_Short-term_Makokou__01337s__conf0.997.wav,20210225T030000,1337
Cernic__20210225T030000+0100_Short-term_Makokou__01338s__conf0.996.wav,20210225T030000,1338
Cernic__20210225T030000+0100_Short-term_Makokou__01339s__conf0.999.wav,20210225T030000,1339
Cernic__20210225T030000+0100_Short-term_Makokou__01340s__conf0.892.wav,20210225T030000,1340
Cernic__20210225T030000+0100_Short-term_Makokou__01341s__conf0.811.wav,20210225T030000,1341
Cernic__20210225T030000+0100_Short-term_Makokou__01342s__conf0.541.wav,20210225T030000,1342
Cernic__20210225T030000+0100_Short-term_Makokou__01346s__conf0.880.wav,20210225T030000,1346
Cernic__20210225T030000+0100_Short-term_Makokou__01350s__conf0.845.wav,20210225T030000,1350
Cernic__20210225T030000+0100_Short-term_Makokou__01352s__conf0.910.wav,20210225T030000,1352
Cernic__20210225T030000+0100_Short-term_Makokou__01353s__conf0.526.wav,20210225T030000,1353
Cernic__20210225T030000+0100_Short-term_Makokou__01355s__conf0.987.wav,20210225T030000,1355
Cernic__20210225T030000+0100_Short-term_Makokou__01356s__conf0.890.wav,20210225T030000,1356
Cernic__20210225T030000+0100_Short-term_Makokou__01357s__conf1.000.wav,20210225T030000,1357
Cernic__20210225T030000+0100_Short-term_Makokou__01358s__conf0.999.wav,20210225T030000,1358
Cernic__20210225T030000+0100_Short-term_Makokou__01359s__conf0.997.wav,20210225T030000,1359
Cernic__20210225T030000+0100_Short-term_Makokou__01360s__conf0.988.wav,20210225T030000,1360
Cernic__20210225T030000+0100_Short-term_Makokou__01362s__conf0.994.wav,20210225T030000,1362
Cernic__20210225T030000+0100_Short-term_Makokou__01363s__conf0.996.wav,20210225T030000,1363
Cernic__20210225T030000+0100_Short-term_Makokou__01364s__conf0.973.wav,20210225T030000,1364
Cernic__20210225T030000+0100_Short-term_Makokou__01365s__conf1.000.wav,20210225T030000,1365
Cernic__20210225T030000+0100_Short-term_Makokou__01366s__conf1.000.wav,20210225T030000,1366
Cernic__20210225T030000+0100_Short-term_Makokou__01367s__conf0.939.wav,20210225T030000,1367
Cernic__20210225T030000+0100_Short-term_Makokou__01368s__conf0.808.wav,20210225T030000,1368
Cernic__20210225T030000+0100_Short-term_Makokou__01369s__conf0.998.wav,20210225T030000,1369
Cernic__20210225T030000+0100_Short-term_Makokou__01370s__conf0.998.wav,20210225T030000,1370
Cernic__20210225T030000+0100_Short-term_Makokou__01371s__conf0.999.wav,20210225T030000,1371
Cernic__20210225T030000+0100_Short-term_Makokou__01372s__conf0.995.wav,20210225T030000,1372
Cernic__20210225T030000+0100_Short-term_Makokou__01373s__conf0.980.wav,20210225T030000,1373
Cernic__20210225T030000+0100_Short-term_Makokou__01374s__conf0.996.wav,20210225T030000,1374
Cernic__20210225T030000+0100_Short-term_Makokou__01375s__conf0.975.wav,20210225T030000,1375
Cernic__20210225T030000+0100_Short-term_Makokou__01376s__conf0.989.wav,20210225T030000,1376
Cernic__20210225T030000+0100_Short-term_Makokou__01377s__conf0.987.wav,20210225T030000,1377
Cernic__20210225T030000+0100_Short-term_Makokou__01378s__conf0.756.wav,20210225T030000,1378
Cernic__20210225T030000+0100_Short-term_Makokou__01379s__conf0.999.wav,20210225T030000,1379
Cernic__20210225T030000+0100_Short-term_Makokou__01380s__conf0.999.wav,20210225T030000,1380
Cernic__20210225T030000+0100_Short-term_Makokou__01381s__conf1.000.wav,20210225T030000,1381
Cernic__20210225T030000+0100_Short-term_Makokou__01382s__conf0.996.wav,20210225T030000,1382
Cernic__20210225T030000+0100_Short-term_Makokou__01383s__conf0.999.wav,20210225T030000,1383
Cernic__20210225T030000+0100_Short-term_Makokou__01384s__conf1.000.wav,20210225T030000,1384
Cernic__20210225T030000+0100_Short-term_Makokou__01385s__conf0.998.wav,20210225T030000,1385
Cernic__20210225T030000+0100_Short-term_Makokou__01386s__conf0.993.wav,20210225T030000,1386
Cernic__20210225T030000+0100_Short-term_Makokou__01387s__conf0.993.wav,20210225T030000,1387
Cernic__20210225T030000+0100_Short-term_Makokou__01388s__conf0.997.wav,20210225T030000,1388
Cernic__20210225T030000+0100_Short-term_Makokou__01389s__conf0.990.wav,20210225T030000,1389
Cernic__20210225T030000+0100_Short-term_Makokou__01390s__conf0.989.wav,20210225T030000,1390
Cernic__20210225T030000+0100_Short-term_Makokou__01391s__conf0.998.wav,20210225T030000,1391
Cernic__20210225T030000+0100_Short-term_Makokou__01392s__conf0.805.wav,20210225T030000,1392
Cernic__20210225T030000+0100_Short-term_Makokou__01393s__conf0.999.wav,20210225T030000,1393
Cernic__20210225T030000+0100_Short-term_Makokou__01394s__conf0.990.wav,20210225T030000,1394
Cernic__20210225T030000+0100_Short-term_Makokou__01395s__conf0.966.wav,20210225T030000,1395
Cernic__20210225T030000+0100_Short-term_Makokou__01396s__conf0.877.wav,20210225T030000,1396
Cernic__20210225T030000+0100_Short-term_Makokou__01397s__conf0.922.wav,20210225T030000,1397
Cernic__20210225T030000+0100_Short-term_Makokou__01398s__conf1.000.wav,20210225T030000,1398
Cernic__20210225T030000+0100_Short-term_Makokou__01399s__conf1.000.wav,20210225T030000,1399
Cernic__20210225T030000+0100_Short-term_Makokou__01400s__conf0.997.wav,20210225T030000,1400
Cernic__20210225T030000+0100_Short-term_Makokou__01401s__conf0.936.wav,20210225T030000,1401
Cernic__20210225T030000+0100_Short-term_Makokou__01402s__conf0.999.wav,20210225T030000,1402
Cernic__20210225T030000+0100_Short-term_Makokou__01403s__conf0.995.wav,20210225T030000,1403
Cernic__20210225T030000+0100_Short-term_Makokou__01404s__conf0.993.wav,20210225T030000,1404
Cernic__20210225T030000+0100_Short-term_Makokou__01406s__conf0.979.wav,20210225T030000,1406
Cernic__20210225T030000+0100_Short-term_Makokou__01407s__conf0.947.wav,20210225T030000,1407
Cernic__20210225T030000+0100_Short-term_Makokou__01408s__conf0.998.wav,20210225T030000,1408
Cernic__20210225T030000+0100_Short-term_Makokou__01409s__conf0.997.wav,20210225T030000,1409
Cernic__20210225T030000+0100_Short-term_Makokou__01410s__conf0.999.wav,20210225T030000,1410
Cernic__20210225T030000+0100_Short-term_Makokou__01411s__conf0.996.wav,20210225T030000,1411
Cernic__20210225T030000+0100_Short-term_Makokou__01413s__conf0.999.wav,20210225T030000,1413
Cernic__20210225T030000+0100_Short-term_Makokou__01414s__conf0.987.wav,20210225T030000,1414
Cernic__20210225T030000+0100_Short-term_Makokou__01415s__conf0.978.wav,20210225T030000,1415
Cernic__20210225T030000+0100_Short-term_Makokou__01416s__conf1.000.wav,20210225T030000,1416
Cernic__20210225T030000+0100_Short-term_Makokou__01417s__conf0.999.wav,20210225T030000,1417
Cernic__20210225T030000+0100_Short-term_Makokou__01418s__conf0.927.wav,20210225T030000,1418
Cernic__20210225T030000+0100_Short-term_Makokou__01419s__conf0.984.wav,20210225T030000,1419
Cernic__20210225T030000+0100_Short-term_Makokou__01420s__conf0.944.wav,20210225T030000,1420
Cernic__20210225T030000+0100_Short-term_Makokou__01421s__conf0.909.wav,20210225T030000,1421
Cernic__20210225T030000+0100_Short-term_Makokou__01422s__conf0.996.wav,20210225T030000,1422
Cernic__20210225T030000+0100_Short-term_Makokou__01423s__conf0.950.wav,20210225T030000,1423
Cernic__20210225T030000+0100_Short-term_Makokou__01424s__conf0.884.wav,20210225T030000,1424
Cernic__20210225T030000+0100_Short-term_Makokou__01425s__conf0.791.wav,20210225T030000,1425
Cernic__20210225T030000+0100_Short-term_Makokou__01426s__conf0.789.wav,20210225T030000,1426
Cernic__20210225T030000+0100_Short-term_Makokou__01427s__conf0.594.wav,20210225T030000,1427
Cernic__20210225T030000+0100_Short-term_Makokou__01428s__conf0.994.wav,20210225T030000,1428
Cernic__20210225T030000+0100_Short-term_Makokou__01429s__conf1.000.wav,20210225T030000,1429
Cernic__20210225T030000+0100_Short-term_Makokou__01430s__conf0.998.wav,20210225T030000,1430
Cernic__20210225T030000+0100_Short-term_Makokou__01431s__conf0.901.wav,20210225T030000,1431
Cernic__20210225T030000+0100_Short-term_Makokou__01432s__conf0.998.wav,20210225T030000,1432
Cernic__20210225T030000+0100_Short-term_Makokou__01433s__conf0.974.wav,20210225T030000,1433
Cernic__20210225T030000+0100_Short-term_Makokou__01434s__conf0.807.wav,20210225T030000,1434
Cernic__20210225T030000+0100_Short-term_Makokou__01435s__conf0.992.wav,20210225T030000,1435
Cernic__20210225T030000+0100_Short-term_Makokou__01436s__conf0.997.wav,20210225T030000,1436
Cernic__20210225T030000+0100_Short-term_Makokou__01437s__conf0.983.wav,20210225T030000,1437
Cernic__20210225T030000+0100_Short-term_Makokou__01438s__conf0.995.wav,20210225T030000,1438
Cernic__20210225T030000+0100_Short-term_Makokou__01439s__conf0.999.wav,20210225T030000,1439
Cernic__20210225T030000+0100_Short-term_Makokou__01440s__conf1.000.wav,20210225T030000,1440
Cernic__20210225T030000+0100_Short-term_Makokou__01441s__conf1.000.wav,20210225T030000,1441
Cernic__20210225T030000+0100_Short-term_Makokou__01442s__conf0.982.wav,20210225T030000,1442
Cernic__20210225T030000+0100_Short-term_Makokou__01443s__conf0.971.wav,20210225T030000,1443
Cernic__20210225T030000+0100_Short-term_Makokou__01444s__conf0.998.wav,20210225T030000,1444
Cernic__20210225T030000+0100_Short-term_Makokou__01445s__conf0.998.wav,20210225T030000,1445
Cernic__20210225T030000+0100_Short-term_Makokou__01446s__conf0.967.wav,20210225T030000,1446
Cernic__20210225T030000+0100_Short-term_Makokou__01447s__conf0.999.wav,20210225T030000,1447
Cernic__20210225T030000+0100_Short-term_Makokou__01448s__conf0.999.wav,20210225T030000,1448
Cernic__20210225T030000+0100_Short-term_Makokou__01449s__conf0.999.wav,20210225T030000,1449
Cernic__20210225T030000+0100_Short-term_Makokou__01450s__conf0.997.wav,20210225T030000,1450
Cernic__20210225T030000+0100_Short-term_Makokou__01451s__conf0.960.wav,20210225T030000,1451
Cernic__20210225T030000+0100_Short-term_Makokou__01452s__conf0.877.wav,20210225T030000,1452
Cernic__20210225T030000+0100_Short-term_Makokou__01453s__conf0.997.wav,20210225T030000,1453
Cernic__20210225T030000+0100_Short-term_Makokou__01454s__conf0.964.wav,20210225T030000,1454
Cernic__20210225T030000+0100_Short-term_Makokou__01455s__conf0.991.wav,20210225T030000,1455
Cernic__20210225T030000+0100_Short-term_Makokou__01456s__conf0.994.wav,20210225T030000,1456
Cernic__20210225T030000+0100_Short-term_Makokou__01457s__conf0.945.wav,20210225T030000,1457
Cernic__20210225T030000+0100_Short-term_Makokou__01458s__conf0.957.wav,20210225T030000,1458
Cernic__20210225T030000+0100_Short-term_Makokou__01460s__conf0.998.wav,20210225T030000,1460
Cernic__20210225T030000+0100_Short-term_Makokou__01461s__conf0.988.wav,20210225T030000,1461
Cernic__20210225T030000+0100_Short-term_Makokou__01462s__conf0.999.wav,20210225T030000,1462
Cernic__20210225T030000+0100_Short-term_Makokou__01463s__conf0.753.wav,20210225T030000,1463
Cernic__20210225T030000+0100_Short-term_Makokou__01464s__conf0.994.wav,20210225T030000,1464
Cernic__20210225T030000+0100_Short-term_Makokou__01465s__conf0.996.wav,20210225T030000,1465
Cernic__20210225T030000+0100_Short-term_Makokou__01466s__conf0.997.wav,20210225T030000,1466
Cernic__20210225T030000+0100_Short-term_Makokou__01469s__conf0.532.wav,20210225T030000,1469
Cernic__20210225T030000+0100_Short-term_Makokou__01470s__conf0.940.wav,20210225T030000,1470
Cernic__20210225T030000+0100_Short-term_Makokou__01471s__conf0.999.wav,20210225T030000,1471
Cernic__20210225T030000+0100_Short-term_Makokou__01472s__conf0.997.wav,20210225T030000,1472
Cernic__20210225T030000+0100_Short-term_Makokou__01497s__conf0.911.wav,20210225T030000,1497
Cernic__20210225T030000+0100_Short-term_Makokou__01498s__conf0.578.wav,20210225T030000,1498
Cernic__20210225T030000+0100_Short-term_Makokou__01502s__conf0.906.wav,20210225T030000,1502
Cernic__20210225T030000+0100_Short-term_Makokou__01503s__conf0.523.wav,20210225T030000,1503
Cernic__20210225T030000+0100_Short-term_Makokou__01507s__conf0.745.wav,20210225T030000,1507
Cernic__20210225T030000+0100_Short-term_Makokou__01508s__conf0.863.wav,20210225T030000,1508
Cernic__20210225T030000+0100_Short-term_Makokou__01509s__conf0.662.wav,20210225T030000,1509
Cernic__20210225T030000+0100_Short-term_Makokou__01510s__conf0.994.wav,20210225T030000,1510
Cernic__20210225T030000+0100_Short-term_Makokou__01511s__conf0.994.wav,20210225T030000,1511
Cernic__20210225T030000+0100_Short-term_Makokou__01512s__conf0.852.wav,20210225T030000,1512
Cernic__20210225T030000+0100_Short-term_Makokou__01513s__conf0.808.wav,20210225T030000,1513
Cernic__20210225T030000+0100_Short-term_Makokou__01515s__conf0.721.wav,20210225T030000,1515
Cernic__20210225T030000+0100_Short-term_Makokou__01516s__conf0.998.wav,20210225T030000,1516
Cernic__20210225T030000+0100_Short-term_Makokou__01518s__conf0.991.wav,20210225T030000,1518
Cernic__20210225T030000+0100_Short-term_Makokou__01519s__conf0.993.wav,20210225T030000,1519
Cernic__20210225T030000+0100_Short-term_Makokou__01520s__conf0.954.wav,20210225T030000,1520
Cernic__20210225T030000+0100_Short-term_Makokou__01521s__conf0.996.wav,20210225T030000,1521
Cernic__20210225T030000+0100_Short-term_Makokou__01524s__conf0.520.wav,20210225T030000,1524
Cernic__20210225T030000+0100_Short-term_Makokou__01525s__conf0.994.wav,20210225T030000,1525
Cernic__20210225T030000+0100_Short-term_Makokou__01526s__conf0.996.wav,20210225T030000,1526
Cernic__20210225T030000+0100_Short-term_Makokou__01527s__conf0.993.wav,20210225T030000,1527
Cernic__20210225T030000+0100_Short-term_Makokou__01529s__conf0.859.wav,20210225T030000,1529
Cernic__20210225T030000+0100_Short-term_Makokou__01532s__conf0.999.wav,20210225T030000,1532
Cernic__20210225T030000+0100_Short-term_Makokou__01533s__conf0.998.wav,20210225T030000,1533
Cernic__20210225T030000+0100_Short-term_Makokou__01534s__conf1.000.wav,20210225T030000,1534
Cernic__20210225T030000+0100_Short-term_Makokou__01535s__conf0.995.wav,20210225T030000,1535
Cernic__20210225T030000+0100_Short-term_Makokou__01540s__conf0.948.wav,20210225T030000,1540
Cernic__20210225T030000+0100_Short-term_Makokou__01541s__conf0.606.wav,20210225T030000,1541
Cernic__20210225T030000+0100_Short-term_Makokou__01545s__conf0.716.wav,20210225T030000,1545
Cernic__20210225T030000+0100_Short-term_Makokou__01546s__conf0.769.wav,20210225T030000,1546
Cernic__20210225T030000+0100_Short-term_Makokou__01549s__conf0.808.wav,20210225T030000,1549
Cernic__20210225T030000+0100_Short-term_Makokou__01550s__conf0.573.wav,20210225T030000,1550
Cernic__20210225T030000+0100_Short-term_Makokou__01552s__conf0.544.wav,20210225T030000,1552
Cernic__20210225T030000+0100_Short-term_Makokou__01553s__conf0.874.wav,20210225T030000,1553
Cernic__20210225T030000+0100_Short-term_Makokou__01554s__conf0.932.wav,20210225T030000,1554
Cernic__20210225T030000+0100_Short-term_Makokou__01556s__conf0.924.wav,20210225T030000,1556
Cernic__20210225T030000+0100_Short-term_Makokou__01558s__conf0.898.wav,20210225T030000,1558
Cernic__20210225T030000+0100_Short-term_Makokou__01559s__conf0.996.wav,20210225T030000,1559
Cernic__20210225T030000+0100_Short-term_Makokou__01561s__conf0.963.wav,20210225T030000,1561
Cernic__20210225T030000+0100_Short-term_Makokou__01562s__conf0.993.wav,20210225T030000,1562
Cernic__20210225T030000+0100_Short-term_Makokou__01563s__conf0.994.wav,20210225T030000,1563
Cernic__20210225T030000+0100_Short-term_Makokou__01564s__conf0.698.wav,20210225T030000,1564
Cernic__20210225T030000+0100_Short-term_Makokou__01565s__conf0.987.wav,20210225T030000,1565
Cernic__20210225T030000+0100_Short-term_Makokou__01566s__conf0.988.wav,20210225T030000,1566
Cernic__20210225T030000+0100_Short-term_Makokou__01567s__conf0.721.wav,20210225T030000,1567
Cernic__20210225T030000+0100_Short-term_Makokou__01569s__conf0.682.wav,20210225T030000,1569
Cernic__20210225T030000+0100_Short-term_Makokou__01570s__conf0.998.wav,20210225T030000,1570
Cernic__20210225T030000+0100_Short-term_Makokou__01571s__conf1.000.wav,20210225T030000,1571
Cernic__20210225T030000+0100_Short-term_Makokou__01572s__conf1.000.wav,20210225T030000,1572
Cernic__20210225T030000+0100_Short-term_Makokou__01573s__conf0.992.wav,20210225T030000,1573
Cernic__20210225T030000+0100_Short-term_Makokou__01574s__conf0.998.wav,20210225T030000,1574
Cernic__20210225T030000+0100_Short-term_Makokou__01575s__conf0.594.wav,20210225T030000,1575
Cernic__20210225T030000+0100_Short-term_Makokou__01615s__conf0.990.wav,20210225T030000,1615
Cernic__20210225T030000+0100_Short-term_Makokou__01616s__conf0.572.wav,20210225T030000,1616
Cernic__20210225T030000+0100_Short-term_Makokou__01617s__conf0.945.wav,20210225T030000,1617
Cernic__20210225T030000+0100_Short-term_Makokou__01618s__conf0.998.wav,20210225T030000,1618
Cernic__20210225T030000+0100_Short-term_Makokou__01619s__conf0.593.wav,20210225T030000,1619
Cernic__20210225T030000+0100_Short-term_Makokou__01622s__conf0.999.wav,20210225T030000,1622
Cernic__20210225T030000+0100_Short-term_Makokou__01623s__conf0.997.wav,20210225T030000,1623
Cernic__20210225T030000+0100_Short-term_Makokou__01624s__conf0.630.wav,20210225T030000,1624
Cernic__20210225T030000+0100_Short-term_Makokou__01625s__conf0.914.wav,20210225T030000,1625
Cernic__20210225T030000+0100_Short-term_Makokou__01626s__conf0.999.wav,20210225T030000,1626
Cernic__20210225T030000+0100_Short-term_Makokou__01627s__conf0.979.wav,20210225T030000,1627
Cernic__20210225T030000+0100_Short-term_Makokou__01628s__conf0.996.wav,20210225T030000,1628
Cernic__20210225T030000+0100_Short-term_Makokou__01629s__conf0.997.wav,20210225T030000,1629
Cernic__20210225T030000+0100_Short-term_Makokou__01630s__conf0.965.wav,20210225T030000,1630
Cernic__20210225T030000+0100_Short-term_Makokou__01631s__conf0.999.wav,20210225T030000,1631
Cernic__20210225T030000+0100_Short-term_Makokou__01633s__conf0.873.wav,20210225T030000,1633
Cernic__20210225T030000+0100_Short-term_Makokou__01634s__conf0.968.wav,20210225T030000,1634
Cernic__20210225T030000+0100_Short-term_Makokou__01635s__conf0.803.wav,20210225T030000,1635
Cernic__20210225T030000+0100_Short-term_Makokou__01639s__conf0.971.wav,20210225T030000,1639
Cernic__20210225T030000+0100_Short-term_Makokou__01640s__conf0.869.wav,20210225T030000,1640
Cernic__20210225T030000+0100_Short-term_Makokou__01641s__conf0.943.wav,20210225T030000,1641
Cernic__20210225T030000+0100_Short-term_Makokou__01642s__conf0.926.wav,20210225T030000,1642
Cernic__20210225T030000+0100_Short-term_Makokou__01643s__conf0.973.wav,20210225T030000,1643
Cernic__20210225T030000+0100_Short-term_Makokou__01644s__conf0.992.wav,20210225T030000,1644
Cernic__20210225T030000+0100_Short-term_Makokou__01645s__conf0.819.wav,20210225T030000,1645
Cernic__20210225T030000+0100_Short-term_Makokou__01646s__conf0.786.wav,20210225T030000,1646
Cernic__20210225T030000+0100_Short-term_Makokou__01647s__conf0.929.wav,20210225T030000,1647
Cernic__20210225T030000+0100_Short-term_Makokou__01648s__conf0.999.wav,20210225T030000,1648
Cernic__20210225T030000+0100_Short-term_Makokou__01649s__conf0.997.wav,20210225T030000,1649
Cernic__20210225T030000+0100_Short-term_Makokou__01650s__conf0.927.wav,20210225T030000,1650
Cernic__20210225T030000+0100_Short-term_Makokou__01651s__conf0.525.wav,20210225T030000,1651
Cernic__20210225T030000+0100_Short-term_Makokou__01652s__conf0.636.wav,20210225T030000,1652
Cernic__20210225T030000+0100_Short-term_Makokou__01653s__conf0.975.wav,20210225T030000,1653
Cernic__20210225T030000+0100_Short-term_Makokou__01654s__conf0.996.wav,20210225T030000,1654
Cernic__20210225T030000+0100_Short-term_Makokou__01658s__conf0.986.wav,20210225T030000,1658
Cernic__20210225T030000+0100_Short-term_Makokou__01659s__conf0.985.wav,20210225T030000,1659
Cernic__20210225T030000+0100_Short-term_Makokou__01660s__conf0.801.wav,20210225T030000,1660
Cernic__20210225T030000+0100_Short-term_Makokou__01661s__conf0.992.wav,20210225T030000,1661
Cernic__20210225T030000+0100_Short-term_Makokou__01662s__conf1.000.wav,20210225T030000,1662
Cernic__20210225T030000+0100_Short-term_Makokou__01663s__conf1.000.wav,20210225T030000,1663
Cernic__20210225T030000+0100_Short-term_Makokou__01664s__conf0.628.wav,20210225T030000,1664
Cernic__20210225T030000+0100_Short-term_Makokou__01665s__conf0.994.wav,20210225T030000,1665
Cernic__20210225T030000+0100_Short-term_Makokou__01666s__conf0.992.wav,20210225T030000,1666
Cernic__20210225T030000+0100_Short-term_Makokou__01667s__conf0.908.wav,20210225T030000,1667
Cernic__20210225T030000+0100_Short-term_Makokou__01669s__conf0.999.wav,20210225T030000,1669
Cernic__20210225T030000+0100_Short-term_Makokou__01670s__conf0.968.wav,20210225T030000,1670
Cernic__20210225T030000+0100_Short-term_Makokou__01671s__conf0.981.wav,20210225T030000,1671
Cernic__20210225T030000+0100_Short-term_Makokou__01672s__conf0.681.wav,20210225T030000,1672
Cernic__20210225T030000+0100_Short-term_Makokou__01673s__conf0.998.wav,20210225T030000,1673
Cernic__20210225T030000+0100_Short-term_Makokou__01674s__conf0.988.wav,20210225T030000,1674
Cernic__20210225T030000+0100_Short-term_Makokou__01675s__conf0.968.wav,20210225T030000,1675
Cernic__20210225T030000+0100_Short-term_Makokou__01676s__conf0.631.wav,20210225T030000,1676
Cernic__20210225T030000+0100_Short-term_Makokou__01677s__conf0.990.wav,20210225T030000,1677
Cernic__20210225T030000+0100_Short-term_Makokou__01678s__conf1.000.wav,20210225T030000,1678
Cernic__20210225T030000+0100_Short-term_Makokou__01679s__conf1.000.wav,20210225T030000,1679
Cernic__20210225T030000+0100_Short-term_Makokou__01680s__conf1.000.wav,20210225T030000,1680
Cernic__20210225T030000+0100_Short-term_Makokou__01681s__conf0.970.wav,20210225T030000,1681
Cernic__20210225T030000+0100_Short-term_Makokou__01683s__conf0.746.wav,20210225T030000,1683
Cernic__20210225T030000+0100_Short-term_Makokou__01684s__conf0.896.wav,20210225T030000,1684
Cernic__20210225T030000+0100_Short-term_Makokou__01685s__conf0.998.wav,20210225T030000,1685
Cernic__20210225T030000+0100_Short-term_Makokou__01687s__conf0.978.wav,20210225T030000,1687
Cernic__20210225T030000+0100_Short-term_Makokou__01688s__conf0.995.wav,20210225T030000,1688
Cernic__20210225T030000+0100_Short-term_Makokou__01690s__conf0.686.wav,20210225T030000,1690
Cernic__20210225T030000+0100_Short-term_Makokou__01691s__conf0.975.wav,20210225T030000,1691
Cernic__20210225T030000+0100_Short-term_Makokou__01704s__conf0.961.wav,20210225T030000,1704
Cernic__20210225T030000+0100_Short-term_Makokou__01705s__conf0.842.wav,20210225T030000,1705
Cernic__20210225T030000+0100_Short-term_Makokou__01706s__conf0.992.wav,20210225T030000,1706
Cernic__20210225T030000+0100_Short-term_Makokou__01707s__conf0.997.wav,20210225T030000,1707
Cernic__20210225T030000+0100_Short-term_Makokou__01708s__conf0.998.wav,20210225T030000,1708
Cernic__20210225T030000+0100_Short-term_Makokou__01712s__conf0.990.wav,20210225T030000,1712
Cernic__20210225T030000+0100_Short-term_Makokou__01714s__conf0.909.wav,20210225T030000,1714
Cernic__20210225T030000+0100_Short-term_Makokou__01716s__conf0.983.wav,20210225T030000,1716
Cernic__20210225T030000+0100_Short-term_Makokou__01717s__conf0.963.wav,20210225T030000,1717
Cernic__20210225T030000+0100_Short-term_Makokou__01718s__conf0.933.wav,20210225T030000,1718
Cernic__20210225T030000+0100_Short-term_Makokou__01719s__conf0.999.wav,20210225T030000,1719
Cernic__20210225T030000+0100_Short-term_Makokou__01720s__conf0.981.wav,20210225T030000,1720
Cernic__20210225T030000+0100_Short-term_Makokou__01721s__conf0.959.wav,20210225T030000,1721
Cernic__20210225T030000+0100_Short-term_Makokou__01722s__conf0.588.wav,20210225T030000,1722
Cernic__20210225T030000+0100_Short-term_Makokou__01724s__conf0.805.wav,20210225T030000,1724
Cernic__20210225T030000+0100_Short-term_Makokou__01725s__conf0.998.wav,20210225T030000,1725
Cernic__20210225T030000+0100_Short-term_Makokou__01731s__conf0.901.wav,20210225T030000,1731
Cernic__20210225T030000+0100_Short-term_Makokou__01732s__conf0.999.wav,20210225T030000,1732
Cernic__20210225T030000+0100_Short-term_Makokou__01733s__conf0.500.wav,20210225T030000,1733
Cernic__20210225T030000+0100_Short-term_Makokou__01735s__conf0.977.wav,20210225T030000,1735
Cernic__20210225T030000+0100_Short-term_Makokou__01736s__conf0.587.wav,20210225T030000,1736
Cernic__20210225T030000+0100_Short-term_Makokou__01737s__conf0.993.wav,20210225T030000,1737
Cernic__20210225T030000+0100_Short-term_Makokou__01738s__conf0.997.wav,20210225T030000,1738
Cernic__20210225T030000+0100_Short-term_Makokou__01739s__conf0.969.wav,20210225T030000,1739
Cernic__20210225T030000+0100_Short-term_Makokou__01740s__conf0.996.wav,20210225T030000,1740
Cernic__20210225T030000+0100_Short-term_Makokou__01742s__conf0.927.wav,20210225T030000,1742
Cernic__20210225T030000+0100_Short-term_Makokou__01745s__conf0.803.wav,20210225T030000,1745
Cernic__20210225T030000+0100_Short-term_Makokou__01746s__conf0.999.wav,20210225T030000,1746
Cernic__20210225T030000+0100_Short-term_Makokou__01747s__conf0.999.wav,20210225T030000,1747
Cernic__20210225T030000+0100_Short-term_Makokou__01748s__conf0.980.wav,20210225T030000,1748
Cernic__20210225T030000+0100_Short-term_Makokou__01749s__conf0.796.wav,20210225T030000,1749
Cernic__20210225T030000+0100_Short-term_Makokou__01750s__conf0.955.wav,20210225T030000,1750
Cernic__20210225T030000+0100_Short-term_Makokou__01751s__conf0.973.wav,20210225T030000,1751
Cernic__20210225T030000+0100_Short-term_Makokou__01755s__conf0.989.wav,20210225T030000,1755
Cernic__20210225T030000+0100_Short-term_Makokou__01757s__conf1.000.wav,20210225T030000,1757
Cernic__20210225T030000+0100_Short-term_Makokou__01758s__conf1.000.wav,20210225T030000,1758
Cernic__20210225T030000+0100_Short-term_Makokou__01759s__conf0.895.wav,20210225T030000,1759
Cernic__20210225T030000+0100_Short-term_Makokou__01760s__conf0.966.wav,20210225T030000,1760
Cernic__20210225T030000+0100_Short-term_Makokou__01761s__conf0.961.wav,20210225T030000,1761
Cernic__20210225T030000+0100_Short-term_Makokou__01762s__conf0.994.wav,20210225T030000,1762
Cernic__20210225T030000+0100_Short-term_Makokou__01763s__conf0.971.wav,20210225T030000,1763
Cernic__20210225T030000+0100_Short-term_Makokou__01764s__conf0.997.wav,20210225T030000,1764
Cernic__20210225T030000+0100_Short-term_Makokou__01765s__conf0.986.wav,20210225T030000,1765
Cernic__20210225T030000+0100_Short-term_Makokou__01766s__conf0.897.wav,20210225T030000,1766
Cernic__20210225T030000+0100_Short-term_Makokou__01767s__conf0.999.wav,20210225T030000,1767
Cernic__20210225T030000+0100_Short-term_Makokou__01768s__conf0.945.wav,20210225T030000,1768
Cernic__20210225T030000+0100_Short-term_Makokou__01769s__conf0.997.wav,20210225T030000,1769
Cernic__20210225T030000+0100_Short-term_Makokou__01770s__conf0.994.wav,20210225T030000,1770
Cernic__20210225T030000+0100_Short-term_Makokou__01771s__conf1.000.wav,20210225T030000,1771
Cernic__20210225T030000+0100_Short-term_Makokou__01772s__conf0.999.wav,20210225T030000,1772
Cernic__20210225T030000+0100_Short-term_Makokou__01773s__conf0.944.wav,20210225T030000,1773
Cernic__20210225T030000+0100_Short-term_Makokou__01774s__conf0.934.wav,20210225T030000,1774
Cernic__20210225T030000+0100_Short-term_Makokou__01776s__conf0.990.wav,20210225T030000,1776
Cernic__20210225T030000+0100_Short-term_Makokou__01777s__conf0.999.wav,20210225T030000,1777
Cernic__20210225T030000+0100_Short-term_Makokou__01778s__conf0.891.wav,20210225T030000,1778
Cernic__20210225T030000+0100_Short-term_Makokou__01779s__conf0.998.wav,20210225T030000,1779
Cernic__20210225T030000+0100_Short-term_Makokou__01780s__conf1.000.wav,20210225T030000,1780
Cernic__20210225T030000+0100_Short-term_Makokou__01781s__conf0.999.wav,20210225T030000,1781
Cernic__20210225T030000+0100_Short-term_Makokou__01782s__conf0.954.wav,20210225T030000,1782
Cernic__20210225T030000+0100_Short-term_Makokou__01783s__conf0.995.wav,20210225T030000,1783
Cernic__20210225T030000+0100_Short-term_Makokou__01784s__conf0.999.wav,20210225T030000,1784
Cernic__20210225T030000+0100_Short-term_Makokou__01785s__conf0.885.wav,20210225T030000,1785
Cernic__20210225T030000+0100_Short-term_Makokou__01786s__conf0.998.wav,20210225T030000,1786
Cernic__20210225T030000+0100_Short-term_Makokou__01787s__conf0.996.wav,20210225T030000,1787
Cernic__20210225T030000+0100_Short-term_Makokou__01791s__conf0.994.wav,20210225T030000,1791
Cernic__20210225T030000+0100_Short-term_Makokou__01792s__conf0.703.wav,20210225T030000,1792
Cernic__20210225T030000+0100_Short-term_Makokou__01792s__conf0.998.wav,20210225T030000,1792
Cernic__20210225T033000+0100_Short-term_Makokou__00000s__conf0.972.wav,20210225T033000,0
Cernic__20210225T033000+0100_Short-term_Makokou__00001s__conf0.977.wav,20210225T033000,1
Cernic__20210225T033000+0100_Short-term_Makokou__00002s__conf0.834.wav,20210225T033000,2
Cernic__20210225T033000+0100_Short-term_Makokou__00003s__conf0.949.wav,20210225T033000,3
Cernic__20210225T033000+0100_Short-term_Makokou__00004s__conf0.999.wav,20210225T033000,4
Cernic__20210225T033000+0100_Short-term_Makokou__00005s__conf0.999.wav,20210225T033000,5
Cernic__20210225T033000+0100_Short-term_Makokou__00006s__conf0.998.wav,20210225T033000,6
Cernic__20210225T033000+0100_Short-term_Makokou__00007s__conf0.998.wav,20210225T033000,7
Cernic__20210225T033000+0100_Short-term_Makokou__00008s__conf1.000.wav,20210225T033000,8
Cernic__20210225T033000+0100_Short-term_Makokou__00010s__conf0.902.wav,20210225T033000,10
Cernic__20210225T033000+0100_Short-term_Makokou__00011s__conf1.000.wav,20210225T033000,11
Cernic__20210225T033000+0100_Short-term_Makokou__00012s__conf1.000.wav,20210225T033000,12
Cernic__20210225T033000+0100_Short-term_Makokou__00013s__conf0.999.wav,20210225T033000,13
Cernic__20210225T033000+0100_Short-term_Makokou__00014s__conf0.997.wav,20210225T033000,14
Cernic__20210225T033000+0100_Short-term_Makokou__00015s__conf0.720.wav,20210225T033000,15
Cernic__20210225T033000+0100_Short-term_Makokou__00016s__conf1.000.wav,20210225T033000,16
Cernic__20210225T033000+0100_Short-term_Makokou__00017s__conf0.998.wav,20210225T033000,17
Cernic__20210225T033000+0100_Short-term_Makokou__00018s__conf0.998.wav,20210225T033000,18
Cernic__20210225T033000+0100_Short-term_Makokou__00019s__conf0.998.wav,20210225T033000,19
Cernic__20210225T033000+0100_Short-term_Makokou__00020s__conf0.999.wav,20210225T033000,20
Cernic__20210225T033000+0100_Short-term_Makokou__00021s__conf0.978.wav,20210225T033000,21
Cernic__20210225T033000+0100_Short-term_Makokou__00022s__conf0.992.wav,20210225T033000,22
Cernic__20210225T033000+0100_Short-term_Makokou__00023s__conf0.980.wav,20210225T033000,23
Cernic__20210225T033000+0100_Short-term_Makokou__00024s__conf0.997.wav,20210225T033000,24
Cernic__20210225T033000+0100_Short-term_Makokou__00025s__conf0.987.wav,20210225T033000,25
Cernic__20210225T033000+0100_Short-term_Makokou__00026s__conf1.000.wav,20210225T033000,26
Cernic__20210225T033000+0100_Short-term_Makokou__00027s__conf1.000.wav,20210225T033000,27
Cernic__20210225T033000+0100_Short-term_Makokou__00028s__conf0.998.wav,20210225T033000,28
Cernic__20210225T033000+0100_Short-term_Makokou__00029s__conf0.963.wav,20210225T033000,29
Cernic__20210225T033000+0100_Short-term_Makokou__00030s__conf0.987.wav,20210225T033000,30
Cernic__20210225T033000+0100_Short-term_Makokou__00031s__conf0.996.wav,20210225T033000,31
Cernic__20210225T033000+0100_Short-term_Makokou__00032s__conf0.999.wav,20210225T033000,32
Cernic__20210225T033000+0100_Short-term_Makokou__00033s__conf0.998.wav,20210225T033000,33
Cernic__20210225T033000+0100_Short-term_Makokou__00034s__conf1.000.wav,20210225T033000,34
Cernic__20210225T033000+0100_Short-term_Makokou__00035s__conf0.978.wav,20210225T033000,35
Cernic__20210225T033000+0100_Short-term_Makokou__00036s__conf0.991.wav,20210225T033000,36
Cernic__20210225T033000+0100_Short-term_Makokou__00037s__conf0.999.wav,20210225T033000,37
Cernic__20210225T033000+0100_Short-term_Makokou__00038s__conf0.829.wav,20210225T033000,38
Cernic__20210225T033000+0100_Short-term_Makokou__00039s__conf0.991.wav,20210225T033000,39
Cernic__20210225T033000+0100_Short-term_Makokou__00040s__conf0.972.wav,20210225T033000,40
Cernic__20210225T033000+0100_Short-term_Makokou__00041s__conf0.995.wav,20210225T033000,41
Cernic__20210225T033000+0100_Short-term_Makokou__00042s__conf0.838.wav,20210225T033000,42
Cernic__20210225T033000+0100_Short-term_Makokou__00044s__conf0.999.wav,20210225T033000,44
Cernic__20210225T033000+0100_Short-term_Makokou__00045s__conf0.995.wav,20210225T033000,45
Cernic__20210225T033000+0100_Short-term_Makokou__00046s__conf0.999.wav,20210225T033000,46
Cernic__20210225T033000+0100_Short-term_Makokou__00047s__conf0.994.wav,20210225T033000,47
Cernic__20210225T033000+0100_Short-term_Makokou__00048s__conf0.994.wav,20210225T033000,48
Cernic__20210225T033000+0100_Short-term_Makokou__00049s__conf0.999.wav,20210225T033000,49
Cernic__20210225T033000+0100_Short-term_Makokou__00050s__conf0.999.wav,20210225T033000,50
Cernic__20210225T033000+0100_Short-term_Makokou__00051s__conf0.999.wav,20210225T033000,51
Cernic__20210225T033000+0100_Short-term_Makokou__00052s__conf0.997.wav,20210225T033000,52
Cernic__20210225T033000+0100_Short-term_Makokou__00053s__conf0.998.wav,20210225T033000,53
Cernic__20210225T033000+0100_Short-term_Makokou__00054s__conf1.000.wav,20210225T033000,54
Cernic__20210225T033000+0100_Short-term_Makokou__00055s__conf1.000.wav,20210225T033000,55
Cernic__20210225T033000+0100_Short-term_Makokou__00056s__conf1.000.wav,20210225T033000,56
Cernic__20210225T033000+0100_Short-term_Makokou__00057s__conf1.000.wav,20210225T033000,57
Cernic__20210225T033000+0100_Short-term_Makokou__00058s__conf0.928.wav,20210225T033000,58
Cernic__20210225T033000+0100_Short-term_Makokou__00059s__conf0.688.wav,20210225T033000,59
Cernic__20210225T033000+0100_Short-term_Makokou__00060s__conf0.998.wav,20210225T033000,60
Cernic__20210225T033000+0100_Short-term_Makokou__00061s__conf0.997.wav,20210225T033000,61
Cernic__20210225T033000+0100_Short-term_Makokou__00062s__conf0.885.wav,20210225T033000,62
Cernic__20210225T033000+0100_Short-term_Makokou__00063s__conf0.989.wav,20210225T033000,63
Cernic__20210225T033000+0100_Short-term_Makokou__00065s__conf0.999.wav,20210225T033000,65
Cernic__20210225T033000+0100_Short-term_Makokou__00066s__conf0.998.wav,20210225T033000,66
Cernic__20210225T033000+0100_Short-term_Makokou__00067s__conf0.998.wav,20210225T033000,67
Cernic__20210225T033000+0100_Short-term_Makokou__00068s__conf0.999.wav,20210225T033000,68
Cernic__20210225T033000+0100_Short-term_Makokou__00069s__conf0.998.wav,20210225T033000,69
Cernic__20210225T033000+0100_Short-term_Makokou__00070s__conf0.942.wav,20210225T033000,70
Cernic__20210225T033000+0100_Short-term_Makokou__00071s__conf0.993.wav,20210225T033000,71
Cernic__20210225T033000+0100_Short-term_Makokou__00072s__conf0.993.wav,20210225T033000,72
Cernic__20210225T033000+0100_Short-term_Makokou__00073s__conf0.911.wav,20210225T033000,73
Cernic__20210225T033000+0100_Short-term_Makokou__00074s__conf1.000.wav,20210225T033000,74
Cernic__20210225T033000+0100_Short-term_Makokou__00075s__conf1.000.wav,20210225T033000,75
Cernic__20210225T033000+0100_Short-term_Makokou__00076s__conf0.998.wav,20210225T033000,76
Cernic__20210225T033000+0100_Short-term_Makokou__00077s__conf0.998.wav,20210225T033000,77
Cernic__20210225T033000+0100_Short-term_Makokou__00078s__conf0.997.wav,20210225T033000,78
Cernic__20210225T033000+0100_Short-term_Makokou__00079s__conf0.939.wav,20210225T033000,79
Cernic__20210225T033000+0100_Short-term_Makokou__00080s__conf0.998.wav,20210225T033000,80
Cernic__20210225T033000+0100_Short-term_Makokou__00081s__conf0.976.wav,20210225T033000,81
Cernic__20210225T033000+0100_Short-term_Makokou__00082s__conf0.950.wav,20210225T033000,82
Cernic__20210225T033000+0100_Short-term_Makokou__00083s__conf0.998.wav,20210225T033000,83
Cernic__20210225T033000+0100_Short-term_Makokou__00084s__conf0.999.wav,20210225T033000,84
Cernic__20210225T033000+0100_Short-term_Makokou__00085s__conf0.863.wav,20210225T033000,85
Cernic__20210225T033000+0100_Short-term_Makokou__00086s__conf0.917.wav,20210225T033000,86
Cernic__20210225T033000+0100_Short-term_Makokou__00087s__conf0.586.wav,20210225T033000,87
Cernic__20210225T033000+0100_Short-term_Makokou__00088s__conf0.998.wav,20210225T033000,88
Cernic__20210225T033000+0100_Short-term_Makokou__00089s__conf0.991.wav,20210225T033000,89
Cernic__20210225T033000+0100_Short-term_Makokou__00091s__conf0.611.wav,20210225T033000,91
Cernic__20210225T033000+0100_Short-term_Makokou__00092s__conf0.920.wav,20210225T033000,92
Cernic__20210225T033000+0100_Short-term_Makokou__00093s__conf0.988.wav,20210225T033000,93
Cernic__20210225T033000+0100_Short-term_Makokou__00094s__conf0.997.wav,20210225T033000,94
Cernic__20210225T033000+0100_Short-term_Makokou__00095s__conf0.999.wav,20210225T033000,95
Cernic__20210225T033000+0100_Short-term_Makokou__00096s__conf0.967.wav,20210225T033000,96
Cernic__20210225T033000+0100_Short-term_Makokou__00097s__conf0.999.wav,20210225T033000,97
Cernic__20210225T033000+0100_Short-term_Makokou__00098s__conf0.998.wav,20210225T033000,98
Cernic__20210225T033000+0100_Short-term_Makokou__00099s__conf0.993.wav,20210225T033000,99
Cernic__20210225T033000+0100_Short-term_Makokou__00100s__conf0.979.wav,20210225T033000,100
Cernic__20210225T033000+0100_Short-term_Makokou__00103s__conf0.978.wav,20210225T033000,103
Cernic__20210225T033000+0100_Short-term_Makokou__00104s__conf1.000.wav,20210225T033000,104
Cernic__20210225T033000+0100_Short-term_Makokou__00105s__conf0.994.wav,20210225T033000,105
Cernic__20210225T033000+0100_Short-term_Makokou__00106s__conf0.973.wav,20210225T033000,106
Cernic__20210225T033000+0100_Short-term_Makokou__00107s__conf0.998.wav,20210225T033000,107
Cernic__20210225T033000+0100_Short-term_Makokou__00108s__conf0.965.wav,20210225T033000,108
Cernic__20210225T033000+0100_Short-term_Makokou__00109s__conf0.992.wav,20210225T033000,109
Cernic__20210225T033000+0100_Short-term_Makokou__00110s__conf0.993.wav,20210225T033000,110
Cernic__20210225T033000+0100_Short-term_Makokou__00111s__conf0.966.wav,20210225T033000,111
Cernic__20210225T033000+0100_Short-term_Makokou__00112s__conf0.898.wav,20210225T033000,112
Cernic__20210225T033000+0100_Short-term_Makokou__00113s__conf0.994.wav,20210225T033000,113
Cernic__20210225T033000+0100_Short-term_Makokou__00114s__conf0.999.wav,20210225T033000,114
Cernic__20210225T033000+0100_Short-term_Makokou__00115s__conf0.999.wav,20210225T033000,115
Cernic__20210225T033000+0100_Short-term_Makokou__00116s__conf0.999.wav,20210225T033000,116
Cernic__20210225T033000+0100_Short-term_Makokou__00117s__conf0.998.wav,20210225T033000,117
Cernic__20210225T033000+0100_Short-term_Makokou__00118s__conf0.999.wav,20210225T033000,118
Cernic__20210225T033000+0100_Short-term_Makokou__00119s__conf0.999.wav,20210225T033000,119
Cernic__20210225T033000+0100_Short-term_Makokou__00120s__conf1.000.wav,20210225T033000,120
Cernic__20210225T033000+0100_Short-term_Makokou__00121s__conf1.000.wav,20210225T033000,121
Cernic__20210225T033000+0100_Short-term_Makokou__00122s__conf0.999.wav,20210225T033000,122
Cernic__20210225T033000+0100_Short-term_Makokou__00123s__conf0.998.wav,20210225T033000,123
Cernic__20210225T033000+0100_Short-term_Makokou__00124s__conf0.926.wav,20210225T033000,124
Cernic__20210225T033000+0100_Short-term_Makokou__00125s__conf0.996.wav,20210225T033000,125
Cernic__20210225T033000+0100_Short-term_Makokou__00126s__conf0.967.wav,20210225T033000,126
Cernic__20210225T033000+0100_Short-term_Makokou__00127s__conf0.996.wav,20210225T033000,127
Cernic__20210225T033000+0100_Short-term_Makokou__00128s__conf0.998.wav,20210225T033000,128
Cernic__20210225T033000+0100_Short-term_Makokou__00129s__conf0.822.wav,20210225T033000,129
Cernic__20210225T033000+0100_Short-term_Makokou__00130s__conf0.987.wav,20210225T033000,130
Cernic__20210225T033000+0100_Short-term_Makokou__00131s__conf0.993.wav,20210225T033000,131
Cernic__20210225T033000+0100_Short-term_Makokou__00132s__conf0.999.wav,20210225T033000,132
Cernic__20210225T033000+0100_Short-term_Makokou__00134s__conf0.600.wav,20210225T033000,134
Cernic__20210225T033000+0100_Short-term_Makokou__00135s__conf0.999.wav,20210225T033000,135
Cernic__20210225T033000+0100_Short-term_Makokou__00136s__conf1.000.wav,20210225T033000,136
Cernic__20210225T033000+0100_Short-term_Makokou__00137s__conf0.931.wav,20210225T033000,137
Cernic__20210225T033000+0100_Short-term_Makokou__00138s__conf0.998.wav,20210225T033000,138
Cernic__20210225T033000+0100_Short-term_Makokou__00139s__conf0.997.wav,20210225T033000,139
Cernic__20210225T033000+0100_Short-term_Makokou__00140s__conf1.000.wav,20210225T033000,140
Cernic__20210225T033000+0100_Short-term_Makokou__00141s__conf0.999.wav,20210225T033000,141
Cernic__20210225T033000+0100_Short-term_Makokou__00142s__conf0.998.wav,20210225T033000,142
Cernic__20210225T033000+0100_Short-term_Makokou__00143s__conf0.998.wav,20210225T033000,143
Cernic__20210225T033000+0100_Short-term_Makokou__00144s__conf1.000.wav,20210225T033000,144
Cernic__20210225T033000+0100_Short-term_Makokou__00146s__conf0.996.wav,20210225T033000,146
Cernic__20210225T033000+0100_Short-term_Makokou__00147s__conf0.975.wav,20210225T033000,147
Cernic__20210225T033000+0100_Short-term_Makokou__00148s__conf1.000.wav,20210225T033000,148
Cernic__20210225T033000+0100_Short-term_Makokou__00149s__conf1.000.wav,20210225T033000,149
Cernic__20210225T033000+0100_Short-term_Makokou__00216s__conf1.000.wav,20210225T033000,216
Cernic__20210225T033000+0100_Short-term_Makokou__00217s__conf1.000.wav,20210225T033000,217
Cernic__20210225T033000+0100_Short-term_Makokou__00218s__conf1.000.wav,20210225T033000,218
Cernic__20210225T033000+0100_Short-term_Makokou__00219s__conf1.000.wav,20210225T033000,219
Cernic__20210225T033000+0100_Short-term_Makokou__00220s__conf0.998.wav,20210225T033000,220
Cernic__20210225T033000+0100_Short-term_Makokou__00221s__conf0.999.wav,20210225T033000,221
Cernic__20210225T033000+0100_Short-term_Makokou__00222s__conf0.995.wav,20210225T033000,222
Cernic__20210225T033000+0100_Short-term_Makokou__00223s__conf0.929.wav,20210225T033000,223
Cernic__20210225T033000+0100_Short-term_Makokou__00226s__conf0.999.wav,20210225T033000,226
Cernic__20210225T033000+0100_Short-term_Makokou__00227s__conf0.999.wav,20210225T033000,227
Cernic__20210225T033000+0100_Short-term_Makokou__00228s__conf0.966.wav,20210225T033000,228
Cernic__20210225T033000+0100_Short-term_Makokou__00229s__conf0.997.wav,20210225T033000,229
Cernic__20210225T033000+0100_Short-term_Makokou__00230s__conf0.990.wav,20210225T033000,230
Cernic__20210225T033000+0100_Short-term_Makokou__00231s__conf0.971.wav,20210225T033000,231
Cernic__20210225T033000+0100_Short-term_Makokou__00232s__conf0.996.wav,20210225T033000,232
Cernic__20210225T033000+0100_Short-term_Makokou__00233s__conf0.996.wav,20210225T033000,233
Cernic__20210225T033000+0100_Short-term_Makokou__00234s__conf0.572.wav,20210225T033000,234
Cernic__20210225T033000+0100_Short-term_Makokou__00236s__conf1.000.wav,20210225T033000,236
Cernic__20210225T033000+0100_Short-term_Makokou__00237s__conf0.998.wav,20210225T033000,237
Cernic__20210225T033000+0100_Short-term_Makokou__00238s__conf0.996.wav,20210225T033000,238
Cernic__20210225T033000+0100_Short-term_Makokou__00240s__conf0.558.wav,20210225T033000,240
Cernic__20210225T033000+0100_Short-term_Makokou__00241s__conf0.998.wav,20210225T033000,241
Cernic__20210225T033000+0100_Short-term_Makokou__00242s__conf1.000.wav,20210225T033000,242
Cernic__20210225T033000+0100_Short-term_Makokou__00243s__conf1.000.wav,20210225T033000,243
Cernic__20210225T033000+0100_Short-term_Makokou__00245s__conf1.000.wav,20210225T033000,245
Cernic__20210225T033000+0100_Short-term_Makokou__00246s__conf0.888.wav,20210225T033000,246
Cernic__20210225T033000+0100_Short-term_Makokou__00247s__conf0.977.wav,20210225T033000,247
Cernic__20210225T033000+0100_Short-term_Makokou__00248s__conf0.994.wav,20210225T033000,248
Cernic__20210225T033000+0100_Short-term_Makokou__00249s__conf0.986.wav,20210225T033000,249
Cernic__20210225T033000+0100_Short-term_Makokou__00253s__conf0.597.wav,20210225T033000,253
Cernic__20210225T033000+0100_Short-term_Makokou__00254s__conf0.659.wav,20210225T033000,254
Cernic__20210225T033000+0100_Short-term_Makokou__00255s__conf0.920.wav,20210225T033000,255
Cernic__20210225T033000+0100_Short-term_Makokou__00257s__conf0.999.wav,20210225T033000,257
Cernic__20210225T033000+0100_Short-term_Makokou__00265s__conf0.947.wav,20210225T033000,265
Cernic__20210225T033000+0100_Short-term_Makokou__00266s__conf0.999.wav,20210225T033000,266
Cernic__20210225T033000+0100_Short-term_Makokou__00267s__conf0.979.wav,20210225T033000,267
Cernic__20210225T033000+0100_Short-term_Makokou__00268s__conf0.759.wav,20210225T033000,268
Cernic__20210225T033000+0100_Short-term_Makokou__00272s__conf0.908.wav,20210225T033000,272
Cernic__20210225T033000+0100_Short-term_Makokou__00274s__conf0.629.wav,20210225T033000,274
Cernic__20210225T033000+0100_Short-term_Makokou__00279s__conf0.997.wav,20210225T033000,279
Cernic__20210225T033000+0100_Short-term_Makokou__00280s__conf0.995.wav,20210225T033000,280
Cernic__20210225T033000+0100_Short-term_Makokou__00281s__conf0.992.wav,20210225T033000,281
Cernic__20210225T033000+0100_Short-term_Makokou__00285s__conf0.985.wav,20210225T033000,285
Cernic__20210225T033000+0100_Short-term_Makokou__00286s__conf0.820.wav,20210225T033000,286
Cernic__20210225T033000+0100_Short-term_Makokou__00288s__conf0.711.wav,20210225T033000,288
Cernic__20210225T033000+0100_Short-term_Makokou__00289s__conf0.924.wav,20210225T033000,289
Cernic__20210225T033000+0100_Short-term_Makokou__00291s__conf0.995.wav,20210225T033000,291
Cernic__20210225T033000+0100_Short-term_Makokou__00292s__conf0.940.wav,20210225T033000,292
Cernic__20210225T033000+0100_Short-term_Makokou__00293s__conf0.975.wav,20210225T033000,293
Cernic__20210225T033000+0100_Short-term_Makokou__00294s__conf0.993.wav,20210225T033000,294
Cernic__20210225T033000+0100_Short-term_Makokou__00297s__conf0.988.wav,20210225T033000,297
Cernic__20210225T033000+0100_Short-term_Makokou__00298s__conf0.998.wav,20210225T033000,298
Cernic__20210225T033000+0100_Short-term_Makokou__00303s__conf0.985.wav,20210225T033000,303
Cernic__20210225T033000+0100_Short-term_Makokou__00305s__conf0.961.wav,20210225T033000,305
Cernic__20210225T033000+0100_Short-term_Makokou__00306s__conf0.755.wav,20210225T033000,306
Cernic__20210225T033000+0100_Short-term_Makokou__00307s__conf0.998.wav,20210225T033000,307
Cernic__20210225T033000+0100_Short-term_Makokou__00308s__conf0.807.wav,20210225T033000,308
Cernic__20210225T033000+0100_Short-term_Makokou__00310s__conf0.740.wav,20210225T033000,310
Cernic__20210225T033000+0100_Short-term_Makokou__00311s__conf0.955.wav,20210225T033000,311
Cernic__20210225T033000+0100_Short-term_Makokou__00326s__conf0.834.wav,20210225T033000,326
Cernic__20210225T033000+0100_Short-term_Makokou__00327s__conf0.995.wav,20210225T033000,327
Cernic__20210225T033000+0100_Short-term_Makokou__00332s__conf0.857.wav,20210225T033000,332
Cernic__20210225T033000+0100_Short-term_Makokou__00335s__conf0.875.wav,20210225T033000,335
Cernic__20210225T033000+0100_Short-term_Makokou__00344s__conf0.633.wav,20210225T033000,344
Cernic__20210225T033000+0100_Short-term_Makokou__00350s__conf0.996.wav,20210225T033000,350
Cernic__20210225T033000+0100_Short-term_Makokou__00351s__conf0.942.wav,20210225T033000,351
Cernic__20210225T033000+0100_Short-term_Makokou__00352s__conf0.991.wav,20210225T033000,352
Cernic__20210225T033000+0100_Short-term_Makokou__00354s__conf0.992.wav,20210225T033000,354
Cernic__20210225T033000+0100_Short-term_Makokou__00355s__conf0.875.wav,20210225T033000,355
Cernic__20210225T033000+0100_Short-term_Makokou__00363s__conf0.905.wav,20210225T033000,363
Cernic__20210225T033000+0100_Short-term_Makokou__00364s__conf0.570.wav,20210225T033000,364
Cernic__20210225T033000+0100_Short-term_Makokou__00365s__conf0.792.wav,20210225T033000,365
Cernic__20210225T033000+0100_Short-term_Makokou__00366s__conf0.961.wav,20210225T033000,366
Cernic__20210225T033000+0100_Short-term_Makokou__00370s__conf0.770.wav,20210225T033000,370
Cernic__20210225T033000+0100_Short-term_Makokou__00374s__conf0.997.wav,20210225T033000,374
Cernic__20210225T033000+0100_Short-term_Makokou__00377s__conf0.875.wav,20210225T033000,377
Cernic__20210225T033000+0100_Short-term_Makokou__00378s__conf0.851.wav,20210225T033000,378
Cernic__20210225T033000+0100_Short-term_Makokou__00379s__conf0.992.wav,20210225T033000,379
Cernic__20210225T033000+0100_Short-term_Makokou__00380s__conf0.996.wav,20210225T033000,380
Cernic__20210225T033000+0100_Short-term_Makokou__00381s__conf0.992.wav,20210225T033000,381
Cernic__20210225T033000+0100_Short-term_Makokou__00384s__conf0.950.wav,20210225T033000,384
Cernic__20210225T033000+0100_Short-term_Makokou__00385s__conf0.999.wav,20210225T033000,385
Cernic__20210225T033000+0100_Short-term_Makokou__00386s__conf0.992.wav,20210225T033000,386
Cernic__20210225T033000+0100_Short-term_Makokou__00387s__conf0.997.wav,20210225T033000,387
Cernic__20210225T033000+0100_Short-term_Makokou__00394s__conf0.878.wav,20210225T033000,394
Cernic__20210225T033000+0100_Short-term_Makokou__00395s__conf1.000.wav,20210225T033000,395
Cernic__20210225T033000+0100_Short-term_Makokou__00396s__conf0.998.wav,20210225T033000,396
Cernic__20210225T033000+0100_Short-term_Makokou__00397s__conf0.991.wav,20210225T033000,397
Cernic__20210225T033000+0100_Short-term_Makokou__00398s__conf0.632.wav,20210225T033000,398
Cernic__20210225T033000+0100_Short-term_Makokou__00401s__conf0.842.wav,20210225T033000,401
Cernic__20210225T033000+0100_Short-term_Makokou__00402s__conf0.999.wav,20210225T033000,402
Cernic__20210225T033000+0100_Short-term_Makokou__00403s__conf1.000.wav,20210225T033000,403
Cernic__20210225T033000+0100_Short-term_Makokou__00404s__conf0.999.wav,20210225T033000,404
Cernic__20210225T033000+0100_Short-term_Makokou__00406s__conf0.913.wav,20210225T033000,406
Cernic__20210225T033000+0100_Short-term_Makokou__00408s__conf1.000.wav,20210225T033000,408
Cernic__20210225T033000+0100_Short-term_Makokou__00409s__conf0.994.wav,20210225T033000,409
Cernic__20210225T033000+0100_Short-term_Makokou__00410s__conf0.906.wav,20210225T033000,410
Cernic__20210225T033000+0100_Short-term_Makokou__00411s__conf0.717.wav,20210225T033000,411
Cernic__20210225T033000+0100_Short-term_Makokou__00412s__conf0.995.wav,20210225T033000,412
Cernic__20210225T033000+0100_Short-term_Makokou__00413s__conf0.821.wav,20210225T033000,413
Cernic__20210225T033000+0100_Short-term_Makokou__00414s__conf0.547.wav,20210225T033000,414
Cernic__20210225T033000+0100_Short-term_Makokou__00416s__conf0.986.wav,20210225T033000,416
Cernic__20210225T033000+0100_Short-term_Makokou__00419s__conf0.999.wav,20210225T033000,419
Cernic__20210225T033000+0100_Short-term_Makokou__00420s__conf0.987.wav,20210225T033000,420
Cernic__20210225T033000+0100_Short-term_Makokou__00421s__conf0.541.wav,20210225T033000,421
Cernic__20210225T033000+0100_Short-term_Makokou__00422s__conf0.777.wav,20210225T033000,422
Cernic__20210225T033000+0100_Short-term_Makokou__00424s__conf0.667.wav,20210225T033000,424
Cernic__20210225T033000+0100_Short-term_Makokou__00425s__conf0.861.wav,20210225T033000,425
Cernic__20210225T033000+0100_Short-term_Makokou__00426s__conf0.982.wav,20210225T033000,426
Cernic__20210225T033000+0100_Short-term_Makokou__00428s__conf1.000.wav,20210225T033000,428
Cernic__20210225T033000+0100_Short-term_Makokou__00429s__conf0.990.wav,20210225T033000,429
Cernic__20210225T033000+0100_Short-term_Makokou__00430s__conf0.997.wav,20210225T033000,430
Cernic__20210225T033000+0100_Short-term_Makokou__00431s__conf0.976.wav,20210225T033000,431
Cernic__20210225T033000+0100_Short-term_Makokou__00432s__conf0.991.wav,20210225T033000,432
Cernic__20210225T033000+0100_Short-term_Makokou__00433s__conf0.924.wav,20210225T033000,433
Cernic__20210225T033000+0100_Short-term_Makokou__00439s__conf0.990.wav,20210225T033000,439
Cernic__20210225T033000+0100_Short-term_Makokou__00443s__conf0.997.wav,20210225T033000,443
Cernic__20210225T033000+0100_Short-term_Makokou__00444s__conf0.989.wav,20210225T033000,444
Cernic__20210225T033000+0100_Short-term_Makokou__00445s__conf0.842.wav,20210225T033000,445
Cernic__20210225T033000+0100_Short-term_Makokou__00450s__conf0.845.wav,20210225T033000,450
Cernic__20210225T033000+0100_Short-term_Makokou__00456s__conf0.995.wav,20210225T033000,456
Cernic__20210225T033000+0100_Short-term_Makokou__00457s__conf0.986.wav,20210225T033000,457
Cernic__20210225T033000+0100_Short-term_Makokou__00465s__conf0.843.wav,20210225T033000,465
Cernic__20210225T033000+0100_Short-term_Makokou__00476s__conf0.910.wav,20210225T033000,476
Cernic__20210225T033000+0100_Short-term_Makokou__00477s__conf0.999.wav,20210225T033000,477
Cernic__20210225T033000+0100_Short-term_Makokou__00481s__conf0.840.wav,20210225T033000,481
Cernic__20210225T033000+0100_Short-term_Makokou__00485s__conf0.965.wav,20210225T033000,485
Cernic__20210225T033000+0100_Short-term_Makokou__00486s__conf0.970.wav,20210225T033000,486
Cernic__20210225T033000+0100_Short-term_Makokou__00487s__conf1.000.wav,20210225T033000,487
Cernic__20210225T033000+0100_Short-term_Makokou__00488s__conf0.988.wav,20210225T033000,488
Cernic__20210225T033000+0100_Short-term_Makokou__00489s__conf0.889.wav,20210225T033000,489
Cernic__20210225T033000+0100_Short-term_Makokou__00496s__conf0.969.wav,20210225T033000,496
Cernic__20210225T033000+0100_Short-term_Makokou__00497s__conf0.995.wav,20210225T033000,497
Cernic__20210225T033000+0100_Short-term_Makokou__00498s__conf0.847.wav,20210225T033000,498
Cernic__20210225T033000+0100_Short-term_Makokou__00499s__conf0.975.wav,20210225T033000,499
Cernic__20210225T033000+0100_Short-term_Makokou__00500s__conf0.976.wav,20210225T033000,500
Cernic__20210225T033000+0100_Short-term_Makokou__00512s__conf0.588.wav,20210225T033000,512
Cernic__20210225T033000+0100_Short-term_Makokou__00515s__conf0.974.wav,20210225T033000,515
Cernic__20210225T033000+0100_Short-term_Makokou__00516s__conf0.521.wav,20210225T033000,516
Cernic__20210225T033000+0100_Short-term_Makokou__00526s__conf0.704.wav,20210225T033000,526
Cernic__20210225T033000+0100_Short-term_Makokou__00530s__conf0.937.wav,20210225T033000,530
Cernic__20210225T033000+0100_Short-term_Makokou__00531s__conf0.749.wav,20210225T033000,531
Cernic__20210225T033000+0100_Short-term_Makokou__00536s__conf0.995.wav,20210225T033000,536
Cernic__20210225T033000+0100_Short-term_Makokou__00537s__conf0.989.wav,20210225T033000,537
Cernic__20210225T033000+0100_Short-term_Makokou__00538s__conf0.639.wav,20210225T033000,538
Cernic__20210225T033000+0100_Short-term_Makokou__00539s__conf0.992.wav,20210225T033000,539
Cernic__20210225T033000+0100_Short-term_Makokou__00545s__conf0.968.wav,20210225T033000,545
Cernic__20210225T033000+0100_Short-term_Makokou__00546s__conf0.993.wav,20210225T033000,546
Cernic__20210225T033000+0100_Short-term_Makokou__00547s__conf0.999.wav,20210225T033000,547
Cernic__20210225T033000+0100_Short-term_Makokou__00555s__conf0.982.wav,20210225T033000,555
Cernic__20210225T033000+0100_Short-term_Makokou__00561s__conf0.936.wav,20210225T033000,561
Cernic__20210225T033000+0100_Short-term_Makokou__00562s__conf0.962.wav,20210225T033000,562
Cernic__20210225T033000+0100_Short-term_Makokou__00566s__conf0.850.wav,20210225T033000,566
Cernic__20210225T033000+0100_Short-term_Makokou__00569s__conf0.595.wav,20210225T033000,569
Cernic__20210225T033000+0100_Short-term_Makokou__00571s__conf0.870.wav,20210225T033000,571
Cernic__20210225T033000+0100_Short-term_Makokou__00573s__conf0.751.wav,20210225T033000,573
Cernic__20210225T033000+0100_Short-term_Makokou__00574s__conf0.984.wav,20210225T033000,574
Cernic__20210225T033000+0100_Short-term_Makokou__00580s__conf0.957.wav,20210225T033000,580
Cernic__20210225T033000+0100_Short-term_Makokou__00581s__conf0.996.wav,20210225T033000,581
Cernic__20210225T033000+0100_Short-term_Makokou__00582s__conf0.999.wav,20210225T033000,582
Cernic__20210225T033000+0100_Short-term_Makokou__00583s__conf0.996.wav,20210225T033000,583
Cernic__20210225T033000+0100_Short-term_Makokou__00587s__conf0.980.wav,20210225T033000,587
Cernic__20210225T033000+0100_Short-term_Makokou__00591s__conf0.996.wav,20210225T033000,591
Cernic__20210225T033000+0100_Short-term_Makokou__00592s__conf0.928.wav,20210225T033000,592
Cernic__20210225T033000+0100_Short-term_Makokou__00593s__conf0.874.wav,20210225T033000,593
Cernic__20210225T033000+0100_Short-term_Makokou__00601s__conf0.999.wav,20210225T033000,601
Cernic__20210225T033000+0100_Short-term_Makokou__00602s__conf0.983.wav,20210225T033000,602
Cernic__20210225T033000+0100_Short-term_Makokou__00604s__conf0.997.wav,20210225T033000,604
Cernic__20210225T033000+0100_Short-term_Makokou__00605s__conf0.916.wav,20210225T033000,605
Cernic__20210225T033000+0100_Short-term_Makokou__00606s__conf0.647.wav,20210225T033000,606
Cernic__20210225T033000+0100_Short-term_Makokou__00608s__conf0.960.wav,20210225T033000,608
Cernic__20210225T033000+0100_Short-term_Makokou__00611s__conf0.794.wav,20210225T033000,611
Cernic__20210225T033000+0100_Short-term_Makokou__00613s__conf0.989.wav,20210225T033000,613
Cernic__20210225T033000+0100_Short-term_Makokou__00615s__conf0.996.wav,20210225T033000,615
Cernic__20210225T033000+0100_Short-term_Makokou__00616s__conf1.000.wav,20210225T033000,616
Cernic__20210225T033000+0100_Short-term_Makokou__00617s__conf0.999.wav,20210225T033000,617
Cernic__20210225T033000+0100_Short-term_Makokou__00619s__conf0.997.wav,20210225T033000,619
Cernic__20210225T033000+0100_Short-term_Makokou__00621s__conf0.996.wav,20210225T033000,621
Cernic__20210225T033000+0100_Short-term_Makokou__00622s__conf0.997.wav,20210225T033000,622
Cernic__20210225T033000+0100_Short-term_Makokou__00632s__conf0.992.wav,20210225T033000,632
Cernic__20210225T033000+0100_Short-term_Makokou__00636s__conf0.501.wav,20210225T033000,636
Cernic__20210225T033000+0100_Short-term_Makokou__00637s__conf0.673.wav,20210225T033000,637
Cernic__20210225T033000+0100_Short-term_Makokou__00638s__conf0.989.wav,20210225T033000,638
Cernic__20210225T033000+0100_Short-term_Makokou__00639s__conf0.968.wav,20210225T033000,639
Cernic__20210225T033000+0100_Short-term_Makokou__00644s__conf0.655.wav,20210225T033000,644
Cernic__20210225T033000+0100_Short-term_Makokou__00646s__conf0.821.wav,20210225T033000,646
Cernic__20210225T033000+0100_Short-term_Makokou__00648s__conf0.997.wav,20210225T033000,648
Cernic__20210225T033000+0100_Short-term_Makokou__00650s__conf0.994.wav,20210225T033000,650
Cernic__20210225T033000+0100_Short-term_Makokou__00654s__conf0.719.wav,20210225T033000,654
Cernic__20210225T033000+0100_Short-term_Makokou__00657s__conf0.698.wav,20210225T033000,657
Cernic__20210225T033000+0100_Short-term_Makokou__00658s__conf0.944.wav,20210225T033000,658
Cernic__20210225T033000+0100_Short-term_Makokou__00659s__conf0.913.wav,20210225T033000,659
Cernic__20210225T033000+0100_Short-term_Makokou__00660s__conf0.998.wav,20210225T033000,660
Cernic__20210225T033000+0100_Short-term_Makokou__00661s__conf0.989.wav,20210225T033000,661
Cernic__20210225T033000+0100_Short-term_Makokou__00662s__conf0.986.wav,20210225T033000,662
Cernic__20210225T033000+0100_Short-term_Makokou__00663s__conf0.999.wav,20210225T033000,663
Cernic__20210225T033000+0100_Short-term_Makokou__00664s__conf1.000.wav,20210225T033000,664
Cernic__20210225T033000+0100_Short-term_Makokou__00665s__conf1.000.wav,20210225T033000,665
Cernic__20210225T033000+0100_Short-term_Makokou__00666s__conf0.956.wav,20210225T033000,666
Cernic__20210225T033000+0100_Short-term_Makokou__00667s__conf0.863.wav,20210225T033000,667
Cernic__20210225T033000+0100_Short-term_Makokou__00668s__conf0.977.wav,20210225T033000,668
Cernic__20210225T033000+0100_Short-term_Makokou__00669s__conf0.998.wav,20210225T033000,669
Cernic__20210225T033000+0100_Short-term_Makokou__00671s__conf0.935.wav,20210225T033000,671
Cernic__20210225T033000+0100_Short-term_Makokou__00672s__conf0.961.wav,20210225T033000,672
Cernic__20210225T033000+0100_Short-term_Makokou__00673s__conf0.995.wav,20210225T033000,673
Cernic__20210225T033000+0100_Short-term_Makokou__00674s__conf0.997.wav,20210225T033000,674
Cernic__20210225T033000+0100_Short-term_Makokou__00675s__conf0.990.wav,20210225T033000,675
Cernic__20210225T033000+0100_Short-term_Makokou__00676s__conf0.797.wav,20210225T033000,676
Cernic__20210225T033000+0100_Short-term_Makokou__00677s__conf0.784.wav,20210225T033000,677
Cernic__20210225T033000+0100_Short-term_Makokou__00678s__conf0.839.wav,20210225T033000,678
Cernic__20210225T033000+0100_Short-term_Makokou__00680s__conf0.694.wav,20210225T033000,680
Cernic__20210225T033000+0100_Short-term_Makokou__00682s__conf0.983.wav,20210225T033000,682
Cernic__20210225T033000+0100_Short-term_Makokou__00683s__conf0.984.wav,20210225T033000,683
Cernic__20210225T033000+0100_Short-term_Makokou__00684s__conf0.971.wav,20210225T033000,684
Cernic__20210225T033000+0100_Short-term_Makokou__00686s__conf0.988.wav,20210225T033000,686
Cernic__20210225T033000+0100_Short-term_Makokou__00687s__conf0.981.wav,20210225T033000,687
Cernic__20210225T033000+0100_Short-term_Makokou__00689s__conf0.528.wav,20210225T033000,689
Cernic__20210225T033000+0100_Short-term_Makokou__00690s__conf0.824.wav,20210225T033000,690
Cernic__20210225T033000+0100_Short-term_Makokou__00700s__conf0.914.wav,20210225T033000,700
Cernic__20210225T033000+0100_Short-term_Makokou__00701s__conf0.615.wav,20210225T033000,701
Cernic__20210225T033000+0100_Short-term_Makokou__00703s__conf0.596.wav,20210225T033000,703
Cernic__20210225T033000+0100_Short-term_Makokou__00705s__conf0.817.wav,20210225T033000,705
Cernic__20210225T033000+0100_Short-term_Makokou__00707s__conf0.535.wav,20210225T033000,707
Cernic__20210225T033000+0100_Short-term_Makokou__00708s__conf0.594.wav,20210225T033000,708
Cernic__20210225T033000+0100_Short-term_Makokou__00711s__conf0.977.wav,20210225T033000,711
Cernic__20210225T033000+0100_Short-term_Makokou__00712s__conf0.960.wav,20210225T033000,712
Cernic__20210225T033000+0100_Short-term_Makokou__00713s__conf0.898.wav,20210225T033000,713
Cernic__20210225T033000+0100_Short-term_Makokou__00714s__conf0.981.wav,20210225T033000,714
Cernic__20210225T033000+0100_Short-term_Makokou__00717s__conf0.832.wav,20210225T033000,717
Cernic__20210225T033000+0100_Short-term_Makokou__00718s__conf0.547.wav,20210225T033000,718
Cernic__20210225T033000+0100_Short-term_Makokou__00719s__conf0.559.wav,20210225T033000,719
Cernic__20210225T033000+0100_Short-term_Makokou__00720s__conf0.906.wav,20210225T033000,720
Cernic__20210225T033000+0100_Short-term_Makokou__00724s__conf0.735.wav,20210225T033000,724
Cernic__20210225T033000+0100_Short-term_Makokou__00726s__conf0.996.wav,20210225T033000,726
Cernic__20210225T033000+0100_Short-term_Makokou__00727s__conf0.782.wav,20210225T033000,727
Cernic__20210225T033000+0100_Short-term_Makokou__00732s__conf0.791.wav,20210225T033000,732
Cernic__20210225T033000+0100_Short-term_Makokou__00733s__conf0.988.wav,20210225T033000,733
Cernic__20210225T033000+0100_Short-term_Makokou__00747s__conf0.998.wav,20210225T033000,747
Cernic__20210225T033000+0100_Short-term_Makokou__00748s__conf1.000.wav,20210225T033000,748
Cernic__20210225T033000+0100_Short-term_Makokou__00749s__conf0.994.wav,20210225T033000,749
Cernic__20210225T033000+0100_Short-term_Makokou__00750s__conf0.942.wav,20210225T033000,750
Cernic__20210225T033000+0100_Short-term_Makokou__00751s__conf0.998.wav,20210225T033000,751
Cernic__20210225T033000+0100_Short-term_Makokou__00752s__conf0.971.wav,20210225T033000,752
Cernic__20210225T033000+0100_Short-term_Makokou__00754s__conf1.000.wav,20210225T033000,754
Cernic__20210225T033000+0100_Short-term_Makokou__00755s__conf0.998.wav,20210225T033000,755
Cernic__20210225T033000+0100_Short-term_Makokou__00757s__conf0.836.wav,20210225T033000,757
Cernic__20210225T033000+0100_Short-term_Makokou__00760s__conf0.509.wav,20210225T033000,760
Cernic__20210225T033000+0100_Short-term_Makokou__00761s__conf0.999.wav,20210225T033000,761
Cernic__20210225T033000+0100_Short-term_Makokou__00762s__conf0.968.wav,20210225T033000,762
Cernic__20210225T033000+0100_Short-term_Makokou__00765s__conf0.856.wav,20210225T033000,765
Cernic__20210225T033000+0100_Short-term_Makokou__00766s__conf0.741.wav,20210225T033000,766
Cernic__20210225T033000+0100_Short-term_Makokou__00767s__conf0.995.wav,20210225T033000,767
Cernic__20210225T033000+0100_Short-term_Makokou__00768s__conf0.993.wav,20210225T033000,768
Cernic__20210225T033000+0100_Short-term_Makokou__00769s__conf0.732.wav,20210225T033000,769
Cernic__20210225T033000+0100_Short-term_Makokou__00770s__conf0.974.wav,20210225T033000,770
Cernic__20210225T033000+0100_Short-term_Makokou__00772s__conf0.712.wav,20210225T033000,772
Cernic__20210225T033000+0100_Short-term_Makokou__00773s__conf0.967.wav,20210225T033000,773
Cernic__20210225T033000+0100_Short-term_Makokou__00774s__conf0.961.wav,20210225T033000,774
Cernic__20210225T033000+0100_Short-term_Makokou__00775s__conf0.747.wav,20210225T033000,775
Cernic__20210225T033000+0100_Short-term_Makokou__00776s__conf0.899.wav,20210225T033000,776
Cernic__20210225T033000+0100_Short-term_Makokou__00779s__conf0.748.wav,20210225T033000,779
Cernic__20210225T033000+0100_Short-term_Makokou__00780s__conf0.999.wav,20210225T033000,780
Cernic__20210225T033000+0100_Short-term_Makokou__00781s__conf0.939.wav,20210225T033000,781
Cernic__20210225T033000+0100_Short-term_Makokou__00783s__conf0.728.wav,20210225T033000,783
Cernic__20210225T033000+0100_Short-term_Makokou__00784s__conf0.913.wav,20210225T033000,784
Cernic__20210225T033000+0100_Short-term_Makokou__00785s__conf1.000.wav,20210225T033000,785
Cernic__20210225T033000+0100_Short-term_Makokou__00786s__conf0.979.wav,20210225T033000,786
Cernic__20210225T033000+0100_Short-term_Makokou__00804s__conf0.580.wav,20210225T033000,804
Cernic__20210225T033000+0100_Short-term_Makokou__00805s__conf0.793.wav,20210225T033000,805
Cernic__20210225T033000+0100_Short-term_Makokou__00811s__conf0.541.wav,20210225T033000,811
Cernic__20210225T033000+0100_Short-term_Makokou__00817s__conf0.903.wav,20210225T033000,817
Cernic__20210225T033000+0100_Short-term_Makokou__00818s__conf0.995.wav,20210225T033000,818
Cernic__20210225T033000+0100_Short-term_Makokou__00820s__conf0.999.wav,20210225T033000,820
Cernic__20210225T033000+0100_Short-term_Makokou__00824s__conf0.704.wav,20210225T033000,824
Cernic__20210225T033000+0100_Short-term_Makokou__00826s__conf0.941.wav,20210225T033000,826
Cernic__20210225T033000+0100_Short-term_Makokou__00827s__conf0.884.wav,20210225T033000,827
Cernic__20210225T033000+0100_Short-term_Makokou__00828s__conf0.961.wav,20210225T033000,828
Cernic__20210225T033000+0100_Short-term_Makokou__00829s__conf0.959.wav,20210225T033000,829
Cernic__20210225T033000+0100_Short-term_Makokou__00832s__conf0.972.wav,20210225T033000,832
Cernic__20210225T033000+0100_Short-term_Makokou__00833s__conf0.976.wav,20210225T033000,833
Cernic__20210225T033000+0100_Short-term_Makokou__00834s__conf0.984.wav,20210225T033000,834
Cernic__20210225T033000+0100_Short-term_Makokou__00835s__conf0.964.wav,20210225T033000,835
Cernic__20210225T033000+0100_Short-term_Makokou__00836s__conf0.999.wav,20210225T033000,836
Cernic__20210225T033000+0100_Short-term_Makokou__00837s__conf0.999.wav,20210225T033000,837
Cernic__20210225T033000+0100_Short-term_Makokou__00838s__conf0.999.wav,20210225T033000,838
Cernic__20210225T033000+0100_Short-term_Makokou__00839s__conf1.000.wav,20210225T033000,839
Cernic__20210225T033000+0100_Short-term_Makokou__00840s__conf0.995.wav,20210225T033000,840
Cernic__20210225T033000+0100_Short-term_Makokou__00841s__conf0.974.wav,20210225T033000,841
Cernic__20210225T033000+0100_Short-term_Makokou__00842s__conf0.995.wav,20210225T033000,842
Cernic__20210225T033000+0100_Short-term_Makokou__00843s__conf0.994.wav,20210225T033000,843
Cernic__20210225T033000+0100_Short-term_Makokou__00844s__conf0.815.wav,20210225T033000,844
Cernic__20210225T033000+0100_Short-term_Makokou__00845s__conf0.998.wav,20210225T033000,845
Cernic__20210225T033000+0100_Short-term_Makokou__00846s__conf0.997.wav,20210225T033000,846
Cernic__20210225T033000+0100_Short-term_Makokou__00847s__conf0.541.wav,20210225T033000,847
Cernic__20210225T033000+0100_Short-term_Makokou__00849s__conf0.812.wav,20210225T033000,849
Cernic__20210225T033000+0100_Short-term_Makokou__00850s__conf0.970.wav,20210225T033000,850
Cernic__20210225T033000+0100_Short-term_Makokou__00852s__conf0.826.wav,20210225T033000,852
Cernic__20210225T033000+0100_Short-term_Makokou__00853s__conf0.982.wav,20210225T033000,853
Cernic__20210225T033000+0100_Short-term_Makokou__00855s__conf0.945.wav,20210225T033000,855
Cernic__20210225T033000+0100_Short-term_Makokou__00856s__conf0.993.wav,20210225T033000,856
Cernic__20210225T033000+0100_Short-term_Makokou__00857s__conf0.721.wav,20210225T033000,857
Cernic__20210225T033000+0100_Short-term_Makokou__00858s__conf0.977.wav,20210225T033000,858
Cernic__20210225T033000+0100_Short-term_Makokou__00859s__conf0.776.wav,20210225T033000,859
Cernic__20210225T033000+0100_Short-term_Makokou__00860s__conf0.874.wav,20210225T033000,860
Cernic__20210225T033000+0100_Short-term_Makokou__00861s__conf0.859.wav,20210225T033000,861
Cernic__20210225T033000+0100_Short-term_Makokou__00863s__conf0.539.wav,20210225T033000,863
Cernic__20210225T033000+0100_Short-term_Makokou__00866s__conf0.604.wav,20210225T033000,866
Cernic__20210225T033000+0100_Short-term_Makokou__00867s__conf0.509.wav,20210225T033000,867
Cernic__20210225T033000+0100_Short-term_Makokou__00870s__conf0.948.wav,20210225T033000,870
Cernic__20210225T033000+0100_Short-term_Makokou__00871s__conf0.645.wav,20210225T033000,871
Cernic__20210225T033000+0100_Short-term_Makokou__00872s__conf0.992.wav,20210225T033000,872
Cernic__20210225T033000+0100_Short-term_Makokou__00876s__conf0.993.wav,20210225T033000,876
Cernic__20210225T033000+0100_Short-term_Makokou__00878s__conf0.769.wav,20210225T033000,878
Cernic__20210225T033000+0100_Short-term_Makokou__00879s__conf0.927.wav,20210225T033000,879
Cernic__20210225T033000+0100_Short-term_Makokou__00880s__conf0.954.wav,20210225T033000,880
Cernic__20210225T033000+0100_Short-term_Makokou__00884s__conf0.983.wav,20210225T033000,884
Cernic__20210225T033000+0100_Short-term_Makokou__00886s__conf0.802.wav,20210225T033000,886
Cernic__20210225T033000+0100_Short-term_Makokou__00887s__conf0.931.wav,20210225T033000,887
Cernic__20210225T033000+0100_Short-term_Makokou__00888s__conf0.880.wav,20210225T033000,888
Cernic__20210225T033000+0100_Short-term_Makokou__00889s__conf0.995.wav,20210225T033000,889
Cernic__20210225T033000+0100_Short-term_Makokou__00890s__conf0.993.wav,20210225T033000,890
Cernic__20210225T033000+0100_Short-term_Makokou__00891s__conf0.709.wav,20210225T033000,891
Cernic__20210225T033000+0100_Short-term_Makokou__00893s__conf0.998.wav,20210225T033000,893
Cernic__20210225T033000+0100_Short-term_Makokou__00894s__conf0.998.wav,20210225T033000,894
Cernic__20210225T033000+0100_Short-term_Makokou__00895s__conf0.998.wav,20210225T033000,895
Cernic__20210225T033000+0100_Short-term_Makokou__00896s__conf0.571.wav,20210225T033000,896
Cernic__20210225T033000+0100_Short-term_Makokou__01026s__conf0.591.wav,20210225T033000,1026
Cernic__20210225T033000+0100_Short-term_Makokou__01067s__conf0.982.wav,20210225T033000,1067
Cernic__20210225T033000+0100_Short-term_Makokou__01068s__conf0.935.wav,20210225T033000,1068
Cernic__20210225T033000+0100_Short-term_Makokou__01069s__conf0.771.wav,20210225T033000,1069
Cernic__20210225T033000+0100_Short-term_Makokou__01074s__conf0.995.wav,20210225T033000,1074
Cernic__20210225T033000+0100_Short-term_Makokou__01075s__conf0.907.wav,20210225T033000,1075
Cernic__20210225T033000+0100_Short-term_Makokou__01076s__conf0.975.wav,20210225T033000,1076
Cernic__20210225T033000+0100_Short-term_Makokou__01087s__conf0.908.wav,20210225T033000,1087
Cernic__20210225T033000+0100_Short-term_Makokou__01142s__conf0.772.wav,20210225T033000,1142
Cernic__20210225T033000+0100_Short-term_Makokou__01173s__conf0.614.wav,20210225T033000,1173
Cernic__20210225T033000+0100_Short-term_Makokou__01176s__conf0.905.wav,20210225T033000,1176
Cernic__20210225T033000+0100_Short-term_Makokou__01177s__conf0.996.wav,20210225T033000,1177
Cernic__20210225T033000+0100_Short-term_Makokou__01178s__conf0.867.wav,20210225T033000,1178
Cernic__20210225T033000+0100_Short-term_Makokou__01179s__conf0.619.wav,20210225T033000,1179
Cernic__20210225T033000+0100_Short-term_Makokou__01187s__conf0.760.wav,20210225T033000,1187
Cernic__20210225T033000+0100_Short-term_Makokou__01189s__conf0.916.wav,20210225T033000,1189
Cernic__20210225T033000+0100_Short-term_Makokou__01190s__conf0.758.wav,20210225T033000,1190
Cernic__20210225T033000+0100_Short-term_Makokou__01191s__conf0.966.wav,20210225T033000,1191
Cernic__20210225T033000+0100_Short-term_Makokou__01192s__conf0.642.wav,20210225T033000,1192
Cernic__20210225T033000+0100_Short-term_Makokou__01193s__conf0.779.wav,20210225T033000,1193
Cernic__20210225T033000+0100_Short-term_Makokou__01195s__conf0.839.wav,20210225T033000,1195
Cernic__20210225T033000+0100_Short-term_Makokou__01196s__conf0.999.wav,20210225T033000,1196
Cernic__20210225T033000+0100_Short-term_Makokou__01197s__conf0.886.wav,20210225T033000,1197
Cernic__20210225T033000+0100_Short-term_Makokou__01198s__conf0.969.wav,20210225T033000,1198
Cernic__20210225T033000+0100_Short-term_Makokou__01199s__conf0.989.wav,20210225T033000,1199
Cernic__20210225T033000+0100_Short-term_Makokou__01200s__conf0.999.wav,20210225T033000,1200
Cernic__20210225T033000+0100_Short-term_Makokou__01206s__conf0.775.wav,20210225T033000,1206
Cernic__20210225T033000+0100_Short-term_Makokou__01207s__conf0.571.wav,20210225T033000,1207
Cernic__20210225T033000+0100_Short-term_Makokou__01208s__conf0.997.wav,20210225T033000,1208
Cernic__20210225T033000+0100_Short-term_Makokou__01209s__conf1.000.wav,20210225T033000,1209
Cernic__20210225T033000+0100_Short-term_Makokou__01210s__conf1.000.wav,20210225T033000,1210
Cernic__20210225T033000+0100_Short-term_Makokou__01211s__conf0.998.wav,20210225T033000,1211
Cernic__20210225T033000+0100_Short-term_Makokou__01213s__conf1.000.wav,20210225T033000,1213
Cernic__20210225T033000+0100_Short-term_Makokou__01214s__conf1.000.wav,20210225T033000,1214
Cernic__20210225T033000+0100_Short-term_Makokou__01215s__conf0.998.wav,20210225T033000,1215
Cernic__20210225T033000+0100_Short-term_Makokou__01216s__conf0.986.wav,20210225T033000,1216
Cernic__20210225T033000+0100_Short-term_Makokou__01219s__conf0.996.wav,20210225T033000,1219
Cernic__20210225T033000+0100_Short-term_Makokou__01220s__conf0.999.wav,20210225T033000,1220
Cernic__20210225T033000+0100_Short-term_Makokou__01221s__conf0.929.wav,20210225T033000,1221
Cernic__20210225T033000+0100_Short-term_Makokou__01222s__conf0.973.wav,20210225T033000,1222
Cernic__20210225T033000+0100_Short-term_Makokou__01223s__conf0.909.wav,20210225T033000,1223
Cernic__20210225T033000+0100_Short-term_Makokou__01224s__conf0.999.wav,20210225T033000,1224
Cernic__20210225T033000+0100_Short-term_Makokou__01225s__conf0.999.wav,20210225T033000,1225
Cernic__20210225T033000+0100_Short-term_Makokou__01226s__conf0.733.wav,20210225T033000,1226
Cernic__20210225T033000+0100_Short-term_Makokou__01230s__conf0.984.wav,20210225T033000,1230
Cernic__20210225T033000+0100_Short-term_Makokou__01231s__conf0.962.wav,20210225T033000,1231
Cernic__20210225T033000+0100_Short-term_Makokou__01232s__conf0.998.wav,20210225T033000,1232
Cernic__20210225T033000+0100_Short-term_Makokou__01233s__conf0.997.wav,20210225T033000,1233
Cernic__20210225T033000+0100_Short-term_Makokou__01239s__conf0.984.wav,20210225T033000,1239
Cernic__20210225T033000+0100_Short-term_Makokou__01241s__conf0.942.wav,20210225T033000,1241
Cernic__20210225T033000+0100_Short-term_Makokou__01243s__conf0.845.wav,20210225T033000,1243
Cernic__20210225T033000+0100_Short-term_Makokou__01244s__conf0.633.wav,20210225T033000,1244
Cernic__20210225T033000+0100_Short-term_Makokou__01247s__conf0.645.wav,20210225T033000,1247
Cernic__20210225T033000+0100_Short-term_Makokou__01249s__conf0.993.wav,20210225T033000,1249
Cernic__20210225T033000+0100_Short-term_Makokou__01250s__conf0.995.wav,20210225T033000,1250
Cernic__20210225T033000+0100_Short-term_Makokou__01252s__conf0.991.wav,20210225T033000,1252
Cernic__20210225T033000+0100_Short-term_Makokou__01253s__conf0.669.wav,20210225T033000,1253
Cernic__20210225T033000+0100_Short-term_Makokou__01254s__conf0.957.wav,20210225T033000,1254
Cernic__20210225T033000+0100_Short-term_Makokou__01255s__conf0.932.wav,20210225T033000,1255
Cernic__20210225T033000+0100_Short-term_Makokou__01256s__conf0.978.wav,20210225T033000,1256
Cernic__20210225T033000+0100_Short-term_Makokou__01257s__conf0.991.wav,20210225T033000,1257
Cernic__20210225T033000+0100_Short-term_Makokou__01260s__conf0.897.wav,20210225T033000,1260
Cernic__20210225T033000+0100_Short-term_Makokou__01264s__conf0.992.wav,20210225T033000,1264
Cernic__20210225T033000+0100_Short-term_Makokou__01268s__conf0.670.wav,20210225T033000,1268
Cernic__20210225T033000+0100_Short-term_Makokou__01269s__conf0.937.wav,20210225T033000,1269
Cernic__20210225T033000+0100_Short-term_Makokou__01272s__conf0.951.wav,20210225T033000,1272
Cernic__20210225T033000+0100_Short-term_Makokou__01274s__conf0.897.wav,20210225T033000,1274
Cernic__20210225T033000+0100_Short-term_Makokou__01277s__conf0.595.wav,20210225T033000,1277
Cernic__20210225T033000+0100_Short-term_Makokou__01278s__conf0.911.wav,20210225T033000,1278
Cernic__20210225T033000+0100_Short-term_Makokou__01279s__conf0.604.wav,20210225T033000,1279
Cernic__20210225T033000+0100_Short-term_Makokou__01281s__conf0.956.wav,20210225T033000,1281
Cernic__20210225T033000+0100_Short-term_Makokou__01284s__conf0.996.wav,20210225T033000,1284
Cernic__20210225T033000+0100_Short-term_Makokou__01285s__conf0.997.wav,20210225T033000,1285
Cernic__20210225T033000+0100_Short-term_Makokou__01291s__conf0.573.wav,20210225T033000,1291
Cernic__20210225T033000+0100_Short-term_Makokou__01298s__conf0.646.wav,20210225T033000,1298
Cernic__20210225T033000+0100_Short-term_Makokou__01310s__conf0.936.wav,20210225T033000,1310
Cernic__20210225T033000+0100_Short-term_Makokou__01311s__conf0.970.wav,20210225T033000,1311
Cernic__20210225T033000+0100_Short-term_Makokou__01312s__conf0.999.wav,20210225T033000,1312
Cernic__20210225T033000+0100_Short-term_Makokou__01313s__conf0.986.wav,20210225T033000,1313
Cernic__20210225T033000+0100_Short-term_Makokou__01318s__conf0.996.wav,20210225T033000,1318
Cernic__20210225T033000+0100_Short-term_Makokou__01321s__conf0.595.wav,20210225T033000,1321
Cernic__20210225T033000+0100_Short-term_Makokou__01328s__conf0.921.wav,20210225T033000,1328
Cernic__20210225T033000+0100_Short-term_Makokou__01329s__conf0.603.wav,20210225T033000,1329
Cernic__20210225T033000+0100_Short-term_Makokou__01330s__conf0.999.wav,20210225T033000,1330
Cernic__20210225T033000+0100_Short-term_Makokou__01331s__conf0.961.wav,20210225T033000,1331
Cernic__20210225T033000+0100_Short-term_Makokou__01332s__conf0.661.wav,20210225T033000,1332
Cernic__20210225T033000+0100_Short-term_Makokou__01337s__conf0.997.wav,20210225T033000,1337
Cernic__20210225T033000+0100_Short-term_Makokou__01338s__conf0.999.wav,20210225T033000,1338
Cernic__20210225T033000+0100_Short-term_Makokou__01339s__conf0.612.wav,20210225T033000,1339
Cernic__20210225T033000+0100_Short-term_Makokou__01340s__conf0.898.wav,20210225T033000,1340
Cernic__20210225T033000+0100_Short-term_Makokou__01341s__conf0.958.wav,20210225T033000,1341
Cernic__20210225T033000+0100_Short-term_Makokou__01342s__conf0.971.wav,20210225T033000,1342
Cernic__20210225T033000+0100_Short-term_Makokou__01343s__conf0.897.wav,20210225T033000,1343
Cernic__20210225T033000+0100_Short-term_Makokou__01345s__conf0.579.wav,20210225T033000,1345
Cernic__20210225T033000+0100_Short-term_Makokou__01346s__conf0.959.wav,20210225T033000,1346
Cernic__20210225T033000+0100_Short-term_Makokou__01347s__conf0.656.wav,20210225T033000,1347
Cernic__20210225T033000+0100_Short-term_Makokou__01349s__conf0.959.wav,20210225T033000,1349
Cernic__20210225T033000+0100_Short-term_Makokou__01356s__conf0.844.wav,20210225T033000,1356
Cernic__20210225T033000+0100_Short-term_Makokou__01360s__conf0.981.wav,20210225T033000,1360
Cernic__20210225T033000+0100_Short-term_Makokou__01361s__conf0.999.wav,20210225T033000,1361
Cernic__20210225T033000+0100_Short-term_Makokou__01364s__conf0.862.wav,20210225T033000,1364
Cernic__20210225T033000+0100_Short-term_Makokou__01365s__conf0.992.wav,20210225T033000,1365
Cernic__20210225T033000+0100_Short-term_Makokou__01366s__conf0.991.wav,20210225T033000,1366
Cernic__20210225T033000+0100_Short-term_Makokou__01367s__conf0.999.wav,20210225T033000,1367
Cernic__20210225T033000+0100_Short-term_Makokou__01368s__conf0.942.wav,20210225T033000,1368
Cernic__20210225T033000+0100_Short-term_Makokou__01370s__conf0.681.wav,20210225T033000,1370
Cernic__20210225T033000+0100_Short-term_Makokou__01371s__conf0.924.wav,20210225T033000,1371
Cernic__20210225T033000+0100_Short-term_Makokou__01372s__conf0.988.wav,20210225T033000,1372
Cernic__20210225T033000+0100_Short-term_Makokou__01373s__conf0.983.wav,20210225T033000,1373
Cernic__20210225T033000+0100_Short-term_Makokou__01379s__conf0.604.wav,20210225T033000,1379
Cernic__20210225T033000+0100_Short-term_Makokou__01380s__conf0.998.wav,20210225T033000,1380
Cernic__20210225T033000+0100_Short-term_Makokou__01381s__conf0.962.wav,20210225T033000,1381
Cernic__20210225T033000+0100_Short-term_Makokou__01382s__conf0.691.wav,20210225T033000,1382
Cernic__20210225T033000+0100_Short-term_Makokou__01383s__conf0.656.wav,20210225T033000,1383
Cernic__20210225T033000+0100_Short-term_Makokou__01384s__conf0.884.wav,20210225T033000,1384
Cernic__20210225T033000+0100_Short-term_Makokou__01390s__conf0.993.wav,20210225T033000,1390
Cernic__20210225T033000+0100_Short-term_Makokou__01391s__conf1.000.wav,20210225T033000,1391
Cernic__20210225T033000+0100_Short-term_Makokou__01395s__conf0.963.wav,20210225T033000,1395
Cernic__20210225T033000+0100_Short-term_Makokou__01400s__conf0.811.wav,20210225T033000,1400
Cernic__20210225T033000+0100_Short-term_Makokou__01402s__conf0.999.wav,20210225T033000,1402
Cernic__20210225T033000+0100_Short-term_Makokou__01403s__conf0.963.wav,20210225T033000,1403
Cernic__20210225T033000+0100_Short-term_Makokou__01404s__conf1.000.wav,20210225T033000,1404
Cernic__20210225T033000+0100_Short-term_Makokou__01405s__conf0.999.wav,20210225T033000,1405
Cernic__20210225T033000+0100_Short-term_Makokou__01406s__conf0.999.wav,20210225T033000,1406
Cernic__20210225T033000+0100_Short-term_Makokou__01407s__conf0.999.wav,20210225T033000,1407
Cernic__20210225T033000+0100_Short-term_Makokou__01408s__conf0.988.wav,20210225T033000,1408
Cernic__20210225T033000+0100_Short-term_Makokou__01410s__conf0.849.wav,20210225T033000,1410
Cernic__20210225T033000+0100_Short-term_Makokou__01413s__conf0.970.wav,20210225T033000,1413
Cernic__20210225T033000+0100_Short-term_Makokou__01414s__conf0.719.wav,20210225T033000,1414
Cernic__20210225T033000+0100_Short-term_Makokou__01417s__conf0.998.wav,20210225T033000,1417
Cernic__20210225T033000+0100_Short-term_Makokou__01420s__conf0.943.wav,20210225T033000,1420
Cernic__20210225T033000+0100_Short-term_Makokou__01421s__conf0.940.wav,20210225T033000,1421
Cernic__20210225T033000+0100_Short-term_Makokou__01422s__conf0.995.wav,20210225T033000,1422
Cernic__20210225T033000+0100_Short-term_Makokou__01423s__conf0.995.wav,20210225T033000,1423
Cernic__20210225T033000+0100_Short-term_Makokou__01424s__conf1.000.wav,20210225T033000,1424
Cernic__20210225T033000+0100_Short-term_Makokou__01425s__conf0.955.wav,20210225T033000,1425
Cernic__20210225T033000+0100_Short-term_Makokou__01426s__conf0.997.wav,20210225T033000,1426
Cernic__20210225T033000+0100_Short-term_Makokou__01427s__conf0.990.wav,20210225T033000,1427
Cernic__20210225T033000+0100_Short-term_Makokou__01428s__conf0.985.wav,20210225T033000,1428
Cernic__20210225T033000+0100_Short-term_Makokou__01434s__conf0.922.wav,20210225T033000,1434
Cernic__20210225T033000+0100_Short-term_Makokou__01435s__conf0.844.wav,20210225T033000,1435
Cernic__20210225T033000+0100_Short-term_Makokou__01438s__conf0.998.wav,20210225T033000,1438
Cernic__20210225T033000+0100_Short-term_Makokou__01439s__conf0.975.wav,20210225T033000,1439
Cernic__20210225T033000+0100_Short-term_Makokou__01440s__conf0.996.wav,20210225T033000,1440
Cernic__20210225T033000+0100_Short-term_Makokou__01441s__conf0.956.wav,20210225T033000,1441
Cernic__20210225T033000+0100_Short-term_Makokou__01442s__conf0.997.wav,20210225T033000,1442
Cernic__20210225T033000+0100_Short-term_Makokou__01443s__conf0.950.wav,20210225T033000,1443
Cernic__20210225T033000+0100_Short-term_Makokou__01445s__conf0.975.wav,20210225T033000,1445
Cernic__20210225T033000+0100_Short-term_Makokou__01446s__conf0.998.wav,20210225T033000,1446
Cernic__20210225T033000+0100_Short-term_Makokou__01447s__conf0.991.wav,20210225T033000,1447
Cernic__20210225T033000+0100_Short-term_Makokou__01448s__conf0.951.wav,20210225T033000,1448
Cernic__20210225T033000+0100_Short-term_Makokou__01449s__conf0.948.wav,20210225T033000,1449
Cernic__20210225T033000+0100_Short-term_Makokou__01450s__conf0.954.wav,20210225T033000,1450
Cernic__20210225T033000+0100_Short-term_Makokou__01454s__conf0.995.wav,20210225T033000,1454
Cernic__20210225T033000+0100_Short-term_Makokou__01458s__conf0.731.wav,20210225T033000,1458
Cernic__20210225T033000+0100_Short-term_Makokou__01461s__conf0.712.wav,20210225T033000,1461
Cernic__20210225T033000+0100_Short-term_Makokou__01471s__conf0.982.wav,20210225T033000,1471
Cernic__20210225T033000+0100_Short-term_Makokou__01472s__conf0.806.wav,20210225T033000,1472
Cernic__20210225T033000+0100_Short-term_Makokou__01474s__conf0.775.wav,20210225T033000,1474
Cernic__20210225T033000+0100_Short-term_Makokou__01475s__conf0.937.wav,20210225T033000,1475
Cernic__20210225T033000+0100_Short-term_Makokou__01480s__conf0.741.wav,20210225T033000,1480
Cernic__20210225T033000+0100_Short-term_Makokou__01481s__conf0.619.wav,20210225T033000,1481
Cernic__20210225T033000+0100_Short-term_Makokou__01482s__conf0.530.wav,20210225T033000,1482
Cernic__20210225T033000+0100_Short-term_Makokou__01483s__conf0.696.wav,20210225T033000,1483
Cernic__20210225T033000+0100_Short-term_Makokou__01485s__conf0.859.wav,20210225T033000,1485
Cernic__20210225T033000+0100_Short-term_Makokou__01486s__conf0.855.wav,20210225T033000,1486
Cernic__20210225T033000+0100_Short-term_Makokou__01487s__conf0.684.wav,20210225T033000,1487
Cernic__20210225T033000+0100_Short-term_Makokou__01490s__conf0.521.wav,20210225T033000,1490
Cernic__20210225T033000+0100_Short-term_Makokou__01491s__conf0.719.wav,20210225T033000,1491
Cernic__20210225T033000+0100_Short-term_Makokou__01495s__conf0.638.wav,20210225T033000,1495
Cernic__20210225T033000+0100_Short-term_Makokou__01496s__conf0.999.wav,20210225T033000,1496
Cernic__20210225T033000+0100_Short-term_Makokou__01497s__conf0.685.wav,20210225T033000,1497
Cernic__20210225T033000+0100_Short-term_Makokou__01498s__conf0.962.wav,20210225T033000,1498
Cernic__20210225T033000+0100_Short-term_Makokou__01499s__conf0.998.wav,20210225T033000,1499
Cernic__20210225T033000+0100_Short-term_Makokou__01501s__conf0.865.wav,20210225T033000,1501
Cernic__20210225T033000+0100_Short-term_Makokou__01506s__conf0.988.wav,20210225T033000,1506
Cernic__20210225T033000+0100_Short-term_Makokou__01508s__conf0.903.wav,20210225T033000,1508
Cernic__20210225T033000+0100_Short-term_Makokou__01509s__conf0.837.wav,20210225T033000,1509
Cernic__20210225T033000+0100_Short-term_Makokou__01515s__conf0.971.wav,20210225T033000,1515
Cernic__20210225T033000+0100_Short-term_Makokou__01518s__conf0.613.wav,20210225T033000,1518
Cernic__20210225T033000+0100_Short-term_Makokou__01520s__conf0.820.wav,20210225T033000,1520
Cernic__20210225T033000+0100_Short-term_Makokou__01521s__conf0.905.wav,20210225T033000,1521
Cernic__20210225T033000+0100_Short-term_Makokou__01528s__conf0.869.wav,20210225T033000,1528
Cernic__20210225T033000+0100_Short-term_Makokou__01529s__conf0.879.wav,20210225T033000,1529
Cernic__20210225T033000+0100_Short-term_Makokou__01530s__conf0.872.wav,20210225T033000,1530
Cernic__20210225T033000+0100_Short-term_Makokou__01533s__conf0.902.wav,20210225T033000,1533
Cernic__20210225T033000+0100_Short-term_Makokou__01535s__conf0.950.wav,20210225T033000,1535
Cernic__20210225T033000+0100_Short-term_Makokou__01537s__conf0.780.wav,20210225T033000,1537
Cernic__20210225T033000+0100_Short-term_Makokou__01539s__conf0.996.wav,20210225T033000,1539
Cernic__20210225T033000+0100_Short-term_Makokou__01540s__conf0.973.wav,20210225T033000,1540
Cernic__20210225T033000+0100_Short-term_Makokou__01543s__conf0.947.wav,20210225T033000,1543
Cernic__20210225T033000+0100_Short-term_Makokou__01544s__conf0.981.wav,20210225T033000,1544
Cernic__20210225T033000+0100_Short-term_Makokou__01547s__conf0.962.wav,20210225T033000,1547
Cernic__20210225T033000+0100_Short-term_Makokou__01548s__conf0.921.wav,20210225T033000,1548
Cernic__20210225T033000+0100_Short-term_Makokou__01554s__conf0.789.wav,20210225T033000,1554
Cernic__20210225T033000+0100_Short-term_Makokou__01556s__conf0.999.wav,20210225T033000,1556
Cernic__20210225T033000+0100_Short-term_Makokou__01561s__conf0.501.wav,20210225T033000,1561
Cernic__20210225T033000+0100_Short-term_Makokou__01562s__conf0.962.wav,20210225T033000,1562
Cernic__20210225T033000+0100_Short-term_Makokou__01565s__conf0.670.wav,20210225T033000,1565
Cernic__20210225T033000+0100_Short-term_Makokou__01569s__conf0.614.wav,20210225T033000,1569
Cernic__20210225T033000+0100_Short-term_Makokou__01571s__conf0.837.wav,20210225T033000,1571
Cernic__20210225T033000+0100_Short-term_Makokou__01579s__conf0.999.wav,20210225T033000,1579
Cernic__20210225T033000+0100_Short-term_Makokou__01580s__conf0.996.wav,20210225T033000,1580
Cernic__20210225T033000+0100_Short-term_Makokou__01584s__conf0.918.wav,20210225T033000,1584
Cernic__20210225T033000+0100_Short-term_Makokou__01587s__conf0.969.wav,20210225T033000,1587
Cernic__20210225T033000+0100_Short-term_Makokou__01589s__conf0.730.wav,20210225T033000,1589
Cernic__20210225T033000+0100_Short-term_Makokou__01590s__conf0.966.wav,20210225T033000,1590
Cernic__20210225T033000+0100_Short-term_Makokou__01591s__conf0.956.wav,20210225T033000,1591
Cernic__20210225T033000+0100_Short-term_Makokou__01599s__conf0.913.wav,20210225T033000,1599
Cernic__20210225T033000+0100_Short-term_Makokou__01601s__conf0.873.wav,20210225T033000,1601
Cernic__20210225T033000+0100_Short-term_Makokou__01602s__conf0.999.wav,20210225T033000,1602
Cernic__20210225T033000+0100_Short-term_Makokou__01603s__conf0.645.wav,20210225T033000,1603
Cernic__20210225T033000+0100_Short-term_Makokou__01604s__conf0.856.wav,20210225T033000,1604
Cernic__20210225T033000+0100_Short-term_Makokou__01605s__conf0.982.wav,20210225T033000,1605
Cernic__20210225T033000+0100_Short-term_Makokou__01612s__conf0.944.wav,20210225T033000,1612
Cernic__20210225T033000+0100_Short-term_Makokou__01613s__conf0.948.wav,20210225T033000,1613
Cernic__20210225T033000+0100_Short-term_Makokou__01614s__conf0.616.wav,20210225T033000,1614
Cernic__20210225T033000+0100_Short-term_Makokou__01615s__conf0.941.wav,20210225T033000,1615
Cernic__20210225T033000+0100_Short-term_Makokou__01618s__conf0.943.wav,20210225T033000,1618
Cernic__20210225T033000+0100_Short-term_Makokou__01619s__conf0.998.wav,20210225T033000,1619
Cernic__20210225T033000+0100_Short-term_Makokou__01624s__conf0.971.wav,20210225T033000,1624
Cernic__20210225T033000+0100_Short-term_Makokou__01625s__conf0.567.wav,20210225T033000,1625
Cernic__20210225T033000+0100_Short-term_Makokou__01626s__conf0.688.wav,20210225T033000,1626
Cernic__20210225T033000+0100_Short-term_Makokou__01630s__conf0.983.wav,20210225T033000,1630
Cernic__20210225T033000+0100_Short-term_Makokou__01633s__conf0.996.wav,20210225T033000,1633
Cernic__20210225T033000+0100_Short-term_Makokou__01634s__conf0.989.wav,20210225T033000,1634
Cernic__20210225T033000+0100_Short-term_Makokou__01635s__conf0.953.wav,20210225T033000,1635
Cernic__20210225T033000+0100_Short-term_Makokou__01636s__conf0.999.wav,20210225T033000,1636
Cernic__20210225T033000+0100_Short-term_Makokou__01637s__conf0.966.wav,20210225T033000,1637
Cernic__20210225T033000+0100_Short-term_Makokou__01642s__conf0.804.wav,20210225T033000,1642
Cernic__20210225T033000+0100_Short-term_Makokou__01645s__conf0.979.wav,20210225T033000,1645
Cernic__20210225T033000+0100_Short-term_Makokou__01646s__conf0.877.wav,20210225T033000,1646
Cernic__20210225T033000+0100_Short-term_Makokou__01649s__conf0.562.wav,20210225T033000,1649
Cernic__20210225T033000+0100_Short-term_Makokou__01650s__conf0.861.wav,20210225T033000,1650
Cernic__20210225T033000+0100_Short-term_Makokou__01651s__conf0.944.wav,20210225T033000,1651
Cernic__20210225T033000+0100_Short-term_Makokou__01652s__conf0.969.wav,20210225T033000,1652
Cernic__20210225T033000+0100_Short-term_Makokou__01694s__conf0.829.wav,20210225T033000,1694
Cernic__20210225T033000+0100_Short-term_Makokou__01700s__conf0.998.wav,20210225T033000,1700
Cernic__20210225T033000+0100_Short-term_Makokou__01701s__conf1.000.wav,20210225T033000,1701
Cernic__20210225T033000+0100_Short-term_Makokou__01702s__conf0.987.wav,20210225T033000,1702
Cernic__20210225T033000+0100_Short-term_Makokou__01705s__conf0.927.wav,20210225T033000,1705
Cernic__20210225T033000+0100_Short-term_Makokou__01709s__conf0.967.wav,20210225T033000,1709
Cernic__20210225T033000+0100_Short-term_Makokou__01712s__conf0.829.wav,20210225T033000,1712
Cernic__20210225T033000+0100_Short-term_Makokou__01716s__conf0.998.wav,20210225T033000,1716
Cernic__20210225T033000+0100_Short-term_Makokou__01717s__conf0.997.wav,20210225T033000,1717
Cernic__20210225T033000+0100_Short-term_Makokou__01719s__conf0.965.wav,20210225T033000,1719
Cernic__20210225T033000+0100_Short-term_Makokou__01720s__conf0.826.wav,20210225T033000,1720
Cernic__20210225T033000+0100_Short-term_Makokou__01722s__conf0.916.wav,20210225T033000,1722
Cernic__20210225T033000+0100_Short-term_Makokou__01723s__conf0.801.wav,20210225T033000,1723
Cernic__20210225T033000+0100_Short-term_Makokou__01724s__conf1.000.wav,20210225T033000,1724
Cernic__20210225T033000+0100_Short-term_Makokou__01725s__conf1.000.wav,20210225T033000,1725
Cernic__20210225T033000+0100_Short-term_Makokou__01729s__conf0.796.wav,20210225T033000,1729
Cernic__20210225T033000+0100_Short-term_Makokou__01730s__conf0.998.wav,20210225T033000,1730
Cernic__20210225T033000+0100_Short-term_Makokou__01731s__conf0.999.wav,20210225T033000,1731
Cernic__20210225T033000+0100_Short-term_Makokou__01735s__conf0.993.wav,20210225T033000,1735
Cernic__20210225T033000+0100_Short-term_Makokou__01736s__conf0.826.wav,20210225T033000,1736
Cernic__20210225T033000+0100_Short-term_Makokou__01737s__conf0.965.wav,20210225T033000,1737
Cernic__20210225T033000+0100_Short-term_Makokou__01738s__conf0.865.wav,20210225T033000,1738
Cernic__20210225T033000+0100_Short-term_Makokou__01740s__conf0.507.wav,20210225T033000,1740
Cernic__20210225T040000+0100_Short-term_Makokou__00064s__conf0.988.wav,20210225T040000,64
Cernic__20210225T040000+0100_Short-term_Makokou__00169s__conf0.951.wav,20210225T040000,169
Cernic__20210225T040000+0100_Short-term_Makokou__00170s__conf0.820.wav,20210225T040000,170
Cernic__20210225T040000+0100_Short-term_Makokou__00277s__conf0.985.wav,20210225T040000,277
Cernic__20210225T040000+0100_Short-term_Makokou__00291s__conf0.834.wav,20210225T040000,291
Cernic__20210225T040000+0100_Short-term_Makokou__00298s__conf0.505.wav,20210225T040000,298
Cernic__20210225T040000+0100_Short-term_Makokou__00299s__conf0.665.wav,20210225T040000,299
Cernic__20210225T040000+0100_Short-term_Makokou__00304s__conf0.587.wav,20210225T040000,304
Cernic__20210225T040000+0100_Short-term_Makokou__00307s__conf0.995.wav,20210225T040000,307
Cernic__20210225T040000+0100_Short-term_Makokou__00308s__conf0.750.wav,20210225T040000,308
Cernic__20210225T040000+0100_Short-term_Makokou__00398s__conf0.681.wav,20210225T040000,398
Cernic__20210225T040000+0100_Short-term_Makokou__00409s__conf1.000.wav,20210225T040000,409
Cernic__20210225T040000+0100_Short-term_Makokou__00410s__conf1.000.wav,20210225T040000,410
Cernic__20210225T040000+0100_Short-term_Makokou__00413s__conf0.975.wav,20210225T040000,413
Cernic__20210225T040000+0100_Short-term_Makokou__00414s__conf0.929.wav,20210225T040000,414
Cernic__20210225T040000+0100_Short-term_Makokou__00415s__conf0.966.wav,20210225T040000,415
Cernic__20210225T040000+0100_Short-term_Makokou__00417s__conf0.897.wav,20210225T040000,417
Cernic__20210225T040000+0100_Short-term_Makokou__00419s__conf0.999.wav,20210225T040000,419
Cernic__20210225T040000+0100_Short-term_Makokou__00422s__conf0.613.wav,20210225T040000,422
Cernic__20210225T040000+0100_Short-term_Makokou__00423s__conf0.997.wav,20210225T040000,423
Cernic__20210225T040000+0100_Short-term_Makokou__00426s__conf0.593.wav,20210225T040000,426
Cernic__20210225T040000+0100_Short-term_Makokou__00435s__conf0.532.wav,20210225T040000,435
Cernic__20210225T040000+0100_Short-term_Makokou__00436s__conf0.832.wav,20210225T040000,436
Cernic__20210225T040000+0100_Short-term_Makokou__00437s__conf0.757.wav,20210225T040000,437
Cernic__20210225T040000+0100_Short-term_Makokou__00444s__conf0.646.wav,20210225T040000,444
Cernic__20210225T040000+0100_Short-term_Makokou__00446s__conf0.997.wav,20210225T040000,446
Cernic__20210225T040000+0100_Short-term_Makokou__00447s__conf0.997.wav,20210225T040000,447
Cernic__20210225T040000+0100_Short-term_Makokou__00454s__conf0.982.wav,20210225T040000,454
Cernic__20210225T040000+0100_Short-term_Makokou__00455s__conf0.905.wav,20210225T040000,455
Cernic__20210225T040000+0100_Short-term_Makokou__00458s__conf0.877.wav,20210225T040000,458
Cernic__20210225T040000+0100_Short-term_Makokou__00460s__conf0.530.wav,20210225T040000,460
Cernic__20210225T040000+0100_Short-term_Makokou__00473s__conf0.593.wav,20210225T040000,473
Cernic__20210225T040000+0100_Short-term_Makokou__00486s__conf0.857.wav,20210225T040000,486
Cernic__20210225T040000+0100_Short-term_Makokou__00500s__conf0.814.wav,20210225T040000,500
Cernic__20210225T040000+0100_Short-term_Makokou__00506s__conf0.847.wav,20210225T040000,506
Cernic__20210225T040000+0100_Short-term_Makokou__00507s__conf0.995.wav,20210225T040000,507
Cernic__20210225T040000+0100_Short-term_Makokou__00508s__conf0.834.wav,20210225T040000,508
Cernic__20210225T040000+0100_Short-term_Makokou__00511s__conf0.988.wav,20210225T040000,511
Cernic__20210225T040000+0100_Short-term_Makokou__00519s__conf0.896.wav,20210225T040000,519
Cernic__20210225T040000+0100_Short-term_Makokou__00520s__conf0.740.wav,20210225T040000,520
Cernic__20210225T040000+0100_Short-term_Makokou__00524s__conf0.889.wav,20210225T040000,524
Cernic__20210225T040000+0100_Short-term_Makokou__00525s__conf0.743.wav,20210225T040000,525
Cernic__20210225T040000+0100_Short-term_Makokou__00532s__conf0.971.wav,20210225T040000,532
Cernic__20210225T040000+0100_Short-term_Makokou__00533s__conf0.956.wav,20210225T040000,533
Cernic__20210225T040000+0100_Short-term_Makokou__00538s__conf0.911.wav,20210225T040000,538
Cernic__20210225T040000+0100_Short-term_Makokou__00540s__conf0.992.wav,20210225T040000,540
Cernic__20210225T040000+0100_Short-term_Makokou__00542s__conf0.923.wav,20210225T040000,542
Cernic__20210225T040000+0100_Short-term_Makokou__00543s__conf0.939.wav,20210225T040000,543
Cernic__20210225T040000+0100_Short-term_Makokou__00544s__conf0.984.wav,20210225T040000,544
Cernic__20210225T040000+0100_Short-term_Makokou__00550s__conf0.551.wav,20210225T040000,550
Cernic__20210225T040000+0100_Short-term_Makokou__00559s__conf0.919.wav,20210225T040000,559
Cernic__20210225T040000+0100_Short-term_Makokou__00560s__conf0.912.wav,20210225T040000,560
Cernic__20210225T040000+0100_Short-term_Makokou__00561s__conf0.980.wav,20210225T040000,561
Cernic__20210225T040000+0100_Short-term_Makokou__00580s__conf0.996.wav,20210225T040000,580
Cernic__20210225T040000+0100_Short-term_Makokou__00586s__conf0.840.wav,20210225T040000,586
Cernic__20210225T040000+0100_Short-term_Makokou__00597s__conf0.798.wav,20210225T040000,597
Cernic__20210225T040000+0100_Short-term_Makokou__00598s__conf0.955.wav,20210225T040000,598
Cernic__20210225T040000+0100_Short-term_Makokou__00614s__conf0.914.wav,20210225T040000,614
Cernic__20210225T040000+0100_Short-term_Makokou__00616s__conf0.990.wav,20210225T040000,616
Cernic__20210225T040000+0100_Short-term_Makokou__00619s__conf0.887.wav,20210225T040000,619
Cernic__20210225T040000+0100_Short-term_Makokou__00621s__conf0.688.wav,20210225T040000,621
Cernic__20210225T040000+0100_Short-term_Makokou__00628s__conf0.999.wav,20210225T040000,628
Cernic__20210225T040000+0100_Short-term_Makokou__00629s__conf0.501.wav,20210225T040000,629
Cernic__20210225T040000+0100_Short-term_Makokou__00630s__conf0.959.wav,20210225T040000,630
Cernic__20210225T040000+0100_Short-term_Makokou__00631s__conf0.859.wav,20210225T040000,631
Cernic__20210225T040000+0100_Short-term_Makokou__00632s__conf0.901.wav,20210225T040000,632
Cernic__20210225T040000+0100_Short-term_Makokou__00636s__conf0.910.wav,20210225T040000,636
Cernic__20210225T040000+0100_Short-term_Makokou__00637s__conf0.997.wav,20210225T040000,637
Cernic__20210225T040000+0100_Short-term_Makokou__00640s__conf0.585.wav,20210225T040000,640
Cernic__20210225T040000+0100_Short-term_Makokou__00641s__conf0.961.wav,20210225T040000,641
Cernic__20210225T040000+0100_Short-term_Makokou__00642s__conf0.558.wav,20210225T040000,642
Cernic__20210225T040000+0100_Short-term_Makokou__00646s__conf0.986.wav,20210225T040000,646
Cernic__20210225T040000+0100_Short-term_Makokou__00649s__conf0.865.wav,20210225T040000,649
Cernic__20210225T040000+0100_Short-term_Makokou__00652s__conf0.959.wav,20210225T040000,652
Cernic__20210225T040000+0100_Short-term_Makokou__00653s__conf0.929.wav,20210225T040000,653
Cernic__20210225T040000+0100_Short-term_Makokou__00654s__conf0.859.wav,20210225T040000,654
Cernic__20210225T040000+0100_Short-term_Makokou__00661s__conf0.604.wav,20210225T040000,661
Cernic__20210225T040000+0100_Short-term_Makokou__00663s__conf0.993.wav,20210225T040000,663
Cernic__20210225T040000+0100_Short-term_Makokou__00664s__conf0.995.wav,20210225T040000,664
Cernic__20210225T040000+0100_Short-term_Makokou__00665s__conf0.599.wav,20210225T040000,665
Cernic__20210225T040000+0100_Short-term_Makokou__00666s__conf0.962.wav,20210225T040000,666
Cernic__20210225T040000+0100_Short-term_Makokou__00670s__conf0.978.wav,20210225T040000,670
Cernic__20210225T040000+0100_Short-term_Makokou__00672s__conf0.878.wav,20210225T040000,672
Cernic__20210225T040000+0100_Short-term_Makokou__00673s__conf0.557.wav,20210225T040000,673
Cernic__20210225T040000+0100_Short-term_Makokou__00674s__conf0.993.wav,20210225T040000,674
Cernic__20210225T040000+0100_Short-term_Makokou__00677s__conf0.976.wav,20210225T040000,677
Cernic__20210225T040000+0100_Short-term_Makokou__00678s__conf0.879.wav,20210225T040000,678
Cernic__20210225T040000+0100_Short-term_Makokou__00679s__conf0.840.wav,20210225T040000,679
Cernic__20210225T040000+0100_Short-term_Makokou__00683s__conf0.943.wav,20210225T040000,683
Cernic__20210225T040000+0100_Short-term_Makokou__00688s__conf0.667.wav,20210225T040000,688
Cernic__20210225T040000+0100_Short-term_Makokou__00692s__conf0.551.wav,20210225T040000,692
Cernic__20210225T040000+0100_Short-term_Makokou__00693s__conf0.567.wav,20210225T040000,693
Cernic__20210225T040000+0100_Short-term_Makokou__00694s__conf0.966.wav,20210225T040000,694
Cernic__20210225T040000+0100_Short-term_Makokou__00699s__conf0.664.wav,20210225T040000,699
Cernic__20210225T040000+0100_Short-term_Makokou__00704s__conf0.858.wav,20210225T040000,704
Cernic__20210225T040000+0100_Short-term_Makokou__00705s__conf0.813.wav,20210225T040000,705
Cernic__20210225T040000+0100_Short-term_Makokou__00724s__conf1.000.wav,20210225T040000,724
Cernic__20210225T040000+0100_Short-term_Makokou__00726s__conf0.951.wav,20210225T040000,726
Cernic__20210225T040000+0100_Short-term_Makokou__00727s__conf0.879.wav,20210225T040000,727
Cernic__20210225T040000+0100_Short-term_Makokou__00731s__conf0.915.wav,20210225T040000,731
Cernic__20210225T040000+0100_Short-term_Makokou__00734s__conf0.753.wav,20210225T040000,734
Cernic__20210225T040000+0100_Short-term_Makokou__00746s__conf0.991.wav,20210225T040000,746
Cernic__20210225T040000+0100_Short-term_Makokou__00747s__conf0.988.wav,20210225T040000,747
Cernic__20210225T040000+0100_Short-term_Makokou__00748s__conf0.896.wav,20210225T040000,748
Cernic__20210225T040000+0100_Short-term_Makokou__00749s__conf0.954.wav,20210225T040000,749
Cernic__20210225T040000+0100_Short-term_Makokou__00750s__conf0.994.wav,20210225T040000,750
Cernic__20210225T040000+0100_Short-term_Makokou__00751s__conf0.987.wav,20210225T040000,751
Cernic__20210225T040000+0100_Short-term_Makokou__00752s__conf0.998.wav,20210225T040000,752
Cernic__20210225T040000+0100_Short-term_Makokou__00753s__conf1.000.wav,20210225T040000,753
Cernic__20210225T040000+0100_Short-term_Makokou__00754s__conf0.987.wav,20210225T040000,754
Cernic__20210225T040000+0100_Short-term_Makokou__00757s__conf0.730.wav,20210225T040000,757
Cernic__20210225T040000+0100_Short-term_Makokou__00758s__conf0.991.wav,20210225T040000,758
Cernic__20210225T040000+0100_Short-term_Makokou__00759s__conf0.672.wav,20210225T040000,759
Cernic__20210225T040000+0100_Short-term_Makokou__00761s__conf0.787.wav,20210225T040000,761
Cernic__20210225T040000+0100_Short-term_Makokou__00762s__conf0.980.wav,20210225T040000,762
Cernic__20210225T040000+0100_Short-term_Makokou__00763s__conf0.509.wav,20210225T040000,763
Cernic__20210225T040000+0100_Short-term_Makokou__00764s__conf0.786.wav,20210225T040000,764
Cernic__20210225T040000+0100_Short-term_Makokou__00765s__conf0.579.wav,20210225T040000,765
Cernic__20210225T040000+0100_Short-term_Makokou__00766s__conf0.999.wav,20210225T040000,766
Cernic__20210225T040000+0100_Short-term_Makokou__00769s__conf0.992.wav,20210225T040000,769
Cernic__20210225T040000+0100_Short-term_Makokou__00770s__conf1.000.wav,20210225T040000,770
Cernic__20210225T040000+0100_Short-term_Makokou__00771s__conf0.999.wav,20210225T040000,771
Cernic__20210225T040000+0100_Short-term_Makokou__00773s__conf0.989.wav,20210225T040000,773
Cernic__20210225T040000+0100_Short-term_Makokou__00774s__conf1.000.wav,20210225T040000,774
Cernic__20210225T040000+0100_Short-term_Makokou__00775s__conf0.982.wav,20210225T040000,775
Cernic__20210225T040000+0100_Short-term_Makokou__00776s__conf0.996.wav,20210225T040000,776
Cernic__20210225T040000+0100_Short-term_Makokou__00777s__conf0.992.wav,20210225T040000,777
Cernic__20210225T040000+0100_Short-term_Makokou__00779s__conf0.593.wav,20210225T040000,779
Cernic__20210225T040000+0100_Short-term_Makokou__00780s__conf0.998.wav,20210225T040000,780
Cernic__20210225T040000+0100_Short-term_Makokou__00781s__conf1.000.wav,20210225T040000,781
Cernic__20210225T040000+0100_Short-term_Makokou__00782s__conf1.000.wav,20210225T040000,782
Cernic__20210225T040000+0100_Short-term_Makokou__00783s__conf0.937.wav,20210225T040000,783
Cernic__20210225T040000+0100_Short-term_Makokou__00784s__conf0.788.wav,20210225T040000,784
Cernic__20210225T040000+0100_Short-term_Makokou__00785s__conf0.999.wav,20210225T040000,785
Cernic__20210225T040000+0100_Short-term_Makokou__00786s__conf0.995.wav,20210225T040000,786
Cernic__20210225T040000+0100_Short-term_Makokou__00787s__conf1.000.wav,20210225T040000,787
Cernic__20210225T040000+0100_Short-term_Makokou__00788s__conf0.998.wav,20210225T040000,788
Cernic__20210225T040000+0100_Short-term_Makokou__00789s__conf0.656.wav,20210225T040000,789
Cernic__20210225T040000+0100_Short-term_Makokou__00790s__conf0.997.wav,20210225T040000,790
Cernic__20210225T040000+0100_Short-term_Makokou__00791s__conf0.659.wav,20210225T040000,791
Cernic__20210225T040000+0100_Short-term_Makokou__00794s__conf0.761.wav,20210225T040000,794
Cernic__20210225T040000+0100_Short-term_Makokou__00795s__conf0.999.wav,20210225T040000,795
Cernic__20210225T040000+0100_Short-term_Makokou__00796s__conf0.983.wav,20210225T040000,796
Cernic__20210225T040000+0100_Short-term_Makokou__00797s__conf0.557.wav,20210225T040000,797
Cernic__20210225T103000+0100_Short-term_Makokou__00421s__conf0.747.wav,20210225T103000,421
Cernic__20210225T180000+0100_Short-term_Makokou__00409s__conf0.992.wav,20210225T180000,409
Cernic__20210225T180000+0100_Short-term_Makokou__00410s__conf0.961.wav,20210225T180000,410
Cernic__20210225T180000+0100_Short-term_Makokou__00411s__conf0.936.wav,20210225T180000,411
Cernic__20210225T180000+0100_Short-term_Makokou__00412s__conf0.999.wav,20210225T180000,412
Cernic__20210225T180000+0100_Short-term_Makokou__00413s__conf0.960.wav,20210225T180000,413
Cernic__20210225T180000+0100_Short-term_Makokou__00414s__conf0.947.wav,20210225T180000,414
Cernic__20210225T180000+0100_Short-term_Makokou__01580s__conf0.952.wav,20210225T180000,1580
Cernic__20210225T180000+0100_Short-term_Makokou__01581s__conf0.993.wav,20210225T180000,1581
Cernic__20210225T180000+0100_Short-term_Makokou__01582s__conf0.850.wav,20210225T180000,1582
Cernic__20210225T180000+0100_Short-term_Makokou__01584s__conf0.573.wav,20210225T180000,1584
Cernic__20210225T180000+0100_Short-term_Makokou__01585s__conf0.967.wav,20210225T180000,1585
Cernic__20210225T193000+0100_Short-term_Makokou__00148s__conf0.769.wav,20210225T193000,148
Cernic__20210225T203000+0100_Short-term_Makokou__00565s__conf0.919.wav,20210225T203000,565
Cernic__20210225T210000+0100_Short-term_Makokou__01643s__conf0.672.wav,20210225T210000,1643
Cernic__20210225T210000+0100_Short-term_Makokou__01759s__conf0.986.wav,20210225T210000,1759
Cernic__20210225T210000+0100_Short-term_Makokou__01760s__conf0.977.wav,20210225T210000,1760
Cernic__20210225T210000+0100_Short-term_Makokou__01767s__conf0.872.wav,20210225T210000,1767
Cernic__20210225T210000+0100_Short-term_Makokou__01768s__conf0.648.wav,20210225T210000,1768
Cernic__20210225T213000+0100_Short-term_Makokou__00032s__conf0.856.wav,20210225T213000,32
Cernic__20210225T213000+0100_Short-term_Makokou__00035s__conf0.950.wav,20210225T213000,35
Cernic__20210225T213000+0100_Short-term_Makokou__00149s__conf0.980.wav,20210225T213000,149
Cernic__20210225T213000+0100_Short-term_Makokou__00408s__conf0.684.wav,20210225T213000,408
Cernic__20210225T213000+0100_Short-term_Makokou__00411s__conf0.701.wav,20210225T213000,411
Cernic__20210225T213000+0100_Short-term_Makokou__00425s__conf0.565.wav,20210225T213000,425
Cernic__20210225T213000+0100_Short-term_Makokou__00539s__conf0.561.wav,20210225T213000,539
Cernic__20210225T213000+0100_Short-term_Makokou__00548s__conf0.972.wav,20210225T213000,548
Cernic__20210225T213000+0100_Short-term_Makokou__00549s__conf0.521.wav,20210225T213000,549
Cernic__20210225T213000+0100_Short-term_Makokou__00686s__conf0.923.wav,20210225T213000,686
Cernic__20210225T213000+0100_Short-term_Makokou__00687s__conf0.884.wav,20210225T213000,687
Cernic__20210225T213000+0100_Short-term_Makokou__00735s__conf0.843.wav,20210225T213000,735
Cernic__20210225T213000+0100_Short-term_Makokou__00736s__conf0.662.wav,20210225T213000,736
Cernic__20210225T213000+0100_Short-term_Makokou__00779s__conf0.570.wav,20210225T213000,779
Cernic__20210225T213000+0100_Short-term_Makokou__00781s__conf0.526.wav,20210225T213000,781
Cernic__20210225T213000+0100_Short-term_Makokou__00787s__conf0.582.wav,20210225T213000,787
Cernic__20210225T213000+0100_Short-term_Makokou__00788s__conf0.586.wav,20210225T213000,788
Cernic__20210225T213000+0100_Short-term_Makokou__00792s__conf0.983.wav,20210225T213000,792
Cernic__20210225T213000+0100_Short-term_Makokou__00794s__conf0.842.wav,20210225T213000,794
Cernic__20210225T213000+0100_Short-term_Makokou__00796s__conf0.941.wav,20210225T213000,796
Cernic__20210225T213000+0100_Short-term_Makokou__00797s__conf0.656.wav,20210225T213000,797
Cernic__20210225T213000+0100_Short-term_Makokou__00800s__conf0.999.wav,20210225T213000,800
Cernic__20210225T213000+0100_Short-term_Makokou__00801s__conf0.975.wav,20210225T213000,801
Cernic__20210225T213000+0100_Short-term_Makokou__00879s__conf0.989.wav,20210225T213000,879
Cernic__20210225T213000+0100_Short-term_Makokou__00880s__conf0.995.wav,20210225T213000,880
Cernic__20210225T213000+0100_Short-term_Makokou__00892s__conf0.632.wav,20210225T213000,892
Cernic__20210225T213000+0100_Short-term_Makokou__00893s__conf0.973.wav,20210225T213000,893
Cernic__20210225T213000+0100_Short-term_Makokou__00927s__conf0.610.wav,20210225T213000,927
Cernic__20210225T213000+0100_Short-term_Makokou__00928s__conf0.620.wav,20210225T213000,928
Cernic__20210225T213000+0100_Short-term_Makokou__00936s__conf0.853.wav,20210225T213000,936
Cernic__20210225T213000+0100_Short-term_Makokou__00942s__conf0.721.wav,20210225T213000,942
Cernic__20210225T213000+0100_Short-term_Makokou__00955s__conf0.968.wav,20210225T213000,955
Cernic__20210225T213000+0100_Short-term_Makokou__00977s__conf0.577.wav,20210225T213000,977
Cernic__20210225T213000+0100_Short-term_Makokou__00984s__conf0.921.wav,20210225T213000,984
Cernic__20210225T213000+0100_Short-term_Makokou__00985s__conf0.743.wav,20210225T213000,985
Cernic__20210225T213000+0100_Short-term_Makokou__00986s__conf0.877.wav,20210225T213000,986
Cernic__20210225T213000+0100_Short-term_Makokou__01014s__conf0.859.wav,20210225T213000,1014
Cernic__20210225T213000+0100_Short-term_Makokou__01015s__conf0.992.wav,20210225T213000,1015
Cernic__20210225T213000+0100_Short-term_Makokou__01026s__conf0.577.wav,20210225T213000,1026
Cernic__20210225T213000+0100_Short-term_Makokou__01071s__conf0.668.wav,20210225T213000,1071
Cernic__20210225T213000+0100_Short-term_Makokou__01078s__conf0.686.wav,20210225T213000,1078
Cernic__20210225T213000+0100_Short-term_Makokou__01100s__conf0.913.wav,20210225T213000,1100
Cernic__20210225T213000+0100_Short-term_Makokou__01118s__conf0.947.wav,20210225T213000,1118
Cernic__20210225T213000+0100_Short-term_Makokou__01134s__conf0.995.wav,20210225T213000,1134
Cernic__20210225T213000+0100_Short-term_Makokou__01135s__conf1.000.wav,20210225T213000,1135
Cernic__20210225T213000+0100_Short-term_Makokou__01142s__conf0.878.wav,20210225T213000,1142
Cernic__20210225T213000+0100_Short-term_Makokou__01143s__conf0.982.wav,20210225T213000,1143
Cernic__20210225T213000+0100_Short-term_Makokou__01144s__conf0.975.wav,20210225T213000,1144
Cernic__20210225T213000+0100_Short-term_Makokou__01158s__conf0.866.wav,20210225T213000,1158
Cernic__20210225T213000+0100_Short-term_Makokou__01271s__conf0.958.wav,20210225T213000,1271
Cernic__20210225T213000+0100_Short-term_Makokou__01387s__conf0.560.wav,20210225T213000,1387
Cernic__20210225T213000+0100_Short-term_Makokou__01754s__conf0.857.wav,20210225T213000,1754
Cernic__20210225T220000+0100_Short-term_Makokou__00360s__conf0.666.wav,20210225T220000,360
Cernic__20210225T220000+0100_Short-term_Makokou__00412s__conf0.635.wav,20210225T220000,412
Cernic__20210225T223000+0100_Short-term_Makokou__01222s__conf0.911.wav,20210225T223000,1222
Cernic__20210225T230000+0100_Short-term_Makokou__00132s__conf0.662.wav,20210225T230000,132
Cernic__20210225T233000+0100_Short-term_Makokou__01141s__conf0.741.wav,20210225T233000,1141
Cernic__20210225T233000+0100_Short-term_Makokou__01633s__conf0.807.wav,20210225T233000,1633
Cernic__20210225T233000+0100_Short-term_Makokou__01661s__conf0.784.wav,20210225T233000,1661
Cernic__20210222T073000+0100_Short-term_Makokou__00979s__conf0.568.wav,20210222T073000,979
Cernic__20210222T073000+0100_Short-term_Makokou__00980s__conf0.987.wav,20210222T073000,980
Cernic__20210222T073000+0100_Short-term_Makokou__00981s__conf0.982.wav,20210222T073000,981
Cernic__20210222T073000+0100_Short-term_Makokou__01007s__conf0.949.wav,20210222T073000,1007
Cernic__20210222T073000+0100_Short-term_Makokou__01008s__conf0.848.wav,20210222T073000,1008
Cernic__20210222T073000+0100_Short-term_Makokou__01052s__conf0.986.wav,20210222T073000,1052
Cernic__20210222T073000+0100_Short-term_Makokou__01053s__conf0.608.wav,20210222T073000,1053
Cernic__20210222T073000+0100_Short-term_Makokou__01097s__conf0.648.wav,20210222T073000,1097
Cernic__20210222T073000+0100_Short-term_Makokou__01098s__conf0.544.wav,20210222T073000,1098
Cernic__20210222T110000+0100_Short-term_Makokou__00852s__conf0.970.wav,20210222T110000,852
Cernic__20210222T110000+0100_Short-term_Makokou__00854s__conf0.803.wav,20210222T110000,854
Cernic__20210222T110000+0100_Short-term_Makokou__00855s__conf0.997.wav,20210222T110000,855
Cernic__20210222T110000+0100_Short-term_Makokou__00856s__conf0.999.wav,20210222T110000,856
Cernic__20210222T110000+0100_Short-term_Makokou__00857s__conf0.999.wav,20210222T110000,857
Cernic__20210222T110000+0100_Short-term_Makokou__00858s__conf1.000.wav,20210222T110000,858
Cernic__20210222T110000+0100_Short-term_Makokou__00859s__conf0.998.wav,20210222T110000,859
Cernic__20210222T110000+0100_Short-term_Makokou__00860s__conf0.986.wav,20210222T110000,860
Cernic__20210222T110000+0100_Short-term_Makokou__00861s__conf0.644.wav,20210222T110000,861
Cernic__20210222T110000+0100_Short-term_Makokou__00871s__conf0.999.wav,20210222T110000,871
Cernic__20210222T110000+0100_Short-term_Makokou__00872s__conf0.617.wav,20210222T110000,872
Cernic__20210222T110000+0100_Short-term_Makokou__00874s__conf0.807.wav,20210222T110000,874
Cernic__20210222T110000+0100_Short-term_Makokou__00875s__conf0.983.wav,20210222T110000,875
Cernic__20210222T110000+0100_Short-term_Makokou__00886s__conf1.000.wav,20210222T110000,886
Cernic__20210222T110000+0100_Short-term_Makokou__00887s__conf0.905.wav,20210222T110000,887
Cernic__20210222T110000+0100_Short-term_Makokou__00896s__conf0.683.wav,20210222T110000,896
Cernic__20210222T110000+0100_Short-term_Makokou__00897s__conf0.998.wav,20210222T110000,897
Cernic__20210222T110000+0100_Short-term_Makokou__00898s__conf1.000.wav,20210222T110000,898
Cernic__20210222T110000+0100_Short-term_Makokou__00899s__conf0.988.wav,20210222T110000,899
Cernic__20210222T110000+0100_Short-term_Makokou__00900s__conf0.995.wav,20210222T110000,900
Cernic__20210222T110000+0100_Short-term_Makokou__00901s__conf0.999.wav,20210222T110000,901
Cernic__20210222T110000+0100_Short-term_Makokou__00902s__conf1.000.wav,20210222T110000,902
Cernic__20210222T110000+0100_Short-term_Makokou__00903s__conf1.000.wav,20210222T110000,903
Cernic__20210222T183000+0100_Short-term_Makokou__00883s__conf0.536.wav,20210222T183000,883
Cernic__20210223T070000+0100_Short-term_Makokou__00020s__conf0.990.wav,20210223T070000,20
Cernic__20210223T070000+0100_Short-term_Makokou__00021s__conf1.000.wav,20210223T070000,21
Cernic__20210223T070000+0100_Short-term_Makokou__00022s__conf1.000.wav,20210223T070000,22
Cernic__20210223T070000+0100_Short-term_Makokou__00023s__conf1.000.wav,20210223T070000,23
Cernic__20210223T070000+0100_Short-term_Makokou__00024s__conf1.000.wav,20210223T070000,24
Cernic__20210223T070000+0100_Short-term_Makokou__00025s__conf1.000.wav,20210223T070000,25
Cernic__20210223T070000+0100_Short-term_Makokou__00026s__conf1.000.wav,20210223T070000,26
Cernic__20210223T070000+0100_Short-term_Makokou__00027s__conf0.998.wav,20210223T070000,27
Cernic__20210223T070000+0100_Short-term_Makokou__00028s__conf1.000.wav,20210223T070000,28
Cernic__20210223T070000+0100_Short-term_Makokou__00029s__conf1.000.wav,20210223T070000,29
Cernic__20210223T070000+0100_Short-term_Makokou__00030s__conf0.993.wav,20210223T070000,30
Cernic__20210223T070000+0100_Short-term_Makokou__00031s__conf0.999.wav,20210223T070000,31
Cernic__20210223T070000+0100_Short-term_Makokou__00032s__conf0.974.wav,20210223T070000,32
Cernic__20210223T070000+0100_Short-term_Makokou__00033s__conf0.942.wav,20210223T070000,33
Cernic__20210223T070000+0100_Short-term_Makokou__00034s__conf0.997.wav,20210223T070000,34
Cernic__20210223T070000+0100_Short-term_Makokou__00036s__conf1.000.wav,20210223T070000,36
Cernic__20210223T070000+0100_Short-term_Makokou__00037s__conf1.000.wav,20210223T070000,37
Cernic__20210223T070000+0100_Short-term_Makokou__00038s__conf1.000.wav,20210223T070000,38
Cernic__20210223T070000+0100_Short-term_Makokou__00039s__conf1.000.wav,20210223T070000,39
Cernic__20210223T070000+0100_Short-term_Makokou__00040s__conf0.980.wav,20210223T070000,40
Cernic__20210223T070000+0100_Short-term_Makokou__00046s__conf1.000.wav,20210223T070000,46
Cernic__20210223T070000+0100_Short-term_Makokou__00047s__conf1.000.wav,20210223T070000,47
Cernic__20210223T070000+0100_Short-term_Makokou__00056s__conf1.000.wav,20210223T070000,56
Cernic__20210223T070000+0100_Short-term_Makokou__00057s__conf1.000.wav,20210223T070000,57
Cernic__20210223T070000+0100_Short-term_Makokou__00058s__conf1.000.wav,20210223T070000,58
Cernic__20210223T070000+0100_Short-term_Makokou__00059s__conf0.984.wav,20210223T070000,59
Cernic__20210223T070000+0100_Short-term_Makokou__00060s__conf1.000.wav,20210223T070000,60
Cernic__20210223T070000+0100_Short-term_Makokou__00061s__conf1.000.wav,20210223T070000,61
Cernic__20210223T070000+0100_Short-term_Makokou__00086s__conf1.000.wav,20210223T070000,86
Cernic__20210223T070000+0100_Short-term_Makokou__00087s__conf1.000.wav,20210223T070000,87
Cernic__20210223T070000+0100_Short-term_Makokou__00088s__conf1.000.wav,20210223T070000,88
Cernic__20210223T070000+0100_Short-term_Makokou__00089s__conf1.000.wav,20210223T070000,89
Cernic__20210223T070000+0100_Short-term_Makokou__00090s__conf1.000.wav,20210223T070000,90
Cernic__20210223T070000+0100_Short-term_Makokou__00091s__conf1.000.wav,20210223T070000,91
Cernic__20210223T093000+0100_Short-term_Makokou__01603s__conf0.997.wav,20210223T093000,1603
Cernic__20210223T093000+0100_Short-term_Makokou__01604s__conf0.998.wav,20210223T093000,1604
Cernic__20210223T093000+0100_Short-term_Makokou__01606s__conf0.509.wav,20210223T093000,1606
Cernic__20210223T093000+0100_Short-term_Makokou__01609s__conf0.788.wav,20210223T093000,1609
Cernic__20210223T093000+0100_Short-term_Makokou__01610s__conf0.989.wav,20210223T093000,1610
Cernic__20210223T093000+0100_Short-term_Makokou__01611s__conf0.974.wav,20210223T093000,1611
Cernic__20210223T093000+0100_Short-term_Makokou__01620s__conf0.976.wav,20210223T093000,1620
Cernic__20210223T093000+0100_Short-term_Makokou__01621s__conf0.993.wav,20210223T093000,1621
Cernic__20210223T093000+0100_Short-term_Makokou__01622s__conf0.728.wav,20210223T093000,1622
Cernic__20210223T093000+0100_Short-term_Makokou__01624s__conf0.995.wav,20210223T093000,1624
Cernic__20210223T093000+0100_Short-term_Makokou__01625s__conf0.879.wav,20210223T093000,1625
Cernic__20210223T093000+0100_Short-term_Makokou__01656s__conf0.999.wav,20210223T093000,1656
Cernic__20210223T093000+0100_Short-term_Makokou__01657s__conf1.000.wav,20210223T093000,1657
Cernic__20210223T093000+0100_Short-term_Makokou__01658s__conf1.000.wav,20210223T093000,1658
Cernic__20210223T093000+0100_Short-term_Makokou__01659s__conf0.723.wav,20210223T093000,1659
Cernic__20210223T133000+0100_Short-term_Makokou__01060s__conf0.996.wav,20210223T133000,1060
Cernic__20210223T133000+0100_Short-term_Makokou__01061s__conf1.000.wav,20210223T133000,1061
Cernic__20210223T133000+0100_Short-term_Makokou__01062s__conf0.756.wav,20210223T133000,1062
Cernic__20210223T133000+0100_Short-term_Makokou__01063s__conf0.915.wav,20210223T133000,1063
Cernic__20210223T133000+0100_Short-term_Makokou__01064s__conf0.999.wav,20210223T133000,1064
Cernic__20210223T133000+0100_Short-term_Makokou__01065s__conf0.814.wav,20210223T133000,1065
Cernic__20210223T133000+0100_Short-term_Makokou__01066s__conf0.987.wav,20210223T133000,1066
Cernic__20210223T133000+0100_Short-term_Makokou__01067s__conf0.995.wav,20210223T133000,1067
Cernic__20210223T133000+0100_Short-term_Makokou__01068s__conf0.860.wav,20210223T133000,1068
Cernic__20210223T133000+0100_Short-term_Makokou__01069s__conf0.821.wav,20210223T133000,1069
Cernic__20210223T133000+0100_Short-term_Makokou__01084s__conf0.505.wav,20210223T133000,1084
Cernic__20210223T133000+0100_Short-term_Makokou__01090s__conf0.798.wav,20210223T133000,1090
Cernic__20210223T133000+0100_Short-term_Makokou__01103s__conf0.890.wav,20210223T133000,1103
Cernic__20210223T133000+0100_Short-term_Makokou__01104s__conf0.997.wav,20210223T133000,1104
Cernic__20210223T133000+0100_Short-term_Makokou__01105s__conf0.847.wav,20210223T133000,1105
Cernic__20210223T133000+0100_Short-term_Makokou__01106s__conf0.948.wav,20210223T133000,1106
Cernic__20210223T133000+0100_Short-term_Makokou__01123s__conf1.000.wav,20210223T133000,1123
Cernic__20210223T133000+0100_Short-term_Makokou__01124s__conf1.000.wav,20210223T133000,1124
Cernic__20210223T133000+0100_Short-term_Makokou__01125s__conf1.000.wav,20210223T133000,1125
Cernic__20210223T133000+0100_Short-term_Makokou__01126s__conf0.999.wav,20210223T133000,1126
Cernic__20210223T133000+0100_Short-term_Makokou__01127s__conf0.950.wav,20210223T133000,1127
Cernic__20210223T133000+0100_Short-term_Makokou__01128s__conf0.988.wav,20210223T133000,1128
Cernic__20210223T133000+0100_Short-term_Makokou__01129s__conf0.999.wav,20210223T133000,1129
Cernic__20210223T133000+0100_Short-term_Makokou__01130s__conf1.000.wav,20210223T133000,1130
Cernic__20210223T133000+0100_Short-term_Makokou__01140s__conf0.714.wav,20210223T133000,1140
Cernic__20210223T133000+0100_Short-term_Makokou__01141s__conf0.819.wav,20210223T133000,1141
Cernic__20210223T183000+0100_Short-term_Makokou__00313s__conf0.902.wav,20210223T183000,313
Cernic__20210223T183000+0100_Short-term_Makokou__00774s__conf0.841.wav,20210223T183000,774
Cernic__20210224T143000+0100_Short-term_Makokou__00146s__conf0.567.wav,20210224T143000,146
Cernic__20210224T163000+0100_Short-term_Makokou__01486s__conf0.549.wav,20210224T163000,1486
Cernic__20210224T163000+0100_Short-term_Makokou__01545s__conf0.770.wav,20210224T163000,1545
Cernic__20210224T163000+0100_Short-term_Makokou__01557s__conf0.909.wav,20210224T163000,1557
Cernic__20210224T163000+0100_Short-term_Makokou__01558s__conf0.929.wav,20210224T163000,1558
Cernic__20210224T163000+0100_Short-term_Makokou__01559s__conf0.949.wav,20210224T163000,1559
Cernic__20210224T163000+0100_Short-term_Makokou__01560s__conf0.810.wav,20210224T163000,1560
Cernic__20210224T163000+0100_Short-term_Makokou__01561s__conf0.951.wav,20210224T163000,1561
Cernic__20210224T163000+0100_Short-term_Makokou__01562s__conf1.000.wav,20210224T163000,1562
Cernic__20210224T163000+0100_Short-term_Makokou__01580s__conf0.887.wav,20210224T163000,1580
Cernic__20210224T163000+0100_Short-term_Makokou__01581s__conf0.983.wav,20210224T163000,1581
Cernic__20210224T163000+0100_Short-term_Makokou__01582s__conf0.973.wav,20210224T163000,1582
Cernic__20210224T163000+0100_Short-term_Makokou__01583s__conf0.999.wav,20210224T163000,1583
Cernic__20210224T163000+0100_Short-term_Makokou__01589s__conf0.719.wav,20210224T163000,1589
Cernic__20210224T163000+0100_Short-term_Makokou__01590s__conf0.996.wav,20210224T163000,1590
Cernic__20210224T163000+0100_Short-term_Makokou__01596s__conf0.991.wav,20210224T163000,1596
Cernic__20210224T163000+0100_Short-term_Makokou__01597s__conf0.992.wav,20210224T163000,1597
Cernic__20210224T163000+0100_Short-term_Makokou__01608s__conf0.922.wav,20210224T163000,1608
Cernic__20210224T163000+0100_Short-term_Makokou__01609s__conf0.844.wav,20210224T163000,1609
Cernic__20210225T053000+0100_Short-term_Makokou__00720s__conf0.639.wav,20210225T053000,720
Cernic__20210225T053000+0100_Short-term_Makokou__00721s__conf0.667.wav,20210225T053000,721
Cernic__20210225T073000+0100_Short-term_Makokou__01724s__conf0.793.wav,20210225T073000,1724
Cernic__20210225T073000+0100_Short-term_Makokou__01725s__conf0.591.wav,20210225T073000,1725
Cernic__20210225T083000+0100_Short-term_Makokou__00427s__conf0.636.wav,20210225T083000,427
Cernic__20210225T090000+0100_Short-term_Makokou__00184s__conf0.539.wav,20210225T090000,184
Cernic__20210225T090000+0100_Short-term_Makokou__01386s__conf0.840.wav,20210225T090000,1386
Cernic__20210225T090000+0100_Short-term_Makokou__01387s__conf0.998.wav,20210225T090000,1387
Cernic__20210225T090000+0100_Short-term_Makokou__01469s__conf0.653.wav,20210225T090000,1469
Cernic__20210225T090000+0100_Short-term_Makokou__01470s__conf0.962.wav,20210225T090000,1470
Cernic__20210225T100000+0100_Short-term_Makokou__00528s__conf0.952.wav,20210225T100000,528
Cernic__20210225T100000+0100_Short-term_Makokou__01651s__conf1.000.wav,20210225T100000,1651
Cernic__20210225T100000+0100_Short-term_Makokou__01652s__conf1.000.wav,20210225T100000,1652
Cernic__20210225T100000+0100_Short-term_Makokou__01653s__conf1.000.wav,20210225T100000,1653
Cernic__20210225T100000+0100_Short-term_Makokou__01654s__conf1.000.wav,20210225T100000,1654
Cernic__20210225T100000+0100_Short-term_Makokou__01655s__conf1.000.wav,20210225T100000,1655
Cernic__20210225T100000+0100_Short-term_Makokou__01656s__conf1.000.wav,20210225T100000,1656
Cernic__20210225T100000+0100_Short-term_Makokou__01657s__conf1.000.wav,20210225T100000,1657
Cernic__20210225T100000+0100_Short-term_Makokou__01658s__conf0.999.wav,20210225T100000,1658
Cernic__20210225T100000+0100_Short-term_Makokou__01659s__conf1.000.wav,20210225T100000,1659
Cernic__20210225T100000+0100_Short-term_Makokou__01660s__conf1.000.wav,20210225T100000,1660
Cernic__20210225T100000+0100_Short-term_Makokou__01661s__conf1.000.wav,20210225T100000,1661
Cernic__20210225T100000+0100_Short-term_Makokou__01662s__conf0.999.wav,20210225T100000,1662
Cernic__20210225T100000+0100_Short-term_Makokou__01663s__conf1.000.wav,20210225T100000,1663
Cernic__20210225T100000+0100_Short-term_Makokou__01664s__conf0.992.wav,20210225T100000,1664
Cernic__20210225T100000+0100_Short-term_Makokou__01665s__conf0.999.wav,20210225T100000,1665
Cernic__20210225T100000+0100_Short-term_Makokou__01667s__conf0.999.wav,20210225T100000,1667
Cernic__20210225T100000+0100_Short-term_Makokou__01668s__conf0.999.wav,20210225T100000,1668
Cernic__20210225T100000+0100_Short-term_Makokou__01675s__conf1.000.wav,20210225T100000,1675
Cernic__20210225T100000+0100_Short-term_Makokou__01676s__conf1.000.wav,20210225T100000,1676
Cernic__20210225T100000+0100_Short-term_Makokou__01677s__conf1.000.wav,20210225T100000,1677
Cernic__20210225T100000+0100_Short-term_Makokou__01678s__conf1.000.wav,20210225T100000,1678
Cernic__20210225T100000+0100_Short-term_Makokou__01679s__conf1.000.wav,20210225T100000,1679
Cernic__20210225T100000+0100_Short-term_Makokou__01680s__conf0.999.wav,20210225T100000,1680
Cernic__20210225T100000+0100_Short-term_Makokou__01681s__conf1.000.wav,20210225T100000,1681
Cernic__20210225T100000+0100_Short-term_Makokou__01682s__conf1.000.wav,20210225T100000,1682
Cernic__20210225T100000+0100_Short-term_Makokou__01698s__conf0.999.wav,20210225T100000,1698
Cernic__20210225T100000+0100_Short-term_Makokou__01699s__conf1.000.wav,20210225T100000,1699
Cernic__20210225T100000+0100_Short-term_Makokou__01700s__conf1.000.wav,20210225T100000,1700
Cernic__20210225T100000+0100_Short-term_Makokou__01701s__conf0.846.wav,20210225T100000,1701
Cernic__20210225T100000+0100_Short-term_Makokou__01702s__conf1.000.wav,20210225T100000,1702
Cernic__20210225T113000+0100_Short-term_Makokou__01643s__conf0.989.wav,20210225T113000,1643
Cernic__20210222T000000+0100_Short-term_Makokou__00404s__conf0.898.wav,20210222T000000,404
Cernic__20210222T000000+0100_Short-term_Makokou__00407s__conf0.535.wav,20210222T000000,407
Cernic__20210222T000000+0100_Short-term_Makokou__00408s__conf0.769.wav,20210222T000000,408
Cernic__20210222T000000+0100_Short-term_Makokou__00409s__conf0.567.wav,20210222T000000,409
Cernic__20210222T000000+0100_Short-term_Makokou__00411s__conf0.994.wav,20210222T000000,411
Cernic__20210222T000000+0100_Short-term_Makokou__00413s__conf0.983.wav,20210222T000000,413
Cernic__20210222T000000+0100_Short-term_Makokou__00428s__conf0.995.wav,20210222T000000,428
Cernic__20210222T053000+0100_Short-term_Makokou__00563s__conf0.860.wav,20210222T053000,563
Cernic__20210222T060000+0100_Short-term_Makokou__01470s__conf0.953.wav,20210222T060000,1470
Cernic__20210222T060000+0100_Short-term_Makokou__01471s__conf0.986.wav,20210222T060000,1471
Cernic__20210222T060000+0100_Short-term_Makokou__01472s__conf0.990.wav,20210222T060000,1472
Cernic__20210222T063000+0100_Short-term_Makokou__00524s__conf1.000.wav,20210222T063000,524
Cernic__20210222T063000+0100_Short-term_Makokou__00525s__conf1.000.wav,20210222T063000,525
Cernic__20210222T063000+0100_Short-term_Makokou__00526s__conf1.000.wav,20210222T063000,526
Cernic__20210222T063000+0100_Short-term_Makokou__00528s__conf1.000.wav,20210222T063000,528
Cernic__20210222T063000+0100_Short-term_Makokou__00529s__conf0.979.wav,20210222T063000,529
Cernic__20210222T063000+0100_Short-term_Makokou__00532s__conf1.000.wav,20210222T063000,532
Cernic__20210222T063000+0100_Short-term_Makokou__00533s__conf1.000.wav,20210222T063000,533
Cernic__20210222T063000+0100_Short-term_Makokou__00536s__conf1.000.wav,20210222T063000,536
Cernic__20210222T063000+0100_Short-term_Makokou__00537s__conf1.000.wav,20210222T063000,537
Cernic__20210222T063000+0100_Short-term_Makokou__00793s__conf0.992.wav,20210222T063000,793
Cernic__20210222T063000+0100_Short-term_Makokou__00794s__conf0.993.wav,20210222T063000,794
Cernic__20210222T063000+0100_Short-term_Makokou__00809s__conf0.809.wav,20210222T063000,809
Cernic__20210222T063000+0100_Short-term_Makokou__00845s__conf0.594.wav,20210222T063000,845
Cernic__20210222T070000+0100_Short-term_Makokou__01470s__conf0.893.wav,20210222T070000,1470
Cernic__20210222T070000+0100_Short-term_Makokou__01471s__conf0.568.wav,20210222T070000,1471
Cernic__20210222T070000+0100_Short-term_Makokou__01472s__conf0.997.wav,20210222T070000,1472
Cernic__20210222T070000+0100_Short-term_Makokou__01473s__conf0.999.wav,20210222T070000,1473
Cernic__20210222T070000+0100_Short-term_Makokou__01475s__conf0.994.wav,20210222T070000,1475
Cernic__20210222T070000+0100_Short-term_Makokou__01476s__conf0.985.wav,20210222T070000,1476
Cernic__20210222T070000+0100_Short-term_Makokou__01516s__conf1.000.wav,20210222T070000,1516
Cernic__20210222T070000+0100_Short-term_Makokou__01517s__conf1.000.wav,20210222T070000,1517
Cernic__20210222T070000+0100_Short-term_Makokou__01518s__conf0.969.wav,20210222T070000,1518
Cernic__20210222T073000+0100_Short-term_Makokou__00765s__conf0.532.wav,20210222T073000,765
Cernic__20210222T073000+0100_Short-term_Makokou__00766s__conf0.989.wav,20210222T073000,766
Cernic__20210222T080000+0100_Short-term_Makokou__01499s__conf0.601.wav,20210222T080000,1499
Cernic__20210222T080000+0100_Short-term_Makokou__01500s__conf0.881.wav,20210222T080000,1500
Cernic__20210222T110000+0100_Short-term_Makokou__01321s__conf0.883.wav,20210222T110000,1321
Cernic__20210222T110000+0100_Short-term_Makokou__01417s__conf0.988.wav,20210222T110000,1417
Cernic__20210222T110000+0100_Short-term_Makokou__01418s__conf0.982.wav,20210222T110000,1418
Cernic__20210222T110000+0100_Short-term_Makokou__01442s__conf1.000.wav,20210222T110000,1442
Cernic__20210222T110000+0100_Short-term_Makokou__01443s__conf1.000.wav,20210222T110000,1443
Cernic__20210222T110000+0100_Short-term_Makokou__01444s__conf1.000.wav,20210222T110000,1444
Cernic__20210222T110000+0100_Short-term_Makokou__01445s__conf0.813.wav,20210222T110000,1445
Cernic__20210222T110000+0100_Short-term_Makokou__01446s__conf0.967.wav,20210222T110000,1446
Cernic__20210222T110000+0100_Short-term_Makokou__01451s__conf0.998.wav,20210222T110000,1451
Cernic__20210222T110000+0100_Short-term_Makokou__01452s__conf0.999.wav,20210222T110000,1452
Cernic__20210222T113000+0100_Short-term_Makokou__01098s__conf0.809.wav,20210222T113000,1098
Cernic__20210222T170000+0100_Short-term_Makokou__00427s__conf0.670.wav,20210222T170000,427
Cernic__20210222T183000+0100_Short-term_Makokou__01563s__conf0.823.wav,20210222T183000,1563
Cernic__20210222T183000+0100_Short-term_Makokou__01763s__conf0.678.wav,20210222T183000,1763
Cernic__20210222T190000+0100_Short-term_Makokou__00286s__conf0.912.wav,20210222T190000,286
Cernic__20210223T073000+0100_Short-term_Makokou__00856s__conf0.976.wav,20210223T073000,856
Cernic__20210223T073000+0100_Short-term_Makokou__00857s__conf0.975.wav,20210223T073000,857
Cernic__20210223T073000+0100_Short-term_Makokou__00859s__conf0.998.wav,20210223T073000,859
Cernic__20210223T073000+0100_Short-term_Makokou__00860s__conf0.991.wav,20210223T073000,860
Cernic__20210223T073000+0100_Short-term_Makokou__00874s__conf0.999.wav,20210223T073000,874
Cernic__20210223T073000+0100_Short-term_Makokou__00875s__conf0.907.wav,20210223T073000,875
Cernic__20210223T073000+0100_Short-term_Makokou__00904s__conf0.976.wav,20210223T073000,904
Cernic__20210223T073000+0100_Short-term_Makokou__00905s__conf0.988.wav,20210223T073000,905
Cernic__20210223T090000+0100_Short-term_Makokou__00804s__conf0.990.wav,20210223T090000,804
Cernic__20210223T090000+0100_Short-term_Makokou__00805s__conf0.659.wav,20210223T090000,805
Cernic__20210223T090000+0100_Short-term_Makokou__00806s__conf0.785.wav,20210223T090000,806
Cernic__20210223T090000+0100_Short-term_Makokou__00809s__conf0.585.wav,20210223T090000,809
Cernic__20210223T090000+0100_Short-term_Makokou__00810s__conf0.998.wav,20210223T090000,810
Cernic__20210223T090000+0100_Short-term_Makokou__00931s__conf0.994.wav,20210223T090000,931
Cernic__20210223T090000+0100_Short-term_Makokou__00932s__conf0.880.wav,20210223T090000,932
Cernic__20210223T170000+0100_Short-term_Makokou__00440s__conf0.695.wav,20210223T170000,440
Cernic__20210223T180000+0100_Short-term_Makokou__00633s__conf0.980.wav,20210223T180000,633
Cernic__20210223T180000+0100_Short-term_Makokou__00634s__conf0.553.wav,20210223T180000,634
Cernic__20210223T180000+0100_Short-term_Makokou__00672s__conf0.708.wav,20210223T180000,672
Cernic__20210223T180000+0100_Short-term_Makokou__00673s__conf0.953.wav,20210223T180000,673
Cernic__20210224T053000+0100_Short-term_Makokou__01260s__conf0.991.wav,20210224T053000,1260
Cernic__20210224T053000+0100_Short-term_Makokou__01261s__conf1.000.wav,20210224T053000,1261
Cernic__20210224T053000+0100_Short-term_Makokou__01262s__conf0.999.wav,20210224T053000,1262
Cernic__20210224T053000+0100_Short-term_Makokou__01263s__conf0.685.wav,20210224T053000,1263
Cernic__20210224T060000+0100_Short-term_Makokou__00861s__conf0.710.wav,20210224T060000,861
Cernic__20210224T060000+0100_Short-term_Makokou__01030s__conf0.990.wav,20210224T060000,1030
Cernic__20210224T060000+0100_Short-term_Makokou__01031s__conf1.000.wav,20210224T060000,1031
Cernic__20210224T060000+0100_Short-term_Makokou__01032s__conf1.000.wav,20210224T060000,1032
Cernic__20210224T083000+0100_Short-term_Makokou__01206s__conf0.991.wav,20210224T083000,1206
Cernic__20210224T083000+0100_Short-term_Makokou__01207s__conf0.986.wav,20210224T083000,1207
Cernic__20210224T083000+0100_Short-term_Makokou__01208s__conf1.000.wav,20210224T083000,1208
Cernic__20210224T083000+0100_Short-term_Makokou__01209s__conf1.000.wav,20210224T083000,1209
Cernic__20210224T083000+0100_Short-term_Makokou__01210s__conf1.000.wav,20210224T083000,1210
Cernic__20210224T083000+0100_Short-term_Makokou__01246s__conf1.000.wav,20210224T083000,1246
Cernic__20210224T083000+0100_Short-term_Makokou__01247s__conf1.000.wav,20210224T083000,1247
Cernic__20210224T083000+0100_Short-term_Makokou__01248s__conf0.972.wav,20210224T083000,1248
Cernic__20210224T083000+0100_Short-term_Makokou__01249s__conf0.991.wav,20210224T083000,1249
Cernic__20210224T083000+0100_Short-term_Makokou__01250s__conf1.000.wav,20210224T083000,1250
Cernic__20210224T083000+0100_Short-term_Makokou__01251s__conf1.000.wav,20210224T083000,1251
Cernic__20210224T123000+0100_Short-term_Makokou__01678s__conf0.760.wav,20210224T123000,1678
Cernic__20210224T123000+0100_Short-term_Makokou__01679s__conf0.949.wav,20210224T123000,1679
Cernic__20210224T130000+0100_Short-term_Makokou__00935s__conf0.568.wav,20210224T130000,935
Cernic__20210224T193000+0100_Short-term_Makokou__00689s__conf0.996.wav,20210224T193000,689
Cernic__20210225T003000+0100_Short-term_Makokou__01061s__conf0.870.wav,20210225T003000,1061
Cernic__20210225T103000+0100_Short-term_Makokou__00751s__conf0.989.wav,20210225T103000,751
Cernic__20210225T103000+0100_Short-term_Makokou__00752s__conf0.999.wav,20210225T103000,752
Cernic__20210225T103000+0100_Short-term_Makokou__00753s__conf0.998.wav,20210225T103000,753
Cernic__20210225T103000+0100_Short-term_Makokou__00754s__conf0.998.wav,20210225T103000,754
Cernic__20210225T103000+0100_Short-term_Makokou__00789s__conf0.965.wav,20210225T103000,789
Cernic__20210225T103000+0100_Short-term_Makokou__00791s__conf0.617.wav,20210225T103000,791
Cernic__20210225T133000+0100_Short-term_Makokou__00165s__conf0.967.wav,20210225T133000,165
Cernic__20210225T133000+0100_Short-term_Makokou__00166s__conf0.947.wav,20210225T133000,166
Cernic__20210225T133000+0100_Short-term_Makokou__00167s__conf0.983.wav,20210225T133000,167
Cernic__20210225T133000+0100_Short-term_Makokou__00168s__conf0.999.wav,20210225T133000,168
Cernic__20210225T133000+0100_Short-term_Makokou__00169s__conf0.967.wav,20210225T133000,169
Cernic__20210225T133000+0100_Short-term_Makokou__00174s__conf0.505.wav,20210225T133000,174
Cernic__20210225T133000+0100_Short-term_Makokou__00185s__conf0.803.wav,20210225T133000,185
Cernic__20210225T133000+0100_Short-term_Makokou__00186s__conf1.000.wav,20210225T133000,186
Cernic__20210225T133000+0100_Short-term_Makokou__00187s__conf0.905.wav,20210225T133000,187
Cernic__20210225T133000+0100_Short-term_Makokou__00188s__conf0.997.wav,20210225T133000,188
Cernic__20210225T133000+0100_Short-term_Makokou__00189s__conf0.992.wav,20210225T133000,189
Cernic__20210225T133000+0100_Short-term_Makokou__00190s__conf0.929.wav,20210225T133000,190
Cernic__20210225T133000+0100_Short-term_Makokou__00207s__conf0.922.wav,20210225T133000,207
Cernic__20210225T133000+0100_Short-term_Makokou__00209s__conf0.984.wav,20210225T133000,209
Cernic__20210225T133000+0100_Short-term_Makokou__00210s__conf0.985.wav,20210225T133000,210
Cernic__20210225T133000+0100_Short-term_Makokou__00218s__conf0.954.wav,20210225T133000,218
Cernic__20210225T133000+0100_Short-term_Makokou__00219s__conf0.969.wav,20210225T133000,219
Cernic__20210225T133000+0100_Short-term_Makokou__00229s__conf0.861.wav,20210225T133000,229
Cernic__20210225T150000+0100_Short-term_Makokou__00786s__conf0.896.wav,20210225T150000,786
Cernic__20210225T173000+0100_Short-term_Makokou__00957s__conf0.999.wav,20210225T173000,957
Cernic__20210225T173000+0100_Short-term_Makokou__00958s__conf1.000.wav,20210225T173000,958
Cernic__20210225T183000+0100_Short-term_Makokou__01011s__conf0.668.wav,20210225T183000,1011
Cernic__S20210222T055950030+0100_E20210222T062949906+0100___00059s__conf0.999.wav,20210222T055950,59
Cernic__S20210222T055950030+0100_E20210222T062949906+0100___00060s__conf1.000.wav,20210222T055950,60
Cernic__S20210222T055950030+0100_E20210222T062949906+0100___00061s__conf0.996.wav,20210222T055950,61
Cernic__S20210222T055950030+0100_E20210222T062949906+0100___00062s__conf0.932.wav,20210222T055950,62
Cernic__S20210222T055950030+0100_E20210222T062949906+0100___00063s__conf0.693.wav,20210222T055950,63
Cernic__S20210222T055950030+0100_E20210222T062949906+0100___00064s__conf0.997.wav,20210222T055950,64
Cernic__S20210222T055950030+0100_E20210222T062949906+0100___00065s__conf0.930.wav,20210222T055950,65
Cernic__S20210222T055950030+0100_E20210222T062949906+0100___00066s__conf0.984.wav,20210222T055950,66
Cernic__S20210222T055950030+0100_E20210222T062949906+0100___00067s__conf0.987.wav,20210222T055950,67
Cernic__S20210222T055950030+0100_E20210222T062949906+0100___00079s__conf0.994.wav,20210222T055950,79
Cernic__S20210222T055950030+0100_E20210222T062949906+0100___00080s__conf0.994.wav,20210222T055950,80
Cernic__S20210222T055950030+0100_E20210222T062949906+0100___00081s__conf0.999.wav,20210222T055950,81
Cernic__S20210222T055950030+0100_E20210222T062949906+0100___00082s__conf0.999.wav,20210222T055950,82
Cernic__S20210222T055950030+0100_E20210222T062949906+0100___00083s__conf0.997.wav,20210222T055950,83
Cernic__S20210222T055950030+0100_E20210222T062949906+0100___00090s__conf0.999.wav,20210222T055950,90
Cernic__S20210222T055950030+0100_E20210222T062949906+0100___00091s__conf1.000.wav,20210222T055950,91
Cernic__S20210222T055950030+0100_E20210222T062949906+0100___00099s__conf1.000.wav,20210222T055950,99
Cernic__S20210222T055950030+0100_E20210222T062949906+0100___00100s__conf1.000.wav,20210222T055950,100
Cernic__S20210222T055950030+0100_E20210222T062949906+0100___00101s__conf1.000.wav,20210222T055950,101
Cernic__S20210222T055950030+0100_E20210222T062949906+0100___00102s__conf1.000.wav,20210222T055950,102
Cernic__S20210222T055950030+0100_E20210222T062949906+0100___00103s__conf0.997.wav,20210222T055950,103
Cernic__S20210222T055950030+0100_E20210222T062949906+0100___00117s__conf1.000.wav,20210222T055950,117
Cernic__S20210222T055950030+0100_E20210222T062949906+0100___00118s__conf1.000.wav,20210222T055950,118
Cernic__S20210222T055950030+0100_E20210222T062949906+0100___00119s__conf1.000.wav,20210222T055950,119
Cernic__S20210222T055950030+0100_E20210222T062949906+0100___01409s__conf0.680.wav,20210222T055950,1409
Cernic__S20210222T095952835+0100_E20210222T102948246+0100___00845s__conf1.000.wav,20210222T095952,845
Cernic__S20210222T095952835+0100_E20210222T102948246+0100___00846s__conf1.000.wav,20210222T095952,846
Cernic__S20210222T095952835+0100_E20210222T102948246+0100___00847s__conf1.000.wav,20210222T095952,847
Cernic__S20210222T095952835+0100_E20210222T102948246+0100___00848s__conf1.000.wav,20210222T095952,848
Cernic__S20210222T095952835+0100_E20210222T102948246+0100___00849s__conf1.000.wav,20210222T095952,849
Cernic__S20210222T095952835+0100_E20210222T102948246+0100___00850s__conf1.000.wav,20210222T095952,850
Cernic__S20210222T095952835+0100_E20210222T102948246+0100___00851s__conf1.000.wav,20210222T095952,851
Cernic__S20210222T095952835+0100_E20210222T102948246+0100___00852s__conf1.000.wav,20210222T095952,852
Cernic__S20210222T095952835+0100_E20210222T102948246+0100___00853s__conf1.000.wav,20210222T095952,853
Cernic__S20210222T095952835+0100_E20210222T102948246+0100___00854s__conf1.000.wav,20210222T095952,854
Cernic__S20210222T095952835+0100_E20210222T102948246+0100___00855s__conf1.000.wav,20210222T095952,855
Cernic__S20210222T095952835+0100_E20210222T102948246+0100___00856s__conf0.999.wav,20210222T095952,856
Cernic__S20210222T095952835+0100_E20210222T102948246+0100___00858s__conf0.981.wav,20210222T095952,858
Cernic__S20210222T095952835+0100_E20210222T102948246+0100___00859s__conf0.992.wav,20210222T095952,859
Cernic__S20210222T095952835+0100_E20210222T102948246+0100___00860s__conf0.996.wav,20210222T095952,860
Cernic__S20210222T095952835+0100_E20210222T102948246+0100___00861s__conf1.000.wav,20210222T095952,861
Cernic__S20210222T095952835+0100_E20210222T102948246+0100___00862s__conf1.000.wav,20210222T095952,862
Cernic__S20210222T095952835+0100_E20210222T102948246+0100___00863s__conf1.000.wav,20210222T095952,863
Cernic__S20210222T095952835+0100_E20210222T102948246+0100___00864s__conf1.000.wav,20210222T095952,864
Cernic__S20210222T095952835+0100_E20210222T102948246+0100___00865s__conf1.000.wav,20210222T095952,865
Cernic__S20210222T095952835+0100_E20210222T102948246+0100___00870s__conf0.917.wav,20210222T095952,870
Cernic__S20210222T095952835+0100_E20210222T102948246+0100___00871s__conf0.998.wav,20210222T095952,871
Cernic__S20210222T095952835+0100_E20210222T102948246+0100___00872s__conf1.000.wav,20210222T095952,872
Cernic__S20210222T095952835+0100_E20210222T102948246+0100___00878s__conf1.000.wav,20210222T095952,878
Cernic__S20210222T095952835+0100_E20210222T102948246+0100___00879s__conf1.000.wav,20210222T095952,879
Cernic__S20210222T095952835+0100_E20210222T102948246+0100___00880s__conf1.000.wav,20210222T095952,880
Cernic__S20210222T095952835+0100_E20210222T102948246+0100___00881s__conf1.000.wav,20210222T095952,881
Cernic__S20210222T095952835+0100_E20210222T102948246+0100___00882s__conf1.000.wav,20210222T095952,882
Cernic__S20210222T095952835+0100_E20210222T102948246+0100___00883s__conf1.000.wav,20210222T095952,883
Cernic__S20210222T095952835+0100_E20210222T102948246+0100___00891s__conf0.890.wav,20210222T095952,891
Cernic__S20210222T095952835+0100_E20210222T102948246+0100___00892s__conf1.000.wav,20210222T095952,892
Cernic__S20210222T095952835+0100_E20210222T102948246+0100___00893s__conf1.000.wav,20210222T095952,893
Cernic__S20210222T095952835+0100_E20210222T102948246+0100___00894s__conf1.000.wav,20210222T095952,894
Cernic__S20210222T095952835+0100_E20210222T102948246+0100___00895s__conf1.000.wav,20210222T095952,895
Cernic__S20210222T095952835+0100_E20210222T102948246+0100___00905s__conf1.000.wav,20210222T095952,905
Cernic__S20210222T095952835+0100_E20210222T102948246+0100___00906s__conf1.000.wav,20210222T095952,906
Cernic__S20210222T095952835+0100_E20210222T102948246+0100___00907s__conf1.000.wav,20210222T095952,907
Cernic__S20210222T095952835+0100_E20210222T102948246+0100___00908s__conf1.000.wav,20210222T095952,908
Cernic__S20210222T095952835+0100_E20210222T102948246+0100___00922s__conf1.000.wav,20210222T095952,922
Cernic__S20210222T095952835+0100_E20210222T102948246+0100___00923s__conf1.000.wav,20210222T095952,923
Cernic__S20210222T095952835+0100_E20210222T102948246+0100___00924s__conf1.000.wav,20210222T095952,924
Cernic__S20210222T095952835+0100_E20210222T102948246+0100___00925s__conf1.000.wav,20210222T095952,925
Cernic__S20210222T095952835+0100_E20210222T102948246+0100___00926s__conf1.000.wav,20210222T095952,926
Cernic__S20210222T102950078+0100_E20210222T105948582+0100___00799s__conf1.000.wav,20210222T102950,799
Cernic__S20210222T102950078+0100_E20210222T105948582+0100___00800s__conf1.000.wav,20210222T102950,800
Cernic__S20210222T102950078+0100_E20210222T105948582+0100___00801s__conf1.000.wav,20210222T102950,801
Cernic__S20210222T102950078+0100_E20210222T105948582+0100___00802s__conf1.000.wav,20210222T102950,802
Cernic__S20210222T102950078+0100_E20210222T105948582+0100___00803s__conf1.000.wav,20210222T102950,803
Cernic__S20210222T102950078+0100_E20210222T105948582+0100___00804s__conf1.000.wav,20210222T102950,804
Cernic__S20210222T102950078+0100_E20210222T105948582+0100___00805s__conf1.000.wav,20210222T102950,805
Cernic__S20210222T102950078+0100_E20210222T105948582+0100___00806s__conf1.000.wav,20210222T102950,806
Cernic__S20210222T102950078+0100_E20210222T105948582+0100___00807s__conf1.000.wav,20210222T102950,807
Cernic__S20210222T102950078+0100_E20210222T105948582+0100___00808s__conf1.000.wav,20210222T102950,808
Cernic__S20210222T102950078+0100_E20210222T105948582+0100___00809s__conf1.000.wav,20210222T102950,809
Cernic__S20210222T102950078+0100_E20210222T105948582+0100___00810s__conf1.000.wav,20210222T102950,810
Cernic__S20210222T102950078+0100_E20210222T105948582+0100___00811s__conf1.000.wav,20210222T102950,811
Cernic__S20210222T102950078+0100_E20210222T105948582+0100___00812s__conf1.000.wav,20210222T102950,812
Cernic__S20210222T102950078+0100_E20210222T105948582+0100___00813s__conf1.000.wav,20210222T102950,813
Cernic__S20210222T102950078+0100_E20210222T105948582+0100___00825s__conf1.000.wav,20210222T102950,825
Cernic__S20210222T102950078+0100_E20210222T105948582+0100___00826s__conf1.000.wav,20210222T102950,826
Cernic__S20210222T102950078+0100_E20210222T105948582+0100___00827s__conf1.000.wav,20210222T102950,827
Cernic__S20210222T102950078+0100_E20210222T105948582+0100___00828s__conf1.000.wav,20210222T102950,828
Cernic__S20210222T102950078+0100_E20210222T105948582+0100___00835s__conf0.999.wav,20210222T102950,835
Cernic__S20210222T102950078+0100_E20210222T105948582+0100___00836s__conf1.000.wav,20210222T102950,836
Cernic__S20210222T102950078+0100_E20210222T105948582+0100___00837s__conf1.000.wav,20210222T102950,837
Cernic__S20210222T102950078+0100_E20210222T105948582+0100___00838s__conf1.000.wav,20210222T102950,838
Cernic__S20210222T102950078+0100_E20210222T105948582+0100___00839s__conf1.000.wav,20210222T102950,839
Cernic__S20210222T102950078+0100_E20210222T105948582+0100___00853s__conf0.989.wav,20210222T102950,853
Cernic__S20210222T102950078+0100_E20210222T105948582+0100___00854s__conf0.999.wav,20210222T102950,854
Cernic__S20210222T102950078+0100_E20210222T105948582+0100___00855s__conf0.998.wav,20210222T102950,855
Cernic__S20210222T102950078+0100_E20210222T105948582+0100___00867s__conf1.000.wav,20210222T102950,867
Cernic__S20210222T102950078+0100_E20210222T105948582+0100___00868s__conf1.000.wav,20210222T102950,868
Cernic__S20210222T102950078+0100_E20210222T105948582+0100___00869s__conf1.000.wav,20210222T102950,869
Cernic__S20210222T102950078+0100_E20210222T105948582+0100___00870s__conf1.000.wav,20210222T102950,870
Cernic__S20210222T102950078+0100_E20210222T105948582+0100___01071s__conf0.999.wav,20210222T102950,1071
Cernic__S20210222T102950078+0100_E20210222T105948582+0100___01477s__conf0.679.wav,20210222T102950,1477
Cernic__S20210222T102950078+0100_E20210222T105948582+0100___01478s__conf0.924.wav,20210222T102950,1478
Cernic__S20210222T105950456+0100_E20210222T112948495+0100___00242s__conf0.632.wav,20210222T105950,242
Cernic__S20210222T105950456+0100_E20210222T112948495+0100___00310s__conf0.992.wav,20210222T105950,310
Cernic__S20210222T105950456+0100_E20210222T112948495+0100___00342s__conf0.900.wav,20210222T105950,342
Cernic__S20210222T105950456+0100_E20210222T112948495+0100___00442s__conf0.830.wav,20210222T105950,442
Cernic__S20210222T105950456+0100_E20210222T112948495+0100___00823s__conf0.981.wav,20210222T105950,823
Cernic__S20210222T105950456+0100_E20210222T112948495+0100___00843s__conf0.837.wav,20210222T105950,843
Cernic__S20210222T105950456+0100_E20210222T112948495+0100___00856s__conf0.962.wav,20210222T105950,856
Cernic__S20210222T105950456+0100_E20210222T112948495+0100___00857s__conf0.631.wav,20210222T105950,857
Cernic__S20210222T105950456+0100_E20210222T112948495+0100___01052s__conf0.566.wav,20210222T105950,1052
Cernic__S20210222T105950456+0100_E20210222T112948495+0100___01485s__conf0.757.wav,20210222T105950,1485
Cernic__S20210222T105950456+0100_E20210222T112948495+0100___01589s__conf0.558.wav,20210222T105950,1589
Cernic__S20210222T105950456+0100_E20210222T112948495+0100___01590s__conf0.626.wav,20210222T105950,1590
Cernic__S20210222T105950456+0100_E20210222T112948495+0100___01618s__conf0.996.wav,20210222T105950,1618
Cernic__S20210222T105950456+0100_E20210222T112948495+0100___01673s__conf0.855.wav,20210222T105950,1673
Cernic__S20210222T105950456+0100_E20210222T112948495+0100___01690s__conf0.972.wav,20210222T105950,1690
Cernic__S20210222T105950456+0100_E20210222T112948495+0100___01718s__conf0.981.wav,20210222T105950,1718
Cernic__S20210222T105950456+0100_E20210222T112948495+0100___01792s__conf0.504.wav,20210222T105950,1792
Cernic__S20210222T112950706+0100_E20210222T115947745+0100___00002s__conf0.698.wav,20210222T112950,2
Cernic__S20210222T112950706+0100_E20210222T115947745+0100___00011s__conf0.841.wav,20210222T112950,11
Cernic__S20210222T112950706+0100_E20210222T115947745+0100___00144s__conf0.800.wav,20210222T112950,144
Cernic__S20210222T112950706+0100_E20210222T115947745+0100___00145s__conf0.700.wav,20210222T112950,145
Cernic__S20210222T112950706+0100_E20210222T115947745+0100___00919s__conf0.938.wav,20210222T112950,919
Cernic__S20210222T112950706+0100_E20210222T115947745+0100___01088s__conf0.828.wav,20210222T112950,1088
Cernic__S20210222T112950706+0100_E20210222T115947745+0100___01099s__conf0.915.wav,20210222T112950,1099
Cernic__S20210222T112950706+0100_E20210222T115947745+0100___01100s__conf0.570.wav,20210222T112950,1100
Cernic__S20210222T112950706+0100_E20210222T115947745+0100___01118s__conf0.963.wav,20210222T112950,1118
Cernic__S20210222T112950706+0100_E20210222T115947745+0100___01134s__conf0.571.wav,20210222T112950,1134
Cernic__S20210222T112950706+0100_E20210222T115947745+0100___01149s__conf0.689.wav,20210222T112950,1149
Cernic__S20210222T112950706+0100_E20210222T115947745+0100___01174s__conf0.961.wav,20210222T112950,1174
Cernic__S20210222T112950706+0100_E20210222T115947745+0100___01247s__conf0.610.wav,20210222T112950,1247
Cernic__S20210222T112950706+0100_E20210222T115947745+0100___01419s__conf0.920.wav,20210222T112950,1419
Cernic__S20210222T112950706+0100_E20210222T115947745+0100___01506s__conf0.978.wav,20210222T112950,1506
Cernic__S20210222T112950706+0100_E20210222T115947745+0100___01507s__conf0.755.wav,20210222T112950,1507
Cernic__S20210222T112950706+0100_E20210222T115947745+0100___01609s__conf0.814.wav,20210222T112950,1609
Cernic__S20210222T112950706+0100_E20210222T115947745+0100___01657s__conf0.999.wav,20210222T112950,1657
Cernic__S20210222T132949745+0100_E20210222T135947785+0100___01144s__conf0.546.wav,20210222T132949,1144
Cernic__S20210222T135949362+0100_E20210222T142947587+0100___01539s__conf0.526.wav,20210222T135949,1539
Cernic__S20210222T152950129+0100_E20210222T155947169+0100___00895s__conf1.000.wav,20210222T152950,895
Cernic__S20210222T152950129+0100_E20210222T155947169+0100___00896s__conf1.000.wav,20210222T152950,896
Cernic__S20210222T152950129+0100_E20210222T155947169+0100___00897s__conf1.000.wav,20210222T152950,897
Cernic__S20210222T152950129+0100_E20210222T155947169+0100___00898s__conf1.000.wav,20210222T152950,898
Cernic__S20210222T152950129+0100_E20210222T155947169+0100___00899s__conf0.999.wav,20210222T152950,899
Cernic__S20210222T152950129+0100_E20210222T155947169+0100___00900s__conf0.998.wav,20210222T152950,900
Cernic__S20210222T152950129+0100_E20210222T155947169+0100___00901s__conf0.986.wav,20210222T152950,901
Cernic__S20210222T152950129+0100_E20210222T155947169+0100___00902s__conf0.927.wav,20210222T152950,902
Cernic__S20210222T152950129+0100_E20210222T155947169+0100___00903s__conf1.000.wav,20210222T152950,903
Cernic__S20210222T152950129+0100_E20210222T155947169+0100___00904s__conf1.000.wav,20210222T152950,904
Cernic__S20210222T152950129+0100_E20210222T155947169+0100___00905s__conf1.000.wav,20210222T152950,905
Cernic__S20210222T152950129+0100_E20210222T155947169+0100___00912s__conf0.995.wav,20210222T152950,912
Cernic__S20210222T152950129+0100_E20210222T155947169+0100___00913s__conf0.999.wav,20210222T152950,913
Cernic__S20210222T152950129+0100_E20210222T155947169+0100___00914s__conf1.000.wav,20210222T152950,914
Cernic__S20210222T152950129+0100_E20210222T155947169+0100___00915s__conf1.000.wav,20210222T152950,915
Cernic__S20210222T152950129+0100_E20210222T155947169+0100___00916s__conf0.999.wav,20210222T152950,916
Cernic__S20210222T152950129+0100_E20210222T155947169+0100___00930s__conf0.999.wav,20210222T152950,930
Cernic__S20210222T152950129+0100_E20210222T155947169+0100___00931s__conf0.999.wav,20210222T152950,931
Cernic__S20210222T152950129+0100_E20210222T155947169+0100___00944s__conf1.000.wav,20210222T152950,944
Cernic__S20210222T152950129+0100_E20210222T155947169+0100___00945s__conf1.000.wav,20210222T152950,945
Cernic__S20210222T152950129+0100_E20210222T155947169+0100___00946s__conf1.000.wav,20210222T152950,946
Cernic__S20210222T152950129+0100_E20210222T155947169+0100___00947s__conf1.000.wav,20210222T152950,947
Cernic__S20210222T152950129+0100_E20210222T155947169+0100___00968s__conf0.996.wav,20210222T152950,968
Cernic__S20210222T165952231+0100_E20210222T172947271+0100___00877s__conf0.996.wav,20210222T165952,877
Cernic__S20210222T172952034+0100_E20210222T175947074+0100___00378s__conf0.517.wav,20210222T172952,378
Cernic__S20210223T032948458+0100_E20210223T035947125+0100___00244s__conf0.941.wav,20210223T032948,244
Cernic__S20210223T032948458+0100_E20210223T035947125+0100___00460s__conf0.883.wav,20210223T032948,460
Cernic__S20210223T032948458+0100_E20210223T035947125+0100___00461s__conf0.695.wav,20210223T032948,461
Cernic__S20210223T032948458+0100_E20210223T035947125+0100___01258s__conf0.941.wav,20210223T032948,1258
Cernic__S20210223T032948458+0100_E20210223T035947125+0100___01259s__conf0.976.wav,20210223T032948,1259
Cernic__S20210223T122947269+0100_E20210223T125945565+0100___01007s__conf0.584.wav,20210223T122947,1007
Cernic__S20210223T122947269+0100_E20210223T125945565+0100___01008s__conf0.898.wav,20210223T122947,1008
Cernic__S20210223T165946426+0100_E20210223T172944745+0100___01404s__conf0.977.wav,20210223T165946,1404
Cernic__S20210223T172946086+0100_E20210223T175944104+0100___00052s__conf0.992.wav,20210223T172946,52
Cernic__S20210223T172946086+0100_E20210223T175944104+0100___00053s__conf0.999.wav,20210223T172946,53
Cernic__S20210223T172946086+0100_E20210223T175944104+0100___00119s__conf0.672.wav,20210223T172946,119
Cernic__S20210223T172946086+0100_E20210223T175944104+0100___00120s__conf0.690.wav,20210223T172946,120
Cernic__S20210223T172946086+0100_E20210223T175944104+0100___00122s__conf0.949.wav,20210223T172946,122
Cernic__S20210223T172946086+0100_E20210223T175944104+0100___00736s__conf0.587.wav,20210223T172946,736
Cernic__S20210223T172946086+0100_E20210223T175944104+0100___00737s__conf0.651.wav,20210223T172946,737
Cernic__S20210223T172946086+0100_E20210223T175944104+0100___00909s__conf0.776.wav,20210223T172946,909
Cernic__S20210223T175945306+0100_E20210223T182944346+0100___00127s__conf0.815.wav,20210223T175945,127
Cernic__S20210223T182946445+0100_E20210223T185944485+0100___00602s__conf1.000.wav,20210223T182946,602
Cernic__S20210223T182946445+0100_E20210223T185944485+0100___00603s__conf1.000.wav,20210223T182946,603
Cernic__S20210223T182946445+0100_E20210223T185944485+0100___00604s__conf0.999.wav,20210223T182946,604
Cernic__S20210223T182946445+0100_E20210223T185944485+0100___00605s__conf1.000.wav,20210223T182946,605
Cernic__S20210223T182946445+0100_E20210223T185944485+0100___00606s__conf1.000.wav,20210223T182946,606
Cernic__S20210223T182946445+0100_E20210223T185944485+0100___00607s__conf1.000.wav,20210223T182946,607
Cernic__S20210223T182946445+0100_E20210223T185944485+0100___00608s__conf0.982.wav,20210223T182946,608
Cernic__S20210223T182946445+0100_E20210223T185944485+0100___00609s__conf0.986.wav,20210223T182946,609
Cernic__S20210223T182946445+0100_E20210223T185944485+0100___00610s__conf0.999.wav,20210223T182946,610
Cernic__S20210223T182946445+0100_E20210223T185944485+0100___00611s__conf0.991.wav,20210223T182946,611
Cernic__S20210223T182946445+0100_E20210223T185944485+0100___00612s__conf0.931.wav,20210223T182946,612
Cernic__S20210223T182946445+0100_E20210223T185944485+0100___00617s__conf1.000.wav,20210223T182946,617
Cernic__S20210223T182946445+0100_E20210223T185944485+0100___00618s__conf0.994.wav,20210223T182946,618
Cernic__S20210223T182946445+0100_E20210223T185944485+0100___00619s__conf0.989.wav,20210223T182946,619
Cernic__S20210223T185945879+0100_E20210223T192944269+0100___00659s__conf0.715.wav,20210223T185945,659
Cernic__S20210223T185945879+0100_E20210223T192944269+0100___00660s__conf0.903.wav,20210223T185945,660
Cernic__S20210223T195945328+0100_E20210223T202944925+0100___00363s__conf0.586.wav,20210223T195945,363
Cernic__S20210223T235945775+0100_E20210224T002943792+0100___00556s__conf0.996.wav,20210223T235945,556
Cernic__S20210224T022954030+0100_E20210224T025943589+0100___00050s__conf0.960.wav,20210224T022954,50
Cernic__S20210224T025945661+0100_E20210224T032944985+0100___00729s__conf0.971.wav,20210224T025945,729
Cernic__S20210224T085944006+0100_E20210224T092942959+0100___00079s__conf1.000.wav,20210224T085944,79
Cernic__S20210224T085944006+0100_E20210224T092942959+0100___00080s__conf0.999.wav,20210224T085944,80
Cernic__S20210224T095944565+0100_E20210224T102943496+0100___00347s__conf0.919.wav,20210224T095944,347
Cernic__S20210224T095944565+0100_E20210224T102943496+0100___00954s__conf0.931.wav,20210224T095944,954
Cernic__S20210224T095944565+0100_E20210224T102943496+0100___00955s__conf0.999.wav,20210224T095944,955
Cernic__S20210224T095944565+0100_E20210224T102943496+0100___00956s__conf0.980.wav,20210224T095944,956
Cernic__S20210224T095944565+0100_E20210224T102943496+0100___00957s__conf0.850.wav,20210224T095944,957
Cernic__S20210224T115944771+0100_E20210224T122941752+0100___01388s__conf0.944.wav,20210224T115944,1388
Cernic__S20210224T115944771+0100_E20210224T122941752+0100___01389s__conf0.911.wav,20210224T115944,1389
Cernic__S20210224T132944038+0100_E20210224T135942692+0100___00394s__conf0.644.wav,20210224T132944,394
Cernic__S20210224T132944038+0100_E20210224T135942692+0100___00395s__conf0.945.wav,20210224T132944,395
Cernic__S20210224T165942972+0100_E20210224T172941975+0100___00256s__conf0.955.wav,20210224T165942,256
Cernic__S20210224T165942972+0100_E20210224T172941975+0100___00567s__conf0.763.wav,20210224T165942,567
Cernic__S20210224T172943044+0100_E20210224T175942047+0100___00451s__conf0.733.wav,20210224T172943,451
Cernic__S20210224T172943044+0100_E20210224T175942047+0100___00502s__conf0.596.wav,20210224T172943,502
Cernic__S20210224T172943044+0100_E20210224T175942047+0100___00644s__conf0.989.wav,20210224T172943,644
Cernic__S20210224T172943044+0100_E20210224T175942047+0100___00647s__conf0.828.wav,20210224T172943,647
Cernic__S20210224T172943044+0100_E20210224T175942047+0100___00648s__conf0.934.wav,20210224T172943,648
Cernic__S20210224T172943044+0100_E20210224T175942047+0100___00649s__conf1.000.wav,20210224T172943,649
Cernic__S20210224T172943044+0100_E20210224T175942047+0100___00650s__conf1.000.wav,20210224T172943,650
Cernic__S20210224T172943044+0100_E20210224T175942047+0100___00652s__conf0.999.wav,20210224T172943,652
Cernic__S20210224T172943044+0100_E20210224T175942047+0100___00653s__conf0.999.wav,20210224T172943,653
Cernic__S20210224T172943044+0100_E20210224T175942047+0100___00656s__conf0.999.wav,20210224T172943,656
Cernic__S20210224T172943044+0100_E20210224T175942047+0100___00685s__conf0.839.wav,20210224T172943,685
Cernic__S20210224T172943044+0100_E20210224T175942047+0100___00686s__conf0.986.wav,20210224T172943,686
Cernic__S20210224T172943044+0100_E20210224T175942047+0100___00719s__conf0.501.wav,20210224T172943,719
Cernic__S20210224T172943044+0100_E20210224T175942047+0100___01331s__conf0.840.wav,20210224T172943,1331
Cernic__S20210224T172943044+0100_E20210224T175942047+0100___01697s__conf0.685.wav,20210224T172943,1697
Cernic__S20210224T175943100+0100_E20210224T182941082+0100___00113s__conf0.577.wav,20210224T175943,113
Cernic__S20210225T012952603+0100_E20210225T015940956+0100___00888s__conf0.719.wav,20210225T012952,888
Cernic__S20210225T022943073+0100_E20210225T025943004+0100___00645s__conf0.597.wav,20210225T022943,645
Cernic__S20210225T075942690+0100_E20210225T082939556+0100___00760s__conf0.805.wav,20210225T075942,760
Cernic__S20210225T075942690+0100_E20210225T082939556+0100___00844s__conf1.000.wav,20210225T075942,844
Cernic__S20210225T075942690+0100_E20210225T082939556+0100___00845s__conf0.997.wav,20210225T075942,845
Cernic__S20210225T075942690+0100_E20210225T082939556+0100___00850s__conf0.998.wav,20210225T075942,850
Cernic__S20210225T075942690+0100_E20210225T082939556+0100___00851s__conf0.997.wav,20210225T075942,851
Cernic__S20210225T082941604+0100_E20210225T085939584+0100___00309s__conf0.851.wav,20210225T082941,309
Cernic__S20210225T092940984+0100_E20210225T095940428+0100___00268s__conf0.644.wav,20210225T092940,268
Cernic__S20210225T102942207+0100_E20210225T105939795+0100___00318s__conf0.919.wav,20210225T102942,318
Cernic__S20210225T142941155+0100_E20210225T145939765+0100___01641s__conf0.515.wav,20210225T142941,1641
Cernic__S20210225T152942038+0100_E20210225T155939998+0100___01225s__conf0.525.wav,20210225T152942,1225
Cernic__S20210225T162940257+0100_E20210225T165939238+0100___01181s__conf0.792.wav,20210225T162940,1181
Cernic__S20210225T162940257+0100_E20210225T165939238+0100___01188s__conf0.869.wav,20210225T162940,1188
Cernic__S20210225T162940257+0100_E20210225T165939238+0100___01194s__conf0.896.wav,20210225T162940,1194
Cernic__S20210225T162940257+0100_E20210225T165939238+0100___01195s__conf0.936.wav,20210225T162940,1195
Cernic__S20210225T162940257+0100_E20210225T165939238+0100___01196s__conf0.859.wav,20210225T162940,1196
Cernic__S20210225T162940257+0100_E20210225T165939238+0100___01197s__conf0.607.wav,20210225T162940,1197
Cernic__S20210225T162940257+0100_E20210225T165939238+0100___01206s__conf0.964.wav,20210225T162940,1206
Cernic__S20210225T162940257+0100_E20210225T165939238+0100___01207s__conf0.885.wav,20210225T162940,1207
Cernic__S20210225T162940257+0100_E20210225T165939238+0100___01208s__conf0.951.wav,20210225T162940,1208
Cernic__S20210225T162940257+0100_E20210225T165939238+0100___01209s__conf0.857.wav,20210225T162940,1209
Cernic__S20210225T162940257+0100_E20210225T165939238+0100___01226s__conf0.978.wav,20210225T162940,1226
Cernic__S20210225T162940257+0100_E20210225T165939238+0100___01227s__conf0.999.wav,20210225T162940,1227
Cernic__S20210225T162940257+0100_E20210225T165939238+0100___01228s__conf0.992.wav,20210225T162940,1228
Cernic__S20210225T162940257+0100_E20210225T165939238+0100___01229s__conf0.945.wav,20210225T162940,1229
Cernic__S20210225T162940257+0100_E20210225T165939238+0100___01230s__conf0.583.wav,20210225T162940,1230
Cernic__S20210225T162940257+0100_E20210225T165939238+0100___01246s__conf0.981.wav,20210225T162940,1246
Cernic__S20210225T162940257+0100_E20210225T165939238+0100___01247s__conf0.859.wav,20210225T162940,1247
Cernic__S20210225T162940257+0100_E20210225T165939238+0100___01263s__conf1.000.wav,20210225T162940,1263
Cernic__S20210225T162940257+0100_E20210225T165939238+0100___01264s__conf0.998.wav,20210225T162940,1264
Cernic__S20210225T162940257+0100_E20210225T165939238+0100___01265s__conf1.000.wav,20210225T162940,1265
Cernic__S20210225T162940257+0100_E20210225T165939238+0100___01266s__conf1.000.wav,20210225T162940,1266
Cernic__S20210225T165951852+0100_E20210225T172938819+0100___01265s__conf0.976.wav,20210225T165951,1265
Cernic__S20210225T165951852+0100_E20210225T172938819+0100___01303s__conf0.717.wav,20210225T165951,1303
Cernic__S20210225T165951852+0100_E20210225T172938819+0100___01304s__conf0.781.wav,20210225T165951,1304
Cernic__S20210225T165951852+0100_E20210225T172938819+0100___01474s__conf0.797.wav,20210225T165951,1474
Cernic__S20210225T172951510+0100_E20210225T175938564+0100___00522s__conf0.971.wav,20210225T172951,522
Cernic__S20210225T182940456+0100_E20210225T185938415+0100___00248s__conf0.953.wav,20210225T182940,248
Cernic__S20210225T182940456+0100_E20210225T185938415+0100___00249s__conf0.982.wav,20210225T182940,249
